battery_id,cycle,capacity_Ah,max_voltage_V,min_voltage_V,mean_voltage_V,max_current_A,min_current_A,mean_current_A,max_temperature_C,min_temperature_C,mean_temperature_C,discharge_time_s,soh,rul,rated_capacity_Ah
B0005,1,1.8564874208181568,4.191491807505295,2.612467347907089,3.52982866886934,0.0007285852728454,-2.0180146876333027,-1.8187019641679727,38.98218133148803,24.325993424022467,32.572328114029,3690.234,1.0115874974613583,167,1.8352217929513044
B0005,2,1.846327249719927,4.189773213846608,2.587208728940726,3.5373201277859714,0.0029274033590803,-2.016820542901454,-1.817559850661287,39.03339796678704,24.685948163596,32.72523522519307,3672.344,1.0060512886296775,166,1.8352217929513044
B0005,3,1.835349194223408,4.188186735991303,2.65191689384378,3.5437367282719,0.001483676365228,-2.016573862170142,-1.816486541884096,38.81879668981741,24.7342661639544,32.64286193755933,3651.641,1.0000694200954854,165,1.8352217929513044
B0005,4,1.8352625275821128,4.188461118855572,2.592947964776547,3.5436661072601456,0.0015470119527235,-2.0159359571668354,-1.8255891938692528,38.7623045063458,24.65224374129252,32.51487646204882,3631.563,1.000022196026096,164,1.8352217929513044
B0005,5,1.8346455082120416,4.188298524761055,2.547419651124539,3.5423432526672167,0.0017014548245034,-2.017425579158831,-1.8261139590277584,38.66539257343368,24.518700434435164,32.38234901543077,3629.172,0.999685986325208,163,1.8352217929513044
B0005,6,1.8356616600675493,4.188815807948604,2.5209480504077413,3.541334734634757,0.0024899497555445,-2.0162347618032066,-1.8168108743168805,38.75169504640032,24.51442664842638,32.43418218230641,3652.281,1.0002396806303926,162,1.8352217929513044
B0005,7,1.8351461429226603,4.18839163793879,2.487927319492314,3.541025049507521,0.0023142958827398,-2.01583310669507,-1.816791144707133,38.8207012322275,24.575581239008407,32.480416444757985,3650.828,0.9999587788086788,161,1.8352217929513044
B0005,8,1.8257567905665533,4.188927891511958,2.665204904745877,3.554133296801584,0.0022276160569156,-2.0166395518034546,-1.844341212075406,38.51713023385634,24.71132429046902,32.41046186109587,3572.453,0.9948425839203174,160,1.8352217929513044
B0005,9,1.8247738529891333,4.189029250882121,2.603858472633368,3.5529355991467955,0.0054010283210214,-2.018357230695621,-1.853972745505648,38.526267904657,24.628487294051176,32.3461408313,3550.594,0.9943069878516596,159,1.8352217929513044
B0005,10,1.824613268496936,4.189223427076418,2.552853984885676,3.5512057319377,0.0030191479674457,-2.016071837814984,-1.853589933851096,38.52698128472781,24.561560340089137,32.27679750791685,3551.25,0.9942194864429392,158,1.8352217929513044
B0005,11,1.8246195526864504,4.188916055911241,2.472448301852732,3.549292319740949,0.0026264001899385,-2.0160713863396573,-1.863380178294828,38.54143406601644,24.43128509546442,32.15709350345252,3530.25,0.9942229106554996,157,1.8352217929513044
B0005,12,1.814201935767392,4.189876247266316,2.64956413267546,3.559759220648976,0.0023645237017673,-2.016851865845563,-1.872968810287894,38.52197451768004,24.74037188089418,32.36407129853099,3491.016,0.988546421329212,156,1.8352217929513044
B0005,13,1.8137521577549047,4.189286794768804,2.5724981777366227,3.558081969139198,0.001858378552761,-2.016393908986775,-1.8826095043160835,38.582485834057856,24.73310769931152,32.3181954403762,3470.281,0.9883013403181788,155,1.8352217929513044
B0005,14,1.8134404914735824,4.188837765892728,2.5249886697730286,3.555692244172496,0.0022664654273509,-2.0158117255163046,-1.882536787636365,38.52029413487392,24.44798340505406,32.15709029211502,3470.0,0.9881315154596684,154,1.8352217929513044
B0005,15,1.8025980036306504,4.189110301768517,2.694621861688723,3.562746818017503,0.0013199464372558,-2.0193509920362724,-1.8817935155260213,38.21358592965045,24.46309712112356,32.04407000314609,3450.297,0.9822235168272548,153,1.8352217929513044
B0005,16,1.80210690024615,4.18921207304098,2.64010141737067,3.5614521756489204,0.0030782527761262,-2.0164420273602586,-1.8921861285036712,38.1983618706913,24.32051139249706,31.93159367491153,3429.407,0.98195591789922,152,1.8352217929513044
B0005,17,1.802579500826209,4.188899969428112,2.573903509838096,3.5603420474985823,0.00090184864654,-2.016465255161054,-1.9027629207037409,38.31926916027133,24.357321702352365,31.941655359029298,3409.484,0.9822134347736784,151,1.8352217929513044
B0005,18,1.8030683142834096,4.188779799856791,2.4942396831720126,3.5591189041401865,-0.0004481239748701,-2.0181069603406625,-1.913347060582244,38.4787542519308,24.382419922756025,31.965008645476725,3390.422,0.982479785935744,150,1.8352217929513044
B0005,19,1.802777624719604,4.189272591516219,2.4556793246645583,3.557886771846508,0.0023375587090041,-2.0170254305215485,-1.9131602105481536,38.54659017774874,24.355030419469987,31.966241678512723,3390.281,0.9823213911493904,149,1.8352217929513044
B0005,20,1.8470259949329195,4.187614060563439,2.632142800798914,3.5520375235511907,0.0059551658046401,-2.01684718332263,-1.8553455745575973,38.44749852224995,24.54942444728521,32.37143341978575,3591.734,1.006432030192183,148,1.8352217929513044
B0005,21,1.847417311283644,4.187628781108399,2.5027764692056795,3.5525668436897124,0.0016182635202416,-2.016190951623346,-1.8746995273150973,38.992275791716615,24.917503693363493,32.70024990461686,3552.297,1.0066452558372945,147,1.8352217929513044
B0005,22,1.8361774213478947,4.187447226312926,2.617507742871704,3.556794038327039,0.0025192157843694,-2.016760348146938,-1.873827212788385,38.51424197364312,24.56596639952811,32.32266411829938,3531.578,1.0005207154798732,146,1.8352217929513044
B0005,23,1.825780747577624,4.187344026387161,2.694074478000972,3.5614100044534203,0.0037933120349866,-2.0160230713598764,-1.883193546754683,38.165816144899125,24.21658146702539,31.98795810666763,3492.907,0.9948556379343676,145,1.8352217929513044
B0005,24,1.8251136435078368,4.187438187636325,2.6237674644021887,3.556610794781798,0.0034388887386759,-2.01719076462715,-1.873239184822504,38.16526203587147,24.05499065781757,31.894456524691385,3511.594,0.994492137417782,144,1.8352217929513044
B0005,25,1.825581504220376,4.18774138117799,2.5010798299873738,3.5586742170266272,0.0012614422239159,-2.016114862565665,-1.9139593751505897,38.27549578575718,24.024851602995685,31.78039681801023,3431.9370000000054,0.9947470715703384,143,1.8352217929513044
B0005,26,1.814031127508391,4.188261122540052,2.68499881852498,3.564103182686905,0.0031353992245556,-2.016863630474281,-1.9030532722310995,37.98216079918311,23.93622764909489,31.688747146342205,3431.125,0.9884533490587882,142,1.8352217929513044
B0005,27,1.8147691941158937,4.187338767288234,2.547109116468133,3.559588063594272,0.0011043615738374,-2.024643671910137,-1.913459074224792,38.11100191887773,23.811534187517506,31.59674799256916,3412.406,0.9888555165844451,141,1.8352217929513044
B0005,28,1.813969388710352,4.187560306288175,2.471314764334132,3.556833231052199,-3.060676830687782e-05,-2.017291134571006,-1.913620909902553,38.18831137948753,23.754765330883423,31.56558649878708,3410.688,0.9884197080033714,140,1.8352217929513044
B0005,29,1.802765665167823,4.18805176248713,2.6613903306108773,3.5624410850948944,0.0037901043107805,-2.01713712589233,-1.902581974571906,37.99854111908584,23.79410930748377,31.59124667045208,3410.718,0.9823148744701384,139,1.8352217929513044
B0005,30,1.804077040117352,4.187667484260542,2.541762355407921,3.5591407106855666,0.0006901740069088,-2.015946028510057,-1.9130621638638965,38.194201649765226,23.80130098691845,31.603485399391182,3392.719,0.9830294338517706,138,1.8352217929513044
B0005,31,1.8518025516704488,4.2010701773378685,2.628919415830567,3.5573161327793144,0.0008475435827522,-2.0167372379007014,-1.920618117118412,38.45796400011448,23.78129749955371,31.91556385491565,3470.672,1.0090347438019904,137,1.8352217929513044
B0005,32,1.8307038456739428,4.1996223345495824,2.6312552691827045,3.561870782772737,0.0011650883880798,-2.0183057226929555,-1.9298830859597569,38.49126351534004,24.2036410699716,32.081128118597164,3414.109,0.9975382009440418,136,1.8352217929513044
B0005,33,1.8199041089501269,4.199853323702163,2.654880745360911,3.5617586337260088,0.0019472390588109,-2.016579511976592,-1.929300528480541,38.31473393357882,24.00078927251757,31.849792632896243,3395.219,0.9916534971086276,135,1.8352217929513044
B0005,34,1.809307963702852,4.199103467081427,2.6749688422803803,3.5597307651083123,0.0018372947715281,-2.0193879194408373,-1.923330987770314,37.861934640176806,23.53999092882516,31.465690433362017,3386.0,0.9858797288981735,134,1.8352217929513044
B0005,35,1.80460990458052,4.199998536865001,2.6159705726789904,3.5575937553540915,0.0074961910680886,-2.015814483813837,-1.9284469980320087,37.90665575786083,23.56609574757256,31.40934895665031,3368.187,0.98331978811043,133,1.8352217929513044
B0005,36,1.7993770651972192,4.19967522099872,2.658447162110498,3.5597237883937995,0.0013923748862999,-2.019901495893039,-1.9231439161693824,38.34003238560517,23.9730227457941,31.90224747551808,3368.266,0.9804684491587028,132,1.8352217929513044
B0005,37,1.7884432335370462,4.1991847248803165,2.697942608427116,3.559061771422033,0.0025753372180031,-2.016522387288751,-1.917014964043808,38.0745950590744,23.755161868961988,31.649024294808623,3358.719,0.9745106778952144,131,1.8352217929513044
B0005,38,1.7829230484252725,4.200012480335,2.6617272246516333,3.557015527748059,0.0011747056452339,-2.017112121704317,-1.922048805055383,38.07252758016199,23.51454265913581,31.48874626238971,3339.5,0.9715027661904952,130,1.8352217929513044
B0005,39,1.7730337158018288,4.1992373656547874,2.699288287625812,3.5562481933590964,0.0023816748049826,-2.018009988339822,-1.916230282154988,37.80133585100446,23.27146353182613,31.329995610092634,3331.265,0.9661141354204016,129,1.8352217929513044
B0005,40,1.773037755078937,4.199395781118708,2.612793240883853,3.5532756526091784,0.0021374370347549,-2.017724236336294,-1.9220800182578983,38.39873985476869,23.439367870877128,31.569551201845574,3321.188,0.9661163363953048,128,1.8352217929513044
B0005,41,1.7678721106662054,4.199578698026071,2.6637064901468075,3.556266431640255,0.0015198619580386,-2.016792488625222,-1.916241789031196,38.74929237918251,24.020578317587123,32.111426258867944,3321.844,0.9633016115306744,127,1.8352217929513044
B0005,42,1.762315070409309,4.199546957512695,2.6668454289754746,3.5563095420140822,0.0018244735178706,-2.017255132631586,-1.915880982351776,38.87275464755104,24.25608631932004,32.271676011112376,3311.828,0.9602736177054922,126,1.8352217929513044
B0005,43,1.7676172924938447,4.194091469340824,2.684431051981017,3.558950851054106,0.0005228307091433,-2.0159457514475405,-1.911440626575304,38.503541429116005,23.99270220171187,31.84229165967865,3327.391,0.963162762824028,125,1.8352217929513044
B0005,44,1.762668359743147,4.200715235801255,2.645224362345869,3.5534418211598053,0.0024271068866283,-2.021877555086194,-1.915816699754416,38.27009094548294,23.826487051861594,31.759815453754253,3312.078,0.9604661226851056,124,1.8352217929513044
B0005,45,1.7517304870664143,4.1990980807180325,2.6603527244917,3.5510121537420285,0.0006158711833322,-2.0169903181968984,-1.9151304155635367,38.11684755251712,23.3485583063804,31.41911167391793,3293.172,0.9545061494988986,123,1.8352217929513044
B0005,46,1.7418496047960008,4.199398534411534,2.6926849789916263,3.551317608213948,0.0008035192993614,-2.016185456554963,-1.914848578439364,38.04152715355532,23.23621418856597,31.331626572312267,3275.328,0.949122123269282,122,1.8352217929513044
B0005,47,1.7360913511847138,4.199122915612965,2.670544734728978,3.549003180550162,0.0014889451776809,-2.0170647431651068,-1.9144128654409127,38.17980302242767,23.214801785728056,31.35934131425137,3265.016,0.94598448964189,121,1.8352217929513044
B0005,48,1.7936240148573608,4.190409478081396,2.605158060541757,3.559764834095517,0.0024931147123922,-2.0168134548386294,-1.9388813849818085,40.71218198711114,26.6473739461698,34.31088483888259,3328.937,0.9773336507588828,120,1.8352217929513044
B0005,49,1.7831890223273277,4.199933846791869,2.672012007453096,3.5623454342368555,0.0028589701045215,-2.0165540953857675,-1.927509725704535,39.88526123315293,25.69911743242072,33.43585640373788,3329.266,0.9716476935791504,119,1.8352217929513044
B0005,50,1.7673642076278957,4.199365021329158,2.674271233724938,3.558336657621618,0.0012369720338688,-2.022483480851903,-1.9267185977839405,39.18287352945846,24.83328108182313,32.66698125020078,3301.579,0.9630248585843764,118,1.8352217929513044
B0005,51,1.7570177850353066,4.19902365945384,2.6309416727017187,3.554013138622869,0.0027115029184951,-2.016804145903712,-1.9261308349663744,38.95156480403077,24.361616832363048,32.28423408691397,3283.563,0.9573871625672916,117,1.8352217929513044
B0005,52,1.7468706179837907,4.199432142144215,2.6629725743154204,3.552376095886298,0.0031272458314235,-2.0172800396238526,-1.9202346781375208,38.607510759873634,24.019157444608588,32.00739178780946,3275.125,0.95185803955312,116,1.8352217929513044
B0005,53,1.7417172507457144,4.199640922827531,2.612942119873717,3.549618661283733,0.0012894534058489,-2.0159193745006387,-1.9201011498853635,38.920359903369054,24.00664649428476,32.06387071886056,3265.656,0.9490500044383076,115,1.8352217929513044
B0005,54,1.7364225056478186,4.199305653118061,2.615719844266148,3.54938103086703,0.0010352326876111,-2.020605919573001,-1.9144278105456467,39.23273115358871,24.328038456694348,32.43754560319043,3266.093,0.9461649334794558,114,1.8352217929513044
B0005,55,1.7263217239235826,4.198949734540481,2.6287695472774453,3.547211868041896,0.0021414406216503,-2.017554048083073,-1.908340706503589,38.9649270684008,24.12159109376564,32.16809876635083,3257.594,0.9406610855178466,113,1.8352217929513044
B0005,56,1.7158065389330133,4.19834220599025,2.6655106679421823,3.5467052098640246,0.0017702200905978,-2.016416703030436,-1.902207182631691,38.83927283461771,23.971565610462942,32.05752645824972,3248.593,0.9349314320062352,112,1.8352217929513044
B0005,57,1.710533351135192,4.198995776266302,2.650495153350403,3.544629653883431,0.0014307662327893,-2.0170229987437884,-1.9020484449938715,38.82796377704433,23.83541998401671,31.97592092807272,3238.766,0.9320581074750668,111,1.8352217929513044
B0005,58,1.706014499648521,4.19916986492694,2.643236235233877,3.5436291614253204,0.0049011998067657,-2.016783933430818,-1.8964907679062355,39.14007944734004,23.956923878018035,32.21689335291319,3240.14,0.9295958157215432,110,1.8352217929513044
B0005,59,1.7003110272642588,4.199246833083063,2.656450207001938,3.5444946147995258,0.0017964242690772,-2.019982930624072,-1.895971437908019,39.349611598028886,24.465118009505925,32.55632993697177,3230.109,0.9264880320159616,109,1.8352217929513044
B0005,60,1.6945798601797897,4.19925518864016,2.626177688152069,3.5409201846556857,0.0048990136261112,-2.016448312230377,-1.889964879983928,39.29444535878087,24.267851748683743,32.40048085325998,3229.7810000000027,0.9233651576546822,108,1.8352217929513044
B0005,61,1.6849029086609286,4.199610827671791,2.6582230344240045,3.541195668799061,0.0024344067431928,-2.026465491633473,-1.889370382442051,39.10487658009542,24.14386556947967,32.29371860868794,3212.469,0.9180922519186951,107,1.8352217929513044
B0005,62,1.6744741591159715,4.1994453812630566,2.695100237338448,3.540671044783382,0.0014513205321675,-2.017330650607364,-1.8776883243431417,39.0462609369598,23.93408558388468,32.1360714480678,3213.219,0.912409696499502,106,1.8352217929513044
B0005,63,1.6745692479879102,4.198991968341307,2.639091813583503,3.537604879026877,0.0059339984616673,-2.02257876070347,-1.883106598669776,39.398032192832,24.08059534182364,32.38268549723498,3203.578,0.9124615097856692,105,1.8352217929513044
B0005,64,1.663716375981405,4.197785116892181,2.6857210282450983,3.538422485261741,0.0034449440902895,-2.0158674131052456,-1.876359921441716,39.10678394120843,24.428816535813286,32.30899951427637,3195.125,0.9065478528924324,104,1.8352217929513044
B0005,65,1.659013868748246,4.201331130571617,2.69017866510873,3.53928626988912,0.0012286208011475,-2.016878594815316,-1.870955026010444,39.44448954135193,24.3288116844709,32.56636929496716,3195.312999999994,0.9039854883590444,103,1.8352217929513044
B0005,66,1.6538540573335014,4.199339974904826,2.639895313359579,3.533690170241391,0.0006759557151863,-2.019019155129933,-1.8705599868289544,39.509602016775695,24.12488538702097,32.46542951751835,3186.297,0.9011739418557486,102,1.8352217929513044
B0005,67,1.642653782130131,4.198916244859707,2.68991452927918,3.534367734544495,0.0017286665299136,-2.0179820220655023,-1.8640049795794804,39.33486536224533,23.980294072799666,32.347056454418095,3176.438,0.8950709872993085,101,1.8352217929513044
B0005,68,1.6378578430223698,4.198537488587242,2.65935818848874,3.5312941932103548,0.0008822013179447,-2.0158401305926343,-1.8636932149873204,39.43723270017243,23.969183667109306,32.371538940646154,3167.593,0.8924577123664467,100,1.8352217929513044
B0005,69,1.6327350407099108,4.198943932259475,2.6657030585650423,3.5309134771684274,0.0032196054196979,-2.0192083553177325,-1.857820396301907,39.51375235624076,24.037074564457946,32.45549347979197,3167.719,0.8896663318738356,99,1.8352217929513044
B0005,70,1.6277528915533617,4.199579806494986,2.642986759012803,3.5287226893409893,0.0023292227087573,-2.017754065523427,-1.8572160981955343,39.60170302810528,24.074008046047823,32.50017194695606,3159.077999999994,0.8869515923389824,98,1.8352217929513044
B0005,71,1.622125485521159,4.198782234828033,2.631116911889304,3.52625493581969,0.0036382151418645,-2.016206764491147,-1.8568340008006827,39.68746359758208,24.04353667889633,32.50100298369444,3148.829,0.8838852566765484,97,1.8352217929513044
B0005,72,1.6113256603765849,4.19910517813207,2.696157404617167,3.528684324337005,0.0024093430745418,-2.018425729441905,-1.8448886500218813,39.53535075538898,24.007622451152475,32.4728927422438,3149.094,0.8780005046612585,96,1.8352217929513044
B0005,73,1.6065631397488385,4.198510853141954,2.6667596238241567,3.525556939424901,0.0018183081167425,-2.0200094988659028,-1.8444180038305809,39.6502371632164,23.99346277596251,32.50480154634882,3140.547,0.8754054392331787,95,1.8352217929513044
B0005,74,1.6015142233917594,4.198732430468704,2.6403185448373043,3.5226805646793737,0.002394554712978,-2.0160906793454063,-1.843879038983512,39.69929058154853,23.977316018708777,32.51218336210202,3131.625,0.8726543187002432,94,1.8352217929513044
B0005,75,1.590369231400328,4.198799630396931,2.69892986372897,3.524673458789008,0.0034591794789042,-2.017218805788003,-1.83711254029409,39.56076309770468,23.92726467831658,32.45692821941515,3121.907,0.866581487593814,93,1.8352217929513044
B0005,76,1.5857889968242211,4.198753541225669,2.6682466504353,3.5213155754526824,0.0029115539788594,-2.017576881832417,-1.831595707598376,39.63708096307912,23.8787540270112,32.447059186431154,3122.125,0.8640857486080966,92,1.8352217929513044
B0005,77,1.5849430707374117,4.200309982421394,2.6479207279724903,3.51803386486462,0.0016912873756319,-2.0163186530776205,-1.8311195242792309,39.43977047692484,23.90454749592773,32.32889654966259,3121.672,0.8636248091782912,91,1.8352217929513044
B0005,78,1.5955263892495937,4.201124089732316,2.6741633856529066,3.52368419553968,0.0031344620126884,-2.016322017667326,-1.843279976491472,39.83902225625452,24.47294963967077,32.84488475360107,3120.86,0.8693915881871447,90,1.8352217929513044
B0005,79,1.5747301747801037,4.198150316653697,2.6892528956736257,3.519146638240668,0.0022149158304022,-2.016058383461316,-1.829798505957538,39.41794949618613,23.81400684876703,32.31731555011648,3103.828,0.8580598709258502,89,1.8352217929513044
B0005,80,1.5649019950937946,4.198524048997099,2.688809122993162,3.516233648608237,0.0026959062866318,-2.0176016183677974,-1.8236746835609148,39.262781682151214,23.405971076202263,32.06376130177751,3095.094,0.8527045619795108,88,1.8352217929513044
B0005,81,1.5597659473370362,4.198840869468569,2.6743555987897745,3.514773138461639,0.0025925671672866,-2.018404141903304,-1.817672077021088,39.47237839941986,23.504268200620626,32.21997626855924,3095.781,0.8499059641334713,87,1.8352217929513044
B0005,82,1.5594815668184234,4.198119631667182,2.6430294964336345,3.513299297915008,0.0015197601976623,-2.016777852675889,-1.8179238657973995,40.03754146951368,23.98624197921992,32.7120225448885,3094.328,0.84975100710337,86,1.8352217929513044
B0005,83,1.55468935359061,4.198320288264955,2.6584858447131823,3.514484830704665,0.0053758117379334,-2.019500858990014,-1.817160673909645,40.14273016201157,24.332016492731967,32.945022147355694,3086.531,0.8471397623774086,85,1.8352217929513044
B0005,84,1.5488741079890418,4.1980467610750285,2.629782173759164,3.5109677353595243,0.0012996959200754,-2.025028692484549,-1.8110297241968545,40.1165626728546,24.210935532035016,32.857549597381336,3085.625,0.8439710741981906,84,1.8352217929513044
B0005,85,1.538236598942558,4.199047008209673,2.6622967647315545,3.510935874957801,0.0036542472558787,-2.017188769565156,-1.8094435644526072,39.87503330866132,24.000424305912805,32.629663328789654,3067.203,0.8381747671320147,83,1.8352217929513044
B0005,86,1.527914258251028,4.197669918520713,2.682380966742509,3.509393098217416,0.0013741929346254,-2.0203529496154493,-1.8026537331443493,39.61961987024145,23.66809609847637,32.379859014262976,3058.157,0.8325501931806939,82,1.8352217929513044
B0005,87,1.5285252629756445,4.197600624105256,2.640189476892272,3.5066782411556563,0.0020536118932937,-2.016749317444538,-1.8031542757366408,40.067324667444815,23.845674209557423,32.68215852457039,3058.812,0.8328831255417651,81,1.8352217929513044
B0005,88,1.522647325284378,4.197985718630326,2.693769409137257,3.510988562300809,0.0022338210190657,-2.016964364118414,-1.7965666438696486,40.24716716520102,24.23969113753901,32.99387423636739,3058.578,0.8296802768649226,80,1.8352217929513044
B0005,89,1.5174859938489869,4.198164128530042,2.695787450704935,3.510305462695178,0.0029663849324865,-2.017715447411052,-1.7959771394311956,40.30253125568348,24.30453859448875,33.04539707211165,3049.328,0.8268679021126095,79,1.8352217929513044
B0005,90,1.605818899130659,4.222920057935785,2.6920548172137724,3.5222215314850214,0.0015450426899526,-2.017087516284557,-1.822916991757235,40.09418103142496,24.112523495131093,32.856295641052824,3177.219,0.8749999075306685,78,1.8352217929513044
B0005,91,1.5638491446744425,4.200423045909808,2.629071246219689,3.5163492154331264,0.0029495288044011,-2.0177115857667665,-1.8294275689587536,40.52238496316615,24.719311536144843,33.33950238056361,3082.937,0.8521308708739476,77,1.8352217929513044
B0005,92,1.5480915247767786,4.198372063670128,2.631343871050918,3.5134397623234963,0.0016903309192767,-2.0160877086861952,-1.816317296828028,40.56886357314186,24.73538913848975,33.35156485472646,3074.266,0.8435446498742921,76,1.8352217929513044
B0005,93,1.5323755631868592,4.198353213898968,2.6983970036642315,3.515137522009075,0.0017335297510131,-2.0174325692631547,-1.8033689952639715,40.27804845768325,24.49414087755308,33.147486361012966,3066.0,0.8349811282060768,75,1.8352217929513044
B0005,94,1.5269528268489705,4.197873789078739,2.6338485871981514,3.50830390643132,0.0032014025687714,-2.017976023705107,-1.802670753119494,40.2921849196155,24.254986942423244,33.00727586174936,3056.437,0.8320263156822084,74,1.8352217929513044
B0005,95,1.5169573017136326,4.197955644238241,2.671566207861818,3.509190808443004,0.0012207622759792,-2.016684455267326,-1.7958941337499832,40.184384347174266,24.1488106351578,32.91990812745461,3048.219,0.8265798213272871,73,1.8352217929513044
B0005,96,1.511897596014269,4.197918434710392,2.6540810507928123,3.506809757955536,0.0027177292470912,-2.0185074328810417,-1.795344963527795,40.320066232195046,24.20595238055968,32.99903328622305,3039.218,0.8238228217543762,72,1.8352217929513044
B0005,97,1.5065638960681105,4.197739340034368,2.656849703962618,3.50609090727422,0.0029660267437679,-2.0206154364574687,-1.7893518988259454,40.33650561265159,24.228213693022468,33.03772281691292,3039.047,0.8209165245609557,71,1.8352217929513044
B0005,98,1.5015453526671363,4.19785490446139,2.6363048614501152,3.503715772726596,0.0019690360203288,-2.017421211930756,-1.7883879159763685,40.43267631588412,24.25745983903501,33.07740307192613,3030.375,0.8181819540473265,70,1.8352217929513044
B0005,99,1.4908444050400238,4.197306756122815,2.69951692300468,3.506747996136716,0.0027223693578794,-2.0224772834102507,-1.7815447770741009,40.314538591575015,24.228985806758885,33.05467981523988,3021.0,0.8123510797256437,69,1.8352217929513044
B0005,100,1.485868384561201,4.197528212001444,2.698216006032282,3.5058813026542324,0.0006217348755526,-2.0179249554704706,-1.775311564296696,40.386661855917744,24.27409668200787,33.11570360624461,3021.75,0.8096396796660245,68,1.8352217929513044
B0005,101,1.480413677976106,4.19743662221161,2.6911707598773864,3.504168333530808,0.0025745064118452,-2.018486701026112,-1.7742377662318358,40.43384612547835,24.26045465629052,33.12942148982364,3012.265,0.8066674467696816,67,1.8352217929513044
B0005,102,1.4752095869031632,4.197717228550219,2.690162319231471,3.503056893147064,0.002304044135428,-2.017202918759472,-1.773860289771637,40.44479269068758,24.24695415512884,33.130681310493344,3002.641,0.8038317725787306,66,1.8352217929513044
B0005,103,1.4859035988304024,4.192454851360723,2.6355034454892072,3.4982324882487936,0.0013818757062667,-2.017032616337778,-1.7809702419814517,40.58499656066617,24.337824191545764,33.20069210329718,3012.0,0.8096588676842447,65,1.8352217929513044
B0005,104,1.4960918298136696,4.202845001527377,2.6594753656507684,3.5065859365661325,0.0037903464383519,-2.020648432189961,-1.7879098523188452,40.99869158762305,25.05068794027295,33.78697527817091,3020.11,0.8152103661583789,64,1.8352217929513044
B0005,105,1.4808005946928984,4.197952808231904,2.644554999824577,3.501457140697961,0.0029141195307161,-2.018056806197647,-1.780229415660985,40.997807625227495,24.845214918132577,33.673365085761986,3002.172000000006,0.8068782750838823,63,1.8352217929513044
B0005,106,1.4697543268466824,4.198017952345714,2.6719601666204564,3.501658387162809,0.00078441654882,-2.017916668624779,-1.7731015168894209,40.84213757482493,24.68293151974539,33.535818118317145,2992.703,0.8008592380995558,62,1.8352217929513044
B0005,107,1.4539012274845928,4.192162800008929,2.6598211033173382,3.4966186408455298,0.0054462356427572,-2.027591717224413,-1.7705879947441516,40.69012464267011,24.442107279152207,33.32269982188509,2964.468,0.7922209909825164,61,1.8352217929513044
B0005,108,1.454146206723569,4.196993378341778,2.688360455508818,3.4991645719433246,0.0015596672777035,-2.017344770444764,-1.7600629827474803,40.69938049882204,24.37516209951004,33.346230327490304,2983.375,0.7923544785205988,60,1.8352217929513044
B0005,109,1.455023751906683,4.197603515102162,2.6376728619288525,3.496080777360074,0.0026865938325838,-2.017072416845675,-1.765575132998529,41.06026204078849,24.70475717255037,33.64948900485925,2975.297,0.7928326469831162,59,1.8352217929513044
B0005,110,1.449042163761236,4.196406678544622,2.645120521151077,3.4959014526388,0.0031991265142638,-2.017938882324793,-1.7588271887545277,41.19696040482682,24.85143118542252,33.79269513542102,2974.9850000000006,0.7895733198715806,58,1.8352217929513044
B0005,111,1.4386709371480566,4.197098662004674,2.698012437629632,3.49758697990267,0.0037817943235626,-2.029098489464331,-1.7516428147438297,40.84446688602949,24.582992198113057,33.52446663707275,2966.25,0.7839221083106603,57,1.8352217929513044
B0005,112,1.433445432156979,4.196909312093871,2.692894277298908,3.4956989619989507,0.0013123608369275,-2.025048878675005,-1.7513097768253418,40.764203830749366,24.38167771883123,33.39042251934235,2956.359,0.7810747658198792,56,1.8352217929513044
B0005,113,1.4333958900838095,4.197105220217278,2.648392365505812,3.492875380810072,0.0017334904566314,-2.0170494375017745,-1.7511840784846122,41.11212504270441,24.640411065560848,33.67370212742761,2956.344,0.7810477706777336,55,1.8352217929513044
B0005,114,1.42806487344776,4.196244829545076,2.6832134764262,3.49551076423368,0.0022931157457021,-2.017587381204539,-1.7446206812145286,41.27256611507568,24.932873139487384,33.91080564765892,2956.406,0.778142935601927,54,1.8352217929513044
B0005,115,1.4229203181741186,4.19680260180666,2.684960445221862,3.494233359045084,0.0014033494395084,-2.0245398824990146,-1.7436362428649814,41.15574924454392,24.80325379769347,33.7850680599871,2947.266,0.7753397020672118,53,1.8352217929513044
B0005,116,1.417429032731308,4.196227405416926,2.669922120529456,3.491197414255986,0.0032832319808608,-2.01689808000431,-1.7425325036061032,41.03237216951879,24.578577776974136,33.61126807392732,2937.984,0.7723475375975539,52,1.8352217929513044
B0005,117,1.412409228794446,4.196558172556389,2.664105530655056,3.488909408157624,0.0026192373361047,-2.0197651300783948,-1.7419837011363046,40.937269906716935,24.354940329833727,33.45598581472246,2929.125,0.7696122802264057,51,1.8352217929513044
B0005,118,1.412578792940193,4.196870541112335,2.634098605983684,3.487376295811431,0.0010338439367061,-2.018228083548545,-1.7421680980861822,41.240704611971786,24.616751003686066,33.723267448788484,2928.454,0.7697046745878928,50,1.8352217929513044
B0005,119,1.4075983731469897,4.196795527524874,2.68378702970616,3.491994243745711,0.0022798019176169,-2.0178512019397976,-1.735841378420618,41.43649987692296,25.01363389840176,34.050076369857344,2929.375,0.7669908773714844,49,1.8352217929513044
B0005,120,1.4333920485221476,4.189287343772767,2.660031949282934,3.491585878898649,0.0036040078454246,-2.017223089332264,-1.7567879869499758,41.16703904201915,25.159494190646395,33.889346908026745,2946.031,0.781045677436646,48,1.8352217929513044
B0005,121,1.4382550176792908,4.201144545237731,2.650011641082063,3.495576227046425,0.0022668920626443,-2.0257290511470427,-1.7573176114092577,41.36216559728765,25.21215090210571,34.067648550088656,2955.438,0.78369547659216,47,1.8352217929513044
B0005,122,1.4173547174485526,4.196925753814179,2.6936969083341418,3.4938988589692483,0.0034196589413944,-2.01734921830549,-1.7427628393326555,41.02198772703674,24.8439113089274,33.75168100943646,2937.625,0.7723070437002818,46,1.8352217929513044
B0005,123,1.406981663677643,4.196901090271507,2.697073130067154,3.49159162968384,0.0025963216962809,-2.016959683770622,-1.7352637407600366,40.78818812957494,24.47190444990649,33.46482299584788,2929.078,0.766654836533415,45,1.8352217929513044
B0005,124,1.4012037783587623,4.196688955833435,2.6806995515145213,3.4885729299834787,0.0020094191444747,-2.0173176445033945,-1.7344350518111926,40.81506138506309,24.335820690902352,33.40210697922146,2918.375,0.7635065057207184,44,1.8352217929513044
B0005,125,1.3967008232726328,4.196339302740304,2.6695398084864568,3.4869021151089825,0.0046477889906135,-2.0174893103299003,-1.7280392046289716,40.85837421987642,24.324432889352373,33.410688917712235,2919.812,0.761052875808833,43,1.8352217929513044
B0005,126,1.391284788852726,4.196181412764837,2.671695307817951,3.4855485210036417,0.002291601393935,-2.016208232434632,-1.7326888725308258,40.839876773287166,24.27764742305546,33.38984948261314,2900.422,0.7581017151149546,42,1.8352217929513044
B0005,127,1.3862287677978349,4.195770804194879,2.661289185949965,3.4838912547260388,0.0022764200332024,-2.01785516482798,-1.7260735249920125,40.85376069244676,24.239023397259928,33.3700433438796,2901.375,0.7553467232800112,41,1.8352217929513044
B0005,128,1.3804366761974138,4.195456241846729,2.667817533540102,3.483198941484065,0.0016756334707971,-2.01649929452358,-1.7195393742714091,40.74795214258888,24.12349712975845,33.27215987470977,2901.187,0.7521906515601421,40,1.8352217929513044
B0005,129,1.3752364150256224,4.19654355365607,2.684008069130594,3.4836274447098883,0.0022384407354535,-2.0162911974216766,-1.7185829844462923,40.68794001196382,24.053006415445992,33.222444215660225,2891.64,0.749357064256545,39,1.8352217929513044
B0005,130,1.3705128024895008,4.194357133255019,2.6585256208771644,3.480172442538601,0.0049133976681189,-2.016416530728208,-1.717672415155695,40.7810749453613,24.05808219537432,33.26207748383125,2882.906,0.7467831995856568,38,1.8352217929513044
B0005,131,1.37050855662704,4.195863681881766,2.6372250579822927,3.478452148610975,0.0011794780565366,-2.01668335956764,-1.7177080769362936,40.88159339768709,24.086387020526896,33.312029905516525,2883.265,0.7467808860437857,37,1.8352217929513044
B0005,132,1.3647355108681518,4.19558455466442,2.6514257735606432,3.4785782556105507,0.002524948681905,-2.0156447128046424,-1.7109669363015376,40.81191473576834,24.008188700976785,33.25287943255863,2882.969,0.7436351922747484,36,1.8352217929513044
B0005,133,1.375392016895762,4.188483624251573,2.676384659108382,3.4825195584604582,0.0023505638634883,-2.015672372070857,-1.7184206130755166,41.11793533148924,24.7195455297238,33.745054045019884,2891.656,0.7494418506680498,35,1.8352217929513044
B0005,134,1.3861115151535393,4.200346502821317,2.694913850281781,3.4886823636752826,0.0021180176276842,-2.01575998810726,-1.7260471943596487,41.248795355864885,24.84307993981448,33.88841975386692,2901.25,0.7552828331034963,34,1.8352217929513044
B0005,135,1.369850003583894,4.1981749992980655,2.697334371630628,3.4858502383832755,0.0015018865835744,-2.016014837696764,-1.712021613408506,41.16242984455477,24.576580515525823,33.7353756996425,2891.703,0.74642204492405,33,1.8352217929513044
B0005,136,1.3647827949260758,4.195715092938243,2.642540259937964,3.478794177297151,0.0014907630238953,-2.0165238233233063,-1.711022510206629,41.16437554618679,24.340286688400784,33.59131052719714,2883.016,0.7436609570395881,32,1.8352217929513044
B0005,137,1.3543220466259964,4.195755769877104,2.699226257883075,3.4812826020756744,0.0029819941842475,-2.0182163733141314,-1.703421414006958,40.86421618020504,24.03013803682012,33.32366688599416,2873.453,0.7379609657141489,31,1.8352217929513044
B0005,138,1.3546417018378962,4.195911764444989,2.676480329780849,3.480352041587074,0.0015383602403595,-2.016150778973011,-1.703574708739156,41.25434553511566,24.39265860056665,33.691961507697364,2874.031,0.7381351436871478,30,1.8352217929513044
B0005,139,1.354703921319241,4.195824004004723,2.642142168479886,3.4781127815565127,0.0030940952671648,-2.01761812862162,-1.7034912994217155,41.45023191903855,24.647812199908287,33.887639684793655,2874.234,0.738169046663662,29,1.8352217929513044
B0005,140,1.349314997503458,4.196258226051591,2.644725254926797,3.4765867130506125,0.0056941514906116,-2.017297732143782,-1.7023383270190764,41.27708509224051,24.39982529977077,33.67308060941856,2864.984,0.7352326583554583,28,1.8352217929513044
B0005,141,1.3441891937970554,4.196612664794988,2.632270655366611,3.4733769291841643,0.0031481012336326,-2.017223266913469,-1.7014238498912502,41.06460515498328,24.071743981632668,33.411988203265814,2855.093,0.7324396424234931,27,1.8352217929513044
B0005,142,1.3389913790695755,4.195850781215982,2.639100611887612,3.4726366397371127,0.0017629793721903,-2.0197342717689364,-1.6950436046971955,40.99284868101728,23.873389284419225,33.29926524979532,2855.625,0.7296073881709316,26,1.8352217929513044
B0005,143,1.3389145230206971,4.196002392961924,2.637841830893275,3.473439372740961,0.0050093924911675,-2.016896104476736,-1.695057731610264,41.29040553417739,24.168977704033605,33.59980731390034,2855.594,0.729565509827304,25,1.8352217929513044
B0005,144,1.3340066759761655,4.196207586734141,2.668286095904868,3.4754777099091454,0.0025365511428236,-2.0199925086996786,-1.6937809113323188,41.22740227746052,24.28428480579148,33.61961195858585,2847.437,0.7268912570130764,24,1.8352217929513044
B0005,145,1.3286444309174914,4.195534582569042,2.649019812683856,3.4722884821666766,0.0028787153794497,-2.016745074407458,-1.6869434054016963,41.04619550953222,24.00593985304127,33.3945201718652,2847.36,0.723969405780016,23,1.8352217929513044
B0005,146,1.323170899227622,4.1957439573980455,2.664058512378051,3.471373665098864,0.0042700685649877,-2.0163628111205263,-1.6860649112944592,40.85874389007758,23.715060546682704,33.16734508187535,2837.328,0.720986915210815,22,1.8352217929513044
B0005,147,1.3181691588445197,4.19586805747139,2.6883611693898826,3.472616016287509,0.0023204014455349,-2.016212123867104,-1.6795829780331424,40.79196924883506,23.56356159483333,33.10962161613893,2837.281,0.7182615005485039,21,1.8352217929513044
B0005,148,1.3184664436640334,4.195347750909715,2.6869753836302124,3.4738146874457896,0.0041697279349171,-2.0168197393548124,-1.679793840292355,41.14127834456325,23.955208980751504,33.46501751186519,2838.515,0.7184234890452925,20,1.8352217929513044
B0005,149,1.318293040102702,4.196065828878837,2.6507536817766586,3.4701426486639693,0.0033179608221933,-2.0187637742643867,-1.6851739865098712,41.14429319149828,23.967802824849823,33.4426191014044,2828.328,0.7183290026121009,19,1.8352217929513044
B0005,150,1.323872422244268,4.184534803011309,2.664632278910652,3.467523652225441,0.0021406905839278,-2.016191969154752,-1.686381203630258,40.66184230912503,23.58968747789601,33.037928170775885,2838.265,0.7213691703798307,18,1.8352217929513044
B0005,151,1.3601216766554785,4.201240476440081,2.6400211837268666,3.476752584083925,0.0028823561171506,-2.021651287065962,-1.715777469309528,41.04669454497069,24.23768156950588,33.4949493613756,2864.547,0.7411211450732635,17,1.8352217929513044
B0005,152,1.3395306867947354,4.195703567262997,2.674198661305034,3.4758956827369127,0.0024155477323689,-2.017592416950431,-1.7007216920098716,41.0462053156659,24.167374158398008,33.491363029025784,2846.39,0.7299012533196735,16,1.8352217929513044
B0005,153,1.3290286565120697,4.195744519551191,2.696427051131168,3.475812179626641,0.0040085795198053,-2.0171105982760715,-1.6928138295817332,40.8683026432256,23.98739486311109,33.329808599922345,2837.969,0.7241787677198394,15,1.8352217929513044
B0005,154,1.3236741274998955,4.196363050482315,2.692834029769684,3.4746554404904435,0.0036169899531147,-2.0165753451036377,-1.6861104874993165,40.85283588259973,23.87546148452671,33.27302769298771,2838.156,0.7212611209085712,14,1.8352217929513044
B0005,155,1.318633896753293,4.1957929878569455,2.681747855329962,3.472301781313945,0.0028522205733032,-2.0157688095228656,-1.685043785043406,40.85270645265791,23.800482246729,33.229879126701434,2829.843,0.7185147331063115,13,1.8352217929513044
B0005,156,1.3134751321324272,4.195797286482793,2.696791414385091,3.4729305773503527,0.0012910201456034,-2.016274841649268,-1.678524839793589,40.8263251809212,23.75244046991811,33.20860833999321,2829.625,0.715703756993953,12,1.8352217929513044
B0005,157,1.3132020634442203,4.196349384378125,2.664695973142795,3.4696192030612285,0.0042895806992014,-2.016821101865832,-1.6839115230941766,40.90308836809665,23.77068333600904,33.236115055926255,2819.437,0.7155549637040871,11,1.8352217929513044
B0005,158,1.3077959946944353,4.195609431921248,2.679191623358613,3.470018470757559,0.0019608791198133,-2.01659334421236,-1.6773783325850855,40.84337405460518,23.69874029857621,33.18660088296571,2819.579,0.7126092332367678,10,1.8352217929513044
B0005,159,1.3030329186405918,4.195339917236225,2.699983457940659,3.470762691935287,0.0018902843294412,-2.018075144841628,-1.676425373206175,40.81792110626284,23.681325932299053,33.174058099115534,2810.672,0.710013865160747,9,1.8352217929513044
B0005,160,1.3033573559038203,4.19540205700612,2.666300786624286,3.468111467035994,0.0024103529115243,-2.018091528339797,-1.67627880896028,40.94699384765951,23.748579260944844,33.253984518546055,2811.485,0.7101906488413215,8,1.8352217929513044
B0005,161,1.3034100438655642,4.195685302232799,2.630850137384784,3.4648625780221494,0.0043239362691777,-2.0177167019715503,-1.6817992883033976,41.07493805830632,23.789078897860136,33.3198093248819,2802.422,0.7102193581569728,7,1.8352217929513044
B0005,162,1.2978870806495706,4.195561297751176,2.673348140468748,3.467864133752208,0.0021385267941699,-2.0160479224870884,-1.6750812261110135,41.02476444658572,23.827460066667,33.33765795318198,2801.625,0.7072099326819669,6,1.8352217929513044
B0005,163,1.2980735056918902,4.196066962029683,2.632763831012711,3.464021404592563,0.0014821450901276,-2.017067096348242,-1.675366426273468,41.06214198725253,23.73823038565628,33.29076744042025,2802.031,0.7073115144324864,5,1.8352217929513044
B0005,164,1.293463613844243,4.196640912532072,2.6687371180046218,3.4664623858156745,0.001664565598057,-2.018208092691312,-1.6744879201095209,40.98366325567302,23.73611267134457,33.27568841807217,2793.39,0.7047996153991637,4,1.8352217929513044
B0005,165,1.288003392619118,4.1956235749123225,2.696396337945361,3.46850906693551,0.002688419180445,-2.018933300007017,-1.6674467270234996,40.98234242711097,23.80026564355092,33.32067807371405,2793.39,0.7018243776125939,3,1.8352217929513044
B0005,166,1.2874525221379407,4.195862008850563,2.6794834862925194,3.466806213058136,0.0026918488897051,-2.023790681896976,-1.6674702882406252,41.06375085817118,23.849121770252687,33.37314972896719,2792.485,0.7015242119959404,2,1.8352217929513044
B0005,167,1.3090153642307354,4.18482689434833,2.6787137407179737,3.471070722008039,0.0013355993263935,-2.017308526034403,-1.6888978346592105,41.047029587744966,24.92195746617458,33.71351889594897,2802.016,0.7132736594881253,1,1.8352217929513044
B0005,168,1.3250793286429356,4.201968615940368,2.655378369801326,3.475472204020004,0.0033069171348786,-2.017696449416675,-1.6979281889133206,41.051007697556734,25.09329713312876,33.86531768239223,2820.39,0.722026805551396,0,1.8352217929513044
B0006,1,2.035337591005598,4.179823027658306,2.4757677568281857,3.556946061827572,0.0004337624657511,-2.015537581193984,-1.990533350635129,39.16298653238707,24.27707330832413,32.14277785992152,3690.234,1.0339159845199772,167,1.9685715488290445
B0006,2,2.025140246031412,4.177288238505559,2.35152551190002,3.56147580138708,-0.0002076460832787,-2.0149020169266376,-1.990277542145709,39.2462026826329,24.63823886086074,32.29307515705474,3672.344,1.02873591119206,166,1.9685715488290445
B0006,3,2.013326371345464,4.1781213228923,2.440479715106544,3.566752469641321,-0.0006575492150127,-2.014434345552428,-1.9899467848963857,38.999202460252846,24.704057719023776,32.24414709253608,3651.641,1.0227346689750956,165,1.9685715488290445
B0006,4,2.0132846655407413,4.1785623580417175,2.479155853900392,3.5687953371516272,0.0001981188152475,-2.0142051662535234,-1.989600928209944,38.84362777186652,24.648384924528084,32.14711742429942,3631.563,1.0227134831539615,164,1.9685715488290445
B0006,5,2.000528337624771,4.17824995156942,2.280187848173442,3.563970503289941,-0.0011423311186216,-2.013995769332238,-1.98954836065757,38.97798888258284,24.634206199911688,32.06687277315468,3629.172,1.0162334911396718,163,1.9685715488290445
B0006,6,2.0138990759931645,4.193216523251186,2.4392842568466446,3.5735512387791406,-0.0015410535505561,-2.0151519685741275,-1.9901040351037365,38.83989920742278,24.34339960435996,32.03447836207717,3652.281,1.0230255929438186,162,1.9685715488290445
B0006,7,2.013101105626967,4.193732603145628,2.2812068449406446,3.5711391343785897,-0.003149094123493,-2.0145081864690626,-1.9900886222380367,39.04610837498471,24.43094638944468,32.11157496697372,3650.828,1.0226202379204403,161,1.9685715488290445
B0006,8,1.96878982627284,4.176826628115461,2.366410527029613,3.568150746216304,-0.0008455879137331,-2.0146816699579064,-1.9891170520197208,38.87507521022778,24.65043547143169,32.112576242471775,3572.453,1.0001108811330357,160,1.9685715488290445
B0006,9,1.9681661764334244,4.176369138969733,2.436020049578708,3.569283415581244,-0.0009662247647393,-2.015071955488147,-1.9892116643905464,38.7260539826455,24.564976908542672,32.03566207329278,3550.594,0.9997940778957912,159,1.9685715488290445
B0006,10,1.9572307917560536,4.176897989902666,2.1864377487643725,3.563388513484579,0.0001388226084139,-2.0155176072270926,-1.989191243247005,38.98629728904917,24.515019617858613,31.99527968872302,3551.25,0.9942390932756614,158,1.9685715488290445
B0006,11,1.9455991514129352,4.177579509962451,2.3406023605912454,3.566658719765511,-0.0021060459646946,-2.014079047237871,-1.9891317699701736,38.65978861919643,24.40648205159496,31.87412757184136,3530.25,0.9883304229253064,157,1.9685715488290445
B0006,12,1.934750504484113,4.177996110793395,2.4263021374140443,3.568703597012284,-0.0009907853602489,-2.0134697854511865,-1.9887805507702208,38.84979195732924,24.666067568688486,32.120959708576166,3491.016,0.9828194995680756,156,1.9685715488290445
B0006,13,1.9232799539368028,4.176316409477926,2.475369770000704,3.569207084156356,-0.0003236492635691,-2.0148749194363664,-1.988732086640128,38.75128344015104,24.81910585902456,32.11021168908644,3470.281,0.9769926600233644,155,1.9685715488290445
B0006,14,1.911889930948487,4.177992455010172,2.342364523655007,3.5659271296109383,-0.0004261867664927,-2.0144081790374893,-1.988720029036864,38.76853764058789,24.627666776864352,31.98906127891816,3470.0,0.9712067270736116,154,1.9685715488290445
B0006,15,1.9010667141979305,4.177439981618572,2.188400081882664,3.561241727064949,-0.0010580730504302,-2.014472686005532,-1.988787404228788,38.84686112344348,24.45091312956072,31.87881444863544,3450.297,0.9657087218032449,153,1.9685715488290445
B0006,16,1.8891989948061456,4.17561570814845,2.1206980945954057,3.557881987836072,-0.0037766213378683,-2.0146756268214814,-1.98859108959304,38.8658897816528,24.26604433063594,31.7674507110244,3429.407,0.9596801274151748,152,1.9685715488290445
B0006,17,1.878278372248849,4.177602520456299,2.369981457799298,3.56282437243777,0.0009547908042232,-2.015931347705288,-1.9884892463229664,38.647578733807656,24.34725293029431,31.78991634963658,3409.484,0.9541326416944792,151,1.9685715488290445
B0006,18,1.8675697161520208,4.176354539745044,2.247991649924625,3.559195328016864,0.0003362560415229,-2.01432419683381,-1.988347427444488,38.79218188173866,24.38027426491721,31.82883467218067,3390.422,0.9486928312374004,150,1.9685715488290445
B0006,19,1.8675892574453767,4.177450270459645,2.4115317107898875,3.5580906165580983,-0.0022772410696178,-2.015920256743369,-1.9774549866256104,38.77022223929529,24.455293448252306,31.890449470827843,3390.281,0.948702757873477,149,1.9685715488290445
B0006,20,1.979626548250818,4.174584178175673,2.203355846859377,3.565899462157853,0.000974138023539,-2.0202081897757225,-1.9892347833261184,37.54320599748628,24.511611712923585,31.51177053595285,3591.734,1.005615746823299,148,1.9685715488290445
B0006,21,1.9575499080884025,4.175224020262452,2.35887751155593,3.570814209348872,-0.0003149484747221,-2.014116181004981,-1.9890474874073767,37.90362577530197,24.910587532937,31.874488497680712,3552.297,0.9944011988046876,147,1.9685715488290445
B0006,22,1.9458150170787551,4.177217300859919,2.218672914041916,3.5666817833633124,-0.0012008977604898,-2.014039356997488,-1.988682950523383,37.6701605139887,24.56766501155013,31.53911453638972,3531.578,0.98844007891721,146,1.9685715488290445
B0006,23,1.9242461121680088,4.176681511062203,2.339723057947995,3.566839274502584,0.0005293257555654,-2.014851230713757,-1.9885447318884863,37.34166959188387,24.224319222372547,31.220866832188783,3492.907,0.9774834515476966,145,1.9685715488290445
B0006,24,1.945981133142164,4.190384318239257,2.399750820894273,3.571051969392875,-0.0023840361465472,-2.013606338093071,-1.9885639445355097,37.28979017254232,24.029961629396936,31.119005145018026,3511.594,0.9885244629790988,144,1.9685715488290445
B0006,25,1.901407930553079,4.176973413125379,2.491410879472442,3.56663084740298,-0.0016423681986834,-2.014324216253238,-1.9880563928902784,37.16794481484507,24.01574359300704,31.03324407815673,3431.9370000000054,0.9658820537582614,143,1.9685715488290445
B0006,26,1.878674213680085,4.173452155236546,2.1387303309558976,3.552739224085492,-0.0013483637694533,-2.0138293357975146,-1.9772969675547487,37.51577848501052,23.89771458163466,31.001249222460967,3431.125,0.9543337222350732,142,1.9685715488290445
B0006,27,1.8683061328264217,4.1764585468168685,2.346064498302046,3.556095975504661,-0.0002601209110219,-2.022139165928567,-1.9771693646864963,37.24165964092258,23.81688709830912,30.92143474404136,3412.406,0.949066918059309,141,1.9685715488290445
B0006,28,1.8560244070083,4.17626102066065,2.327337743316428,3.5504500858303394,0.0002252111894657,-2.019521715890847,-1.9660385076397235,37.27233216178077,23.762584263292904,30.92936024820721,3410.688,0.9428280156300692,140,1.9685715488290445
B0006,29,1.8451997961855773,4.172855540858831,2.486311723336632,3.546007083640312,0.0012030807811573,-2.0145859231710013,-1.9445990482746272,37.2071345030198,23.77382410040801,31.00810965793079,3410.718,0.9373293021953653,139,1.9685715488290445
B0006,30,1.857228890885317,4.188187801734904,2.292166351092089,3.554257954720065,0.0017843402447845,-2.01454229289152,-1.9769156942357176,37.49607769896255,23.7568921940262,30.96779499306422,3392.719,0.9434398724242676,138,1.9685715488290445
B0006,31,1.924776088909064,4.189991619197343,2.434300686181212,3.555857469677978,-0.0027900265773602,-2.015096988943597,-1.9997552547832569,37.25007396118109,23.74029655014346,31.10097217303459,3470.672,0.9777526704853418,137,1.9685715488290445
B0006,32,1.8822317526092551,4.186982490201218,2.472619908000758,3.5537306734803207,0.0002199461690219,-2.0246589334484746,-1.9884344406296768,37.39699052067588,24.18583594954418,31.307368922041046,3414.109,0.9561408899406544,136,1.9685715488290445
B0006,33,1.855276687885587,4.186483106541616,2.403422072720937,3.545265000362152,-0.0013831277471471,-2.014540253971324,-1.9771310999966945,37.2852066420257,23.96227406279053,31.13133998716456,3395.219,0.9424481873616186,135,1.9685715488290445
B0006,34,1.839250891718188,4.187721936001791,2.4006679782182205,3.538408778928339,0.001159493985813,-2.01409107585058,-1.965705768920947,37.080390421974414,23.520157783193987,30.82871377910505,3386.0,0.9343073625199044,134,1.9685715488290445
B0006,35,1.8185396073994429,4.184171356892756,2.3194299432177345,3.529768831133268,0.0012199865224596,-2.0132183154407977,-1.9542494702422435,36.98024266357476,23.52943289153009,30.761533072057244,3368.187,0.9237863914477256,133,1.9685715488290445
B0006,36,1.8134770059567056,4.186779863144672,2.340173173498008,3.53006768404233,0.0007126137257657,-2.014277570695985,-1.9490605727432448,37.59874124546701,23.947667716448013,31.30305692941581,3368.266,0.9212146782449472,132,1.9685715488290445
B0006,37,1.7971018450305436,4.186482965601712,2.382960351080877,3.5248882875629555,0.0010041973417186,-2.014866249205715,-1.9373547119632697,37.33680914521836,23.724670891624807,31.06432144678013,3358.719,0.9128963822013504,131,1.9685715488290445
B0006,38,1.7810046294120476,4.184741677172267,2.351855540704836,3.5190926887152725,0.000927975516279,-2.014036681172477,-1.931260408871348,37.39499820465976,23.509674105704786,30.96654665282149,3339.5,0.9047192775245756,130,1.9685715488290445
B0006,39,1.7710130422682329,4.186114015167315,2.3535104841115886,3.5151810230271,0.0004104562259902,-2.013562007420154,-1.925413982519257,37.35233964342659,23.239016261869025,30.82645569799297,3331.265,0.8996437255845111,129,1.9685715488290445
B0006,40,1.7604712448170945,4.186378094589789,2.3948058223938364,3.514029112834162,0.000933218792395,-2.0146073733834746,-1.9198444871883995,37.58677381866742,23.40832459139638,31.080769482413952,3321.188,0.8942886764081635,128,1.9685715488290445
B0006,41,1.7502913788006589,4.185742966026202,2.4418858444380294,3.514139684003936,0.0014623495361316,-2.0156412315711094,-1.908733158939213,38.20704456989348,23.99387524361192,31.694287817425337,3321.844,0.889117482085818,127,1.9685715488290445
B0006,42,1.7394925037732578,4.18499542353586,2.391848815367812,3.509578354212467,-0.0009765358148676,-2.014135597110891,-1.90276801874341,38.340431886092745,24.22249363678538,31.875581783696685,3311.828,0.8836318419861099,126,1.9685715488290445
B0006,43,1.7546766553637203,4.175622772952551,2.3166154227865463,3.5110708693292705,0.0005605769329787,-2.013918427729744,-1.909324756651121,38.521539672721865,23.93160080766445,31.543288143901563,3327.391,0.8913451260673994,125,1.9685715488290445
B0006,44,1.7659390941842177,4.191704957733779,2.4110989960643794,3.5159179315855056,0.0006125224393033,-2.0164764928559697,-1.9306372167933323,38.03707160241571,23.80004225730534,31.420983409991024,3312.078,0.8970662484859351,124,1.9685715488290445
B0006,45,1.7337887419624838,4.185468369564667,2.4510125175432287,3.50585340727078,0.0007263099562474,-2.014424639912736,-1.907114151507875,37.9342856877206,23.32504476677704,31.15837149963786,3293.172,0.8807344305030643,123,1.9685715488290445
B0006,46,1.713325912040734,4.184201889006967,2.471216186082459,3.5010379345914444,0.0006105952606363,-2.013684034338365,-1.8953541357988333,37.88470784051604,23.22751550921504,31.15661421699882,3275.328,0.8703396699296315,122,1.9685715488290445
B0006,47,1.7024077813673466,4.185838836583766,2.470968641396993,3.497407662636496,0.0013481309742365,-2.015243276008703,-1.8892713805954209,38.065368726791895,23.20127236203539,31.206611383963253,3265.016,0.8647934500424845,121,1.9685715488290445
B0006,48,1.82371946178183,4.1729165619005535,2.4288023941361625,3.5388872766749144,0.0008839578040008,-2.014822027548639,-1.98193599249298,39.788440481350335,26.602945710082057,33.61169282822636,3328.937,0.926417667098066,120,1.9685715488290445
B0006,49,1.8081284050314708,4.186982012423103,2.3551430866643166,3.5327430295356828,0.0013785124508379,-2.014147642384201,-1.9653277079992453,39.21290317800791,25.5878756709222,32.85630077141311,3329.266,0.9184976822950583,119,1.9685715488290445
B0006,50,1.7757610945034283,4.186537777937825,2.365933525789291,3.521214759733266,0.0013469218858249,-2.013545732341586,-1.9470636598230844,38.66937823121345,24.78851122180796,32.210981559158874,3301.579,0.90205565327798,118,1.9685715488290445
B0006,51,1.7447409841836798,4.182282350256796,2.3481961394586457,3.509311143950668,0.0011884652184539,-2.0143501433980724,-1.92416284263864,38.5170065164806,24.29903895658481,31.96509008165028,3283.563,0.8862979784613342,117,1.9685715488290445
B0006,52,1.729207034132373,4.185961817428056,2.46945948630322,3.50716091973708,0.0023455920246722,-2.013955993405398,-1.912447043935375,38.29250529949152,23.98489574710264,31.74480184018953,3275.125,0.8784070028650717,116,1.9685715488290445
B0006,53,1.7081086552553244,4.1836566973224585,2.4666715880697576,3.500928918686389,0.0008097171102984,-2.0143598768040447,-1.8950209973545984,38.52091685291118,23.99541497188152,31.876564068962463,3265.656,0.8676893945111368,115,1.9685715488290445
B0006,54,1.6975954237461768,4.184390004467988,2.448293126278513,3.4973019898820894,2.3587764193591595e-05,-2.0146981664689427,-1.883708243517891,38.95436345473558,24.295032488841088,32.24289319481841,3266.093,0.862348856334914,114,1.9685715488290445
B0006,55,1.6820634524029463,4.184732708741646,2.4745215382882586,3.492903830118716,0.0028840576269616,-2.0150505202774576,-1.8716651994380047,38.73136385469604,24.10547107270791,32.07305565938816,3257.594,0.8544588858878305,113,1.9685715488290445
B0006,56,1.6714768322295086,4.185835940524748,2.469127855241356,3.488659224822318,0.0008062258329325,-2.016431910751689,-1.8654809345089407,38.74827601131975,23.97620032331416,32.0301409298912,3248.593,0.8490810675506028,112,1.9685715488290445
B0006,57,1.6607591387047655,4.185703389994729,2.4177173347922416,3.482293080477401,0.0013000288987228,-2.013961242413253,-1.8592903578576,38.84227056628921,23.819965773306656,31.984935871368258,3238.766,0.8436366662378243,111,1.9685715488290445
B0006,58,1.651121015038069,4.184887437252902,2.3775131079338427,3.477575664197982,3.3324869557570366e-05,-2.01427897654196,-1.848156298789804,39.22138199620832,23.93813574784708,32.23677365476226,3240.14,0.8387406675770546,110,1.9685715488290445
B0006,59,1.640134925619093,4.1845671326128535,2.443723814618984,3.478743650648925,0.0008339594777993,-2.0170700253976435,-1.841574247353844,39.46651089916252,24.4429147063286,32.56097148037261,3230.109,0.833159925832864,109,1.9685715488290445
B0006,60,1.629199941616544,4.184590722398005,2.4324278256917147,3.4740152461288862,0.0022672987245563,-2.0153270924031044,-1.8297533943331723,39.352653481724175,24.244880453394085,32.48984985901219,3229.7810000000027,0.8276051447485526,108,1.9685715488290445
B0006,61,1.6088496302961666,4.181227276564003,2.494085641889116,3.4718387718772696,0.0025875856512713,-2.0264444143525524,-1.817086069772996,39.31890647034385,24.11448837545242,32.42612199208859,3212.469,0.81726754166144,107,1.9685715488290445
B0006,62,1.6035244898969248,4.182601669503782,2.382347172890769,3.463180130644551,0.0017194503246426,-2.014269976996697,-1.8111560774496664,39.47196886600465,23.92892683205548,32.29984271249387,3213.219,0.8145624632494263,106,1.9685715488290445
B0006,63,1.5989712144027983,4.183991041340736,2.406668297987779,3.463469391967206,0.0007053447084269,-2.0248983473305704,-1.8113056300795984,39.74009698783903,24.06213313647768,32.610757585145336,3203.578,0.8122494787420382,105,1.9685715488290445
B0006,64,1.5876273123575604,4.182425008087469,2.4204142690378765,3.46021805164007,0.0003711699027851,-2.0134062122749032,-1.803802475704306,39.03600072360686,24.42380807187004,32.25699351958767,3195.125,0.8064869744266703,104,1.9685715488290445
B0006,65,1.5829719744686166,4.190985194174346,2.45078452455252,3.462574876665621,0.001011704895855,-2.014898941623113,-1.7982439953659044,39.16106395962828,24.29784270606684,32.47193402838835,3195.312999999994,0.8041221440034566,103,1.9685715488290445
B0006,66,1.567137636713563,4.181860480163402,2.393032881923072,3.4537077937586056,0.0007636707747866,-2.014097659688176,-1.7857963808615818,39.20051799483514,24.115666972211724,32.40219271195366,3186.297,0.7960785766947285,102,1.9685715488290445
B0006,67,1.5613446139713882,4.183449364094532,2.3938995980718403,3.4514035349888337,0.0005527600059578,-2.01648199199959,-1.7850748194527644,39.15878418316098,23.949350638183297,32.30987415652578,3176.438,0.7931358222159184,101,1.9685715488290445
B0006,68,1.551171189279042,4.182943907496545,2.4373294683003053,3.450781146333252,-9.517952000869488e-05,-2.014359351341952,-1.7785916660457872,39.18225956809825,23.94684852697399,32.35440526839345,3167.593,0.7879678999738249,100,1.9685715488290445
B0006,69,1.5406741606295171,4.182592999177517,2.3705330061374523,3.446105572450592,0.00150486520794,-2.016181081460114,-1.7727874712030285,39.38159156766375,24.029360363522056,32.4731363791227,3167.719,0.7826355925675897,99,1.9685715488290445
B0006,70,1.5253138744624433,4.177556435498103,2.351294851260762,3.4418152533277144,0.0044825272319085,-2.0224281819207026,-1.7601807681971695,39.44712875501599,24.054796737761627,32.52334649341759,3159.077999999994,0.7748328351945034,98,1.9685715488290445
B0006,71,1.5301570318067428,4.183199732433941,2.436845595522602,3.445008015985666,0.0010131499204386,-2.015670909853089,-1.76530278835697,39.40950590627068,24.004853828853747,32.518264823491045,3148.829,0.7772930746240432,97,1.9685715488290445
B0006,72,1.524656683447409,4.183585552184287,2.39030487147494,3.441164687975023,0.0029393579553847,-2.0154336980599203,-1.7593486488770236,39.48443326993031,23.98676553992143,32.5437072434024,3149.094,0.7744989936252572,96,1.9685715488290445
B0006,73,1.5145492986655429,4.183170360974043,2.4892160721496315,3.443620591429828,0.0051389417845652,-2.014176241235146,-1.752616789873766,39.4416762582387,23.97265590751813,32.562223096007365,3140.547,0.7693646185054511,95,1.9685715488290445
B0006,74,1.509391504602082,4.183501501534186,2.450611393803655,3.439943269617906,0.0019635914622084,-2.0151247064734266,-1.7516949849801624,39.53866201326228,23.95941142019243,32.58978020040808,3131.625,0.766744549112226,94,1.9685715488290445
B0006,75,1.5039974333050703,4.183243008796117,2.4111946043456745,3.43602719305159,0.001009697699575,-2.0150071612077523,-1.7510429704034998,39.5867547936938,23.89672125029287,32.57089563557426,3121.907,0.7640044550068223,93,1.9685715488290445
B0006,76,1.4935201918040188,4.182038001412004,2.4609139768640715,3.436309312279291,0.001556366600458,-2.0158858292130217,-1.7388746112390865,39.49975288442087,23.846991377084784,32.5378543470942,3122.125,0.7586821991267739,92,1.9685715488290445
B0006,77,1.4876323024497422,4.182440318401142,2.378420264362521,3.430470227771154,0.0012040695085459,-2.0170367841185635,-1.738622547139575,39.9686395722832,23.868790356430857,32.65645090520509,3121.672,0.7556912540642087,91,1.9685715488290445
B0006,78,1.5302876214401704,4.189962701965466,2.3844697219937414,3.4417311090871063,0.0004792431384679,-2.015207980747731,-1.7870762809520675,40.42668250871336,24.45395460946014,33.180785234653264,3120.86,0.7773594118793516,90,1.9685715488290445
B0006,79,1.5040760088360112,4.181214475643097,2.448639661640692,3.4355429213552537,0.0013906428309179,-2.013340550431054,-1.7612682208672186,40.02451449021777,23.81264716305157,32.71220835503141,3103.828,0.7640443700055877,89,1.9685715488290445
B0006,80,1.4887593608730894,4.182157933832856,2.362869757217078,3.4272336842373576,0.0016812263902274,-2.0143052426244057,-1.7545532300777185,40.02167483360719,23.37953304199608,32.543943889007906,3095.094,0.7562637800788296,88,1.9685715488290445
B0006,81,1.4782779285546637,4.1802491747767325,2.479712742728869,3.430753651868756,0.0068481184251259,-2.01522796444188,-1.7364250156958492,40.07821178158415,23.483667289937664,32.6655410721976,3095.781,0.7509393953366746,87,1.9685715488290445
B0006,82,1.478459982215684,4.182775550999248,2.460990256984241,3.430880434209888,0.0002472528891452,-2.0164424024266667,-1.7371686757879778,40.56578932835109,23.948764926788748,33.160922870564626,3094.328,0.7510318754200775,86,1.9685715488290445
B0006,83,1.473214844899973,4.182970513713943,2.4794507375590507,3.431984614031654,0.0010030052573825,-2.0141732645976056,-1.7358183569582517,40.75221353269305,24.305636072230342,33.414445545408455,3086.531,0.7483674371786374,85,1.9685715488290445
B0006,84,1.4675164935067897,4.182588389688278,2.421513989921717,3.426913589626702,0.0019538634173119,-2.014533312293864,-1.7297302660430056,40.71162611325717,24.16642252229391,33.3541679486525,3085.625,0.7454727740933293,84,1.9685715488290445
B0006,85,1.4516292657521337,4.180388252515709,2.392798962354417,3.422042235670516,0.0024649324773408,-2.0150807231044525,-1.727867109899114,40.58721297402195,23.980795554734595,33.13634596100404,3067.203,0.7374023395876056,83,1.9685715488290445
B0006,86,1.4519237720967175,4.182476201666448,2.410475236770924,3.4202687142856667,0.0011413024919993,-2.0151017082510445,-1.726907314763758,40.37035790264624,23.638284377724087,32.92241762841388,3058.157,0.7375519436722318,82,1.9685715488290445
B0006,87,1.4471484694777743,4.182567814531136,2.4915333699239977,3.4248208106770663,0.0003841275623097,-2.015773418279684,-1.7211995934038338,40.667923693760464,23.829441222036376,33.20338483123576,3058.812,0.7351261732592723,81,1.9685715488290445
B0006,88,1.4468538105659885,4.182606347806988,2.444861994529003,3.423499088319266,0.0012181075137996,-2.016566183590645,-1.721141114732718,40.99035688395247,24.20984647694025,33.533950654066935,3058.578,0.7349764916731695,80,1.9685715488290445
B0006,89,1.4416741930284678,4.183047552179642,2.484075539808225,3.4247420964314874,0.0004305744501005,-2.018144057635402,-1.7200547727480755,40.99774402817452,24.27322345224107,33.5767934055627,3049.328,0.7323453363358886,79,1.9685715488290445
B0006,90,1.5935866593100128,4.222516216835943,2.479017302613424,3.450702139255875,0.0002920618634497,-2.0143333289759338,-1.8210481343824243,40.77265883698999,24.0581768445586,33.224088400657315,3177.219,0.8095142187023469,78,1.9685715488290445
B0006,91,1.5463902376915637,4.1909374470770855,2.4820670710190385,3.448047542990752,0.0002026611206909,-2.016338466932382,-1.821445703423604,40.52220493430463,24.676724380143,33.37083344726966,3082.937,0.7855392599834105,77,1.9685715488290445
B0006,92,1.51470559175661,4.183028520369727,2.452449045714353,3.439948189189645,0.0019503732302666,-2.01459511362196,-1.7899159936953069,40.57746834859555,24.71374963671338,33.43366634309322,3074.266,0.7694440126687773,76,1.9685715488290445
B0006,93,1.4989786083335404,4.1838942747302825,2.4198491932573414,3.434112914501242,0.0005084867021221,-2.0144018884289827,-1.7769345930773324,40.516963879873735,24.452648939888725,33.28676739403043,3066.0,0.7614549794876241,75,1.9685715488290445
B0006,94,1.4831110745410492,4.1839835007856605,2.4706823501191706,3.432560094036392,0.0007359350635753,-2.015270624937178,-1.7640032117743043,40.34325381638243,24.22465149338904,33.14347737377552,3056.437,0.7533945491710681,74,1.9685715488290445
B0006,95,1.4729664825468278,4.183640209073579,2.413759774558071,3.4270614887575657,0.0021242129148989,-2.015800833534411,-1.7571701008871028,40.39341126895154,24.10781801916288,33.11021541795579,3048.219,0.7482412734365612,73,1.9685715488290445
B0006,96,1.4627604396099307,4.183387047926521,2.4562499847243027,3.427340316812041,0.0017289535444482,-2.015384828991305,-1.7502670210777267,40.46341487442664,24.152350848480747,33.18991802149879,3039.218,0.7430567816953452,72,1.9685715488290445
B0006,97,1.4518364681062514,4.18356344388626,2.401794655879554,3.423482197888437,0.0015255121086987,-2.017707476586292,-1.7439614243216512,40.5818264138806,24.1926071662797,33.26265398635676,3039.047,0.7375075947683182,71,1.9685715488290445
B0006,98,1.4468670644030392,4.18171248971767,2.408768723613332,3.422095770106937,0.0017135739999164,-2.0198780169470747,-1.736850855663561,40.61670777074496,24.23860985559645,33.299978841087025,3030.375,0.7349832243911438,70,1.9685715488290445
B0006,99,1.441380399427779,4.1832473219705815,2.4308118485818704,3.421883545422636,0.0020383190496457,-2.0197856871193367,-1.7360045229798653,40.63164766168104,24.191028062692588,33.31663547841367,3021.0,0.7321960943127254,69,1.9685715488290445
B0006,100,1.431210744960774,4.183049768329545,2.398886415333129,3.4195777411151886,0.0021980860706101,-2.015287001210607,-1.729690117077797,40.74323383889164,24.226474805349635,33.39150630507064,3021.75,0.7270300872793239,68,1.9685715488290445
B0006,101,1.4260247179525716,4.183092498086332,2.3814379490849835,3.4175281789596474,0.0005566103878417,-2.013949066691416,-1.7287954627467013,40.81715493531611,24.22178922960351,33.41522427488497,3012.265,0.7243956760427664,67,1.9685715488290445
B0006,102,1.420487649966195,4.181536580807847,2.459885297095542,3.4197860540725715,0.001880313677633,-2.015065571425412,-1.7216729981632184,40.72877617289365,24.207764443084063,33.39690850726103,3002.641,0.7215829421141113,66,1.9685715488290445
B0006,103,1.4207006230355006,4.172034399629829,2.4007285025453995,3.4171369298988705,0.0022542409730723,-2.0151971595728613,-1.7228162229694663,41.45494452672042,24.266994666970984,33.73731993653,3012.0,0.7216911287174544,65,1.9685715488290445
B0006,104,1.452255804330839,4.188427549455566,2.472830716079143,3.4305347141293625,0.0081523535564586,-2.0180838913239434,-1.7486639022205694,41.39678877103747,25.01052330742872,34.08965316576344,3020.11,0.7377206102540073,64,1.9685715488290445
B0006,105,1.431557632772571,4.181499335679726,2.467318928642863,3.4250844180972875,0.0001978952928271,-2.015157068463395,-1.7345160724760178,41.36669473718026,24.81713061500866,33.9987286593769,3002.172000000006,0.7272063002353647,63,1.9685715488290445
B0006,106,1.415015751158943,4.179546243153898,2.3692462667541,3.417133986279293,0.0013926531441986,-2.013917344838714,-1.7271570233190523,41.37787352037061,24.66015421423191,33.907397114007345,2992.703,0.7188033129914072,62,1.9685715488290445
B0006,107,1.4097311506517451,4.18101558225098,2.4482618595124874,3.417521467040602,0.005189848551175,-2.026182069042455,-1.7305179027385762,41.14095609169821,24.417272340572964,33.70518417605219,2964.468,0.7161188281372289,61,1.9685715488290445
B0006,108,1.404917318129309,4.182667734360821,2.4598632768748825,3.418162323668036,0.0017804365403169,-2.01548065880372,-1.7141443638380731,41.2168813199875,24.34226965648951,33.7458832944166,2983.375,0.7136734852055486,60,1.9685715488290445
B0006,109,1.395164296571563,4.179947555799937,2.497869764845928,3.420331935905118,0.0004526100127092,-2.014398878088724,-1.706782327346661,41.40391881889191,24.68862064835225,34.01657212624259,2975.297,0.7087191204208155,59,1.9685715488290445
B0006,110,1.3945343832614077,4.182316086490744,2.472236707252471,3.4192916311692465,0.0004074114617765,-2.015379938834276,-1.7063596521950202,41.58657133119858,24.83379380277289,34.175023374593785,2974.9850000000006,0.7083991354497181,58,1.9685715488290445
B0006,111,1.3893171179312644,4.18300582450457,2.427874990476308,3.414352330355796,0.002731966470301,-2.024938600791225,-1.7052696591517462,41.43504077863728,24.567907151996646,33.976109677640174,2966.25,0.7057488556906478,57,1.9685715488290445
B0006,112,1.3838379472327809,4.182504606082063,2.427590520023505,3.412701167144591,0.0013872942238959,-2.027018156432659,-1.7046265574439607,41.37436880579148,24.35845427718724,33.84150372451663,2956.359,0.7029655325740749,56,1.9685715488290445
B0006,113,1.3736814238195123,4.179533028548021,2.37337869163978,3.410409522809144,0.0037299171946931,-2.014779909755338,-1.6985503106996724,41.66477948989921,24.62149945751311,34.1008464215818,2956.344,0.6978061958868664,55,1.9685715488290445
B0006,114,1.3786059891863676,4.18250512422575,2.4248604132549767,3.414419320260644,0.0014127620211878,-2.0151111715849144,-1.6982347588599789,41.81816829502593,24.9086579815824,34.34663683304219,2956.406,0.7003077891714918,54,1.9685715488290445
B0006,115,1.3737600299108574,4.1828227593786,2.426962848243194,3.4131710032395315,0.0008856833378857,-2.0151664181090267,-1.6971165805711328,41.68664700078119,24.777867901281315,34.216231530637586,2947.266,0.6978461264097838,53,1.9685715488290445
B0006,116,1.3682580583942712,4.182413969607667,2.417287750352038,3.4107019261975147,0.0022565477410673,-2.016248522283907,-1.6959199401004303,41.565382893773936,24.55493670403353,34.041617020161176,2937.984,0.6950512208754339,52,1.9685715488290445
B0006,117,1.3633024037317505,4.182451170946608,2.4185087281747166,3.4089059214760367,0.0029458430897076,-2.015018401452086,-1.6953163120957455,41.46394809540406,24.31801713066025,33.890212870710734,2929.125,0.6925338347710434,51,1.9685715488290445
B0006,118,1.35809661401726,4.181305580928812,2.480937393224248,3.4134080258317576,0.001787051783338,-2.014808414619914,-1.6890383512433216,41.6123634180086,24.575299028638764,34.116762412437,2928.454,0.689889384424503,50,1.9685715488290445
B0006,119,1.353269090999531,4.1804870315884735,2.4078214169511205,3.411221044859532,0.0009686723211606,-2.014994164220888,-1.689240311218937,42.0075404495327,24.98269073769502,34.490493589415046,2929.375,0.6874370869600799,49,1.9685715488290445
B0006,120,1.3841605738237488,4.163570261072192,2.433234589649132,3.415521085221368,0.0021530897065765,-2.014889154962298,-1.7102007614808157,41.61679232360952,25.141147272482755,34.23744800906639,2946.031,0.7031294212532341,48,1.9685715488290445
B0006,121,1.4051467790651473,4.190012868765637,2.440822893388958,3.42298383625498,0.0009450807694683,-2.021897889619746,-1.730244918610445,41.80245062827161,25.16934934625116,34.41428886050454,2955.438,0.7137900473574169,47,1.9685715488290445
B0006,122,1.378719022627353,4.182418011462176,2.396078253891397,3.414757022019347,0.0022862143567549,-2.013990107965066,-1.715246592390148,41.653004783464006,24.82143821287872,34.16445180476378,2937.625,0.7003652081873526,46,1.9685715488290445
B0006,123,1.3682657783199066,4.182070839014939,2.449306948268824,3.41435871627236,0.0017603003484055,-2.0141794769710484,-1.701340492819173,41.36061809844917,24.44823164208337,33.877146811272176,2929.078,0.6950551424629626,45,1.9685715488290445
B0006,124,1.3573151296618016,4.182701902443236,2.384185417166802,3.409188669841805,0.002448164539924,-2.014245767720947,-1.7004366132157598,41.42815616511055,24.316938949769007,33.839566254190565,2918.375,0.6894924040069392,44,1.9685715488290445
B0006,125,1.3524934638801596,4.182270325485355,2.4440756213040964,3.411930366643558,0.0010573004756267,-2.013969299900083,-1.6873533635265776,41.343265645039,24.29935828307596,33.818304796930946,2919.812,0.6870430819162536,43,1.9685715488290445
B0006,126,1.3474099151661236,4.182394535290608,2.429601429477468,3.4094417183837504,0.0016960165224917,-2.014779898380345,-1.6919294969110734,41.38118673567723,24.25578525763593,33.812621135472135,2900.422,0.6844607278651348,42,1.9685715488290445
B0006,127,1.3370075130842318,4.182061947471753,2.41022288115442,3.408189609747988,0.0020320718333584,-2.014211676143238,-1.6852952939579415,41.378450473707446,24.22667614097166,33.79894614410012,2901.375,0.6791764891042529,41,1.9685715488290445
B0006,128,1.3312352966718526,4.182288987105723,2.4098927032454966,3.40737851449911,0.0080376766807166,-2.0146307921789908,-1.6787428835073943,41.306600641009794,24.08401483096836,33.702723745621576,2901.187,0.6762443038779589,40,1.9685715488290445
B0006,129,1.3259303781727645,4.179662143533188,2.453938411405305,3.4085862639015,0.0010416352989289,-2.013369705800471,-1.6712137513430336,41.20408103671912,24.032744419693664,33.63562651984647,2891.64,0.6735494978384001,39,1.9685715488290445
B0006,130,1.321578743867529,4.181392635232333,2.3940396792395253,3.404843616147767,0.0013051127215942,-2.0139825284473383,-1.6768931248947176,41.32955629442644,24.035049734679703,33.69072406179652,2882.906,0.6713389435368184,38,1.9685715488290445
B0006,131,1.321225074066109,4.182099866234647,2.45134737470238,3.4081057374178703,0.001905914988572,-2.01389215215322,-1.6701186583642826,41.300370296451625,24.06699631246609,33.71317033815572,2883.265,0.6711592854483783,37,1.9685715488290445
B0006,132,1.3156485301862682,4.182054276922838,2.475014603796582,3.409172854038073,0.004822714606532,-2.013710255019385,-1.6634753413292604,41.2436462295636,23.996723972247743,33.65376593260611,2882.969,0.6683264984546021,36,1.9685715488290445
B0006,133,1.3209025697502388,4.168816046299314,2.4569179775419294,3.411081762218424,0.0016790557813109,-2.0145340492151043,-1.6645875549232958,41.36464929786556,24.663353868241057,33.983578066068176,2891.656,0.6709954588828354,35,1.9685715488290445
B0006,134,1.3474328767273906,4.190149239555381,2.438240626221148,3.416748624671716,0.0011291190058123,-2.01382438347875,-1.6918384605140158,40.89285784811417,24.805357555777945,33.816348135475515,2901.25,0.6844723919376349,34,1.9685715488290445
B0006,135,1.3260128072353616,4.187196878135145,2.4946397780995584,3.4169689184247174,0.0015509192623282,-2.0133154561700204,-1.6711981411684529,40.652964511118334,24.568710436075083,33.60692030225909,2891.703,0.673591370364012,33,1.9685715488290445
B0006,136,1.3101186784831065,4.18232296515852,2.4367455144223555,3.4105763913818787,0.0017807462401955,-2.0139168871011672,-1.6632769410531223,40.58410707337388,24.308667818003084,33.47350597721994,2883.016,0.6655174302719136,32,1.9685715488290445
B0006,137,1.30521620229393,4.1822817387062585,2.485868996808533,3.4113335283009314,0.001136289876544,-2.0142276812428177,-1.6559085740676296,40.322783635307104,24.0037960039902,33.209178727620106,2873.453,0.6630270579041464,31,1.9685715488290445
B0006,138,1.3004061951355774,4.181394192711236,2.395755020190792,3.4081283345557187,0.0011258076444086,-2.014080368444908,-1.656100922060331,40.78032921971219,24.35910018105313,33.58088963686094,2874.031,0.6605836581906771,30,1.9685715488290445
B0006,139,1.300235735841116,4.182109437180301,2.4504684570147006,3.412573242269913,0.0035385904696668,-2.014831579693271,-1.6493259508429792,40.85731522464202,24.62177339088948,33.76400861956033,2874.234,0.6604970678431925,29,1.9685715488290445
B0006,140,1.2895066722480757,4.181210531150237,2.3942028718004007,3.407693686560286,0.0007121321492493,-2.014857985605384,-1.6481131076816375,40.74860220857894,24.362440700162463,33.57003564415372,2864.984,0.6550468907340993,28,1.9685715488290445
B0006,141,1.279253057384795,4.180183763169455,2.4303844034459368,3.407349960804196,0.002070603795056,-2.013906118562721,-1.6402541382604887,40.47227623020844,24.05758090644101,33.272050895552354,2855.093,0.6498382332842951,27,1.9685715488290445
B0006,142,1.2792078171714618,4.181641969595387,2.4755630989048205,3.409292163767801,0.0011760650851612,-2.01480412850878,-1.6339151095418003,40.28187574900838,23.84003655190612,33.12740933210319,2855.625,0.6498152520452541,26,1.9685715488290445
B0006,143,1.274036760902923,4.1818501497507565,2.446712151873903,3.409549235480477,0.0019702593856607,-2.014522533445452,-1.6340244573659812,40.637565231244686,24.11614509838886,33.439116773449626,2855.594,0.6471884456832427,25,1.9685715488290445
B0006,144,1.2741273923001468,4.1817089329030335,2.4607112018206894,3.410318915287339,0.0040495370268256,-2.0149438038428857,-1.632488007933941,40.64243349478575,24.2483754316006,33.482874768414376,2847.437,0.6472344848517341,24,1.9685715488290445
B0006,145,1.263763942644078,4.178725976011113,2.46197885229738,3.409269478846637,0.0014280969271294,-2.0150039133931816,-1.6192610042624402,40.38713367022122,23.97276387413658,33.22136307064441,2847.36,0.6419700332435447,23,1.9685715488290445
B0006,146,1.2581373688955233,4.181148894438262,2.4999079970509284,3.409437443506909,0.0037301935665104,-2.015129426588159,-1.6178242977824624,40.15316398972329,23.67821307261489,32.98562738901426,2837.328,0.6391118319493618,22,1.9685715488290445
B0006,147,1.253259864055301,4.181246648937272,2.4061574188511727,3.403885091976961,0.001436003251364,-2.015749061229573,-1.6181015728870058,40.26211669866818,23.51872262795036,32.97018278153956,2837.281,0.6366341445911738,21,1.9685715488290445
B0006,148,1.2532313315493426,4.182124874468928,2.40921365026611,3.4065929107527846,0.0088086122111483,-2.014223314502266,-1.6180985297864203,40.65437976632703,23.900390232503312,33.31018716138479,2838.515,0.6366196505759701,20,1.9685715488290445
B0006,149,1.2480874960313575,4.179545017207998,2.4705399687343235,3.4095930016592684,0.0018528412705641,-2.016335249580649,-1.6103535053387172,40.41021687551566,23.92716190106188,33.23406652671602,2828.328,0.6340066718803038,19,1.9685715488290445
B0006,150,1.2534354284944844,4.164241788212258,2.4996841687041944,3.409409922814414,0.000657295059648,-2.01499403966668,-1.611644410040853,40.49521984011741,23.56322177792888,33.117656712920734,2838.265,0.6367233282631048,18,1.9685715488290445
B0006,151,1.28980487732669,4.189238693156103,2.4839695531514434,3.4195489282896943,0.00114204030608,-2.0181368086516467,-1.6420364978388975,41.357879741754175,24.18298607119453,33.78417036686004,2864.547,0.655198373711079,17,1.9685715488290445
B0006,152,1.2635402021758837,4.180842923747738,2.4675402264113453,3.4151799904188,0.0006389432339644,-2.014277449216773,-1.6194806393973795,41.37902988743146,24.13790128994837,33.806439563441614,2846.39,0.6418563769894312,16,1.9685715488290445
B0006,153,1.2479761706842851,4.18123823034649,2.4946438160388325,3.4154594925159083,0.0057812483075358,-2.0138128429431967,-1.6048643562670923,41.20920760771975,23.963097388160715,33.63735785291911,2837.969,0.6339501205463487,15,1.9685715488290445
B0006,154,1.2321202877943334,4.1798277092808815,2.4577382116375843,3.4130336456755868,0.0023397381848139,-2.014917756386988,-1.5916400783224371,41.20630554355683,23.85096067907487,33.58195933847606,2838.156,0.6258956086850027,14,1.9685715488290445
B0006,155,1.2271137666213534,4.180792839927961,2.40986495422137,3.4094524356574096,0.0010089516629164,-2.014930078850297,-1.5901105081883435,41.28239317323536,23.75303412345965,33.56245583951572,2829.843,0.6233523832807963,13,1.9685715488290445
B0006,156,1.2217397581377356,4.181365190126037,2.479418189447868,3.4138496008165014,0.0008594805850041,-2.0147963353542564,-1.5767754479909837,41.1595683576961,23.71579098948608,33.5111267532655,2829.625,0.6206224807345493,12,1.9685715488290445
B0006,157,1.211102678915174,4.180594670510683,2.434585389303289,3.410900672125043,0.0011992086586358,-2.015518745222527,-1.575262673173442,41.230427315370186,23.759120931060004,33.53675907012135,2819.437,0.6152190300807547,11,1.9685715488290445
B0006,158,1.2056159765131735,4.181424135030176,2.425682710641569,3.4105744140130074,0.0016688329956906,-2.0147884579094577,-1.5684640005188113,41.21487873613708,23.66231577866041,33.49803069556778,2819.579,0.6124318809902053,10,1.9685715488290445
B0006,159,1.2008936262717274,4.181921994951423,2.417924401749313,3.4096514247359915,0.0026713892198369,-2.0146138657111945,-1.5671286757845893,41.27439823262361,23.65025525718372,33.516977262709986,2810.672,0.6100330094611237,9,1.9685715488290445
B0006,160,1.1905903985558337,4.179593598747663,2.4541577949851603,3.4128578373442537,0.0021054554350767,-2.0148417510809367,-1.5537993411647462,41.237668013317766,23.71646710308953,33.531923269271225,2811.485,0.6047991495478163,8,1.9685715488290445
B0006,161,1.185179251041941,4.180557596235595,2.463616101176541,3.413450901705652,0.0030546197767952,-2.013981544237104,-1.5521827524962777,41.24068073261839,23.75283925140291,33.567636169584304,2802.422,0.6020503810221758,7,1.9685715488290445
B0006,162,1.1796706818144624,4.181414159913002,2.470375229475307,3.414388187503409,0.0020243726684846,-2.014023708028726,-1.5452652929126829,41.28133907077437,23.80606714012504,33.60493096509702,2801.625,0.5992521239658066,6,1.9685715488290445
B0006,163,1.1745952836753917,4.180815073540562,2.4357634426689945,3.412419038813061,0.0039411217828642,-2.016504705213686,-1.538651770825325,41.28338645880181,23.71321070187237,33.54281440778599,2802.031,0.5966739102645623,5,1.9685715488290445
B0006,164,1.15381833159625,4.1697037841892834,2.481190011798763,3.414810305745517,0.0022476647345707,-2.0192733708647617,-1.5169723774339865,41.14919304328959,23.707339766856947,33.472459360982775,2793.39,0.5861195811158452,4,1.9685715488290445
B0006,165,1.1644009557372264,4.180283727512206,2.491537251958465,3.4166177332601,0.0020222968056506,-2.014625681416588,-1.5238501013926742,41.26268252018065,23.791460085164704,33.58210389885497,2793.39,0.5914953695383036,3,1.9685715488290445
B0006,166,1.1587974947916069,4.181170015245673,2.40904100737121,3.4121341541171764,0.000365940232113,-2.016243208356173,-1.523792814686802,41.45791806300034,23.802896883148367,33.6634605108384,2792.485,0.5886489091447494,2,1.9685715488290445
B0006,167,1.1749748834769171,4.1575524997258,2.475767645530351,3.419700177568569,-0.0004237695743895,-2.013736316594881,-1.539131085939872,41.11666214070682,24.698597962486065,33.730546074122294,2802.016,0.5968667403406401,1,1.9685715488290445
B0006,168,1.1856752327929356,4.188511527828155,2.4160441724133666,3.4234687742187893,0.0032206172427055,-2.014876364498059,-1.5426703969635054,41.36263766174168,24.907725860706154,33.8912822372509,2820.39,0.6023023310980009,0,1.9685715488290445
B0007,1,1.89105229539079,4.199497433806136,2.145975766935391,3.522006703394617,0.0009103844987851,-1.996867242177128,-1.8691188840185693,40.59042914535701,23.92407356409745,32.62485875142121,3690.234,1.0055292471522688,167,1.8806536962961409
B0007,2,1.880637027686859,4.198510349854315,2.111016698785212,3.531949043431712,0.0036015506039289,-1.994391196351152,-1.8680422715350309,40.26023408628707,24.261106709876195,32.738209593287145,3672.344,0.9999911368002972,166,1.8806536962961409
B0007,3,1.8806626717011388,4.198280074112568,2.025108512818265,3.5344025220217845,-0.0010276902277484,-1.994681656822022,-1.877784734502072,40.27558633997852,24.3190033925327,32.68511456550919,3651.641,1.0000047724921477,165,1.8806536962961409
B0007,4,1.8807709009833444,4.198267468745592,1.922542180649595,3.53492504932652,-0.0006983471237198,-1.9952731083659303,-1.8875256535871228,40.29314715799111,24.22357872488708,32.554748499572646,3631.563,1.0000623212489543,164,1.8806536962961409
B0007,5,1.879450872828505,4.198464224146956,1.871159045064988,3.534536640068787,0.0005983417342468,-1.9935500451030048,-1.8871559747738404,40.2688726302198,24.13830760704513,32.46787845303298,3629.172,0.9993604226711148,163,1.8806536962961409
B0007,6,1.8807003517117404,4.197967993115647,2.175686706590344,3.5411626672196816,-0.0004243475852501,-1.994104174576412,-1.8675154082122565,39.67620802332074,24.135840711684263,32.48624734055599,3652.281,1.0000248080843863,162,1.8806536962961409
B0007,7,1.8799352523566075,4.198023461704379,2.111788715601944,3.541165612176161,0.0005401764510727,-1.993164510431567,-1.8673304059806155,39.80381766292616,24.255515986671373,32.55779966353037,3650.828,0.9996179818001856,161,1.8806536962961409
B0007,8,1.88150881240388,4.199372697237068,2.026250619894166,3.549458117635797,-0.000328171819449,-1.9936540341331743,-1.9063154499484405,39.88810476942348,24.30295214496604,32.45374435641106,3572.453,1.000454690892546,160,1.8806536962961409
B0007,9,1.8696907870385844,4.19921182024681,1.950589433290604,3.5502805464079743,0.0005697252689816,-1.99377953803378,-1.916425930003817,39.95162250671474,24.257530932186896,32.373246444985035,3550.594,0.9941706922017872,159,1.8806536962961409
B0007,10,1.870052380139199,4.198957678253482,1.868824706765806,3.5481347674910286,0.0035107556642499,-1.99378312138298,-1.9165016044519976,40.05202185471829,24.189583713016194,32.30534276235138,3551.25,0.994362962103113,158,1.8806536962961409
B0007,11,1.8700442394188577,4.198832114024662,1.7896213776724978,3.548427214895644,-9.593499764332656e-05,-1.9942511729128327,-1.926771167846017,40.1213838436794,24.062655752137022,32.183319483399806,3530.25,0.9943586334378424,157,1.8806536962961409
B0007,12,1.8596518987766364,4.198945227315025,1.910336108594535,3.5560433603714667,-0.0018154689461531,-1.9938120330189373,-1.936979366983281,40.174657039770814,24.334878490739897,32.378853181816005,3491.016,0.9888327140925166,156,1.8806536962961409
B0007,13,1.8590746560862208,4.199051302806796,1.9086884059809104,3.5604849642800684,0.0021769059281878,-1.9942213710086447,-1.947065774665518,40.016434730174936,24.352069874766624,32.2913249500013,3470.281,0.9885257768336516,155,1.8806536962961409
B0007,14,1.8590084577709232,4.198107645780677,1.7868782934275431,3.5562872542469752,-0.0004508051048845,-1.9939995868905829,-1.946961601670498,40.16569230743226,24.125190486792462,32.14782797344657,3470.0,0.9884905772031038,154,1.8806536962961409
B0007,15,1.8593622586957048,4.19925638222589,2.1361343961784502,3.5647746218187324,-0.0011324628611877,-1.994356138623711,-1.946851050742258,39.46139677634257,24.072501109913752,32.01380948237792,3450.297,0.9886787037707322,153,1.8806536962961409
B0007,16,1.8587355450601035,4.199087384946408,2.0133501283179167,3.565438928797127,0.0005922421493807,-1.9935665024864544,-1.9574063719005568,39.5636595172155,23.938131916668528,31.88131010347136,3429.407,0.9883454613259188,152,1.8806536962961409
B0007,17,1.847817291322145,4.199009971925293,1.8575547668336485,3.565961679108638,-0.0019590482402041,-1.993742172224942,-1.9680136940585704,39.628948319501816,23.932016714666645,31.854304304240515,3409.484,0.9825398982073807,151,1.8806536962961409
B0007,18,1.8485252916137047,4.1985172274243965,2.165755612420893,3.572496559005355,0.0004326258514957,-1.9946244036549008,-1.9680499927642312,39.22534721491488,23.97681979044544,31.85655540457676,3390.422,0.9829163632062023,150,1.8806536962961409
B0007,19,1.848378951850034,4.198245740608724,2.0270686341513207,3.5699492020415136,-0.0024409084852146,-1.994455565707021,-1.9680218912213907,39.4126321606434,23.9807756950204,31.86718260708393,3390.281,0.9828385499628824,149,1.8806536962961409
B0007,20,1.8807805437609768,4.196262462698172,1.905311669649934,3.5464338449590023,-0.0008292148953224,-1.9992261048783584,-1.90666567906068,39.95874037686836,24.35868522365832,32.35216872128999,3591.734,1.0000674486031562,148,1.8806536962961409
B0007,21,1.88147215974436,4.1969587758867,1.7951975189442124,3.5531968089006387,0.0007573311396121,-1.9940266531677509,-1.926711860467765,40.31302300333008,24.65025766803762,32.60219299451182,3552.297,1.0004352015737037,147,1.8806536962961409
B0007,22,1.8810954313244783,4.197071720130598,2.1058524852518143,3.5599340214678805,0.0013452537587627,-1.993858646326954,-1.9260915660103672,39.359447242364645,24.30627397473693,32.19571819720114,3531.578,1.0002348837689827,146,1.8806536962961409
B0007,23,1.8710089649779995,4.19690260801443,1.846021007590992,3.5595604968238,0.0006146261200233,-1.9927272592846583,-1.9468340181835688,39.454159451189874,23.9467139821556,31.805988160181123,3492.907,0.9948716069645696,145,1.8806536962961409
B0007,24,1.8701995151941373,4.1966416719103465,1.7370300333706354,3.552385161941813,-0.0002739360521714,-1.9934659604006035,-1.9364196896718648,39.64174827400944,23.7951049382806,31.737001978644926,3511.594,0.9944411982266632,144,1.8806536962961409
B0007,25,1.8706715362800983,4.1971302559922,2.0506492642329937,3.5707670304281067,-0.0003786300348992,-1.993000639305042,-1.9675984733558023,38.86906912217273,23.71845701771557,31.51707667966367,3431.9370000000054,0.9946921860012282,143,1.8806536962961409
B0007,26,1.8596124644020169,4.19652461108806,1.8254369744762284,3.565722484743929,-0.0014954156580665,-1.9947910338783703,-1.9680130544442065,39.11839966443177,23.64183560576637,31.442860781038384,3431.125,0.988811745652289,142,1.8806536962961409
B0007,27,1.860033909718346,4.196790308710931,2.134879000684994,3.571283506748709,0.0005398984445576,-1.9956093835681803,-1.967557275755036,38.68010761281634,23.51989277533736,31.32326275303232,3412.406,0.989035840772597,141,1.8806536962961409
B0007,28,1.8591653109160768,4.196693048697735,1.970455493406623,3.56797162748914,-8.502750867487407e-05,-1.9936520198661487,-1.967618505240168,38.863045678198645,23.467259682273063,31.28571570579735,3410.688,0.9885739807268162,140,1.8806536962961409
B0007,29,1.8481398178778288,4.197078923354,1.813269430976001,3.5646314038791784,-0.0021454320098209,-1.9944764248874856,-1.9678214300979184,39.14531169811219,23.492198340361576,31.331850868998004,3410.718,0.9827113952545614,139,1.8806536962961409
B0007,30,1.849201702126164,4.196062203382386,2.048365732409564,3.568983888921194,-0.0025121744881896,-1.9940826161567085,-1.967505635477996,38.8380564174779,23.51112503683739,31.32285733932258,3392.719,0.9832760309716136,138,1.8806536962961409
B0007,31,1.8834677437950849,4.206531081984383,2.181560983985832,3.564620688944316,-0.0020329549327671,-1.994081294125572,-1.9683447778186904,38.95965174080089,23.527236127318183,31.60843645212248,3470.672,1.001496313491679,137,1.8806536962961409
B0007,32,1.8628211117905844,4.203187727641822,2.1177799354077496,3.569438814221784,0.0016192589541852,-2.003329552797809,-1.978806775438716,39.05387577229197,23.9542942093336,31.782101501165204,3414.109,0.9905178797453902,136,1.8806536962961409
B0007,33,1.852085039652352,4.202997027311235,2.1637448793153697,3.568742147335628,-0.001677256736689,-1.9938003511879967,-1.9785908218423576,38.699551697978606,23.73407143959736,31.51504198920288,3395.219,0.9848091880498502,135,1.8806536962961409
B0007,34,1.8469504648208708,4.2027504558714135,2.045656147205805,3.5642424070467817,-0.0024901255072808,-1.994233953094661,-1.9784335668087776,38.6052414906155,23.309807963383705,31.13866351339678,3386.0,0.9820789805472177,134,1.8806536962961409
B0007,35,1.836828431169018,4.202665067816707,2.1356202266992863,3.5653038098527605,0.0002120880463095,-1.9932621441916,-1.9781601679702336,38.42604747702835,23.305948209951065,31.068710515588776,3368.187,0.9766967915393276,133,1.8806536962961409
B0007,36,1.837161961967228,4.20243913428064,2.042987153745025,3.565432167703823,0.0016978688568831,-1.9932668899112056,-1.978376589969064,39.0468968949422,23.739006255698545,31.618244836823447,3368.266,0.9768741398724452,132,1.8806536962961409
B0007,37,1.8316722583718847,4.202794567899269,1.978616239411895,3.5622303163451425,0.0006200071499489,-1.9945447573637072,-1.9780771457931063,38.83676495861389,23.487622777066665,31.3315280636684,3358.719,0.9739550997503036,131,1.8806536962961409
B0007,38,1.8211470951317783,4.203135326288817,2.15845357648832,3.564481026852489,0.0003106338402807,-1.9937887547057835,-1.9780971417908424,38.49981470604549,23.2595984254445,31.132569191182142,3339.5,0.9683585546442932,130,1.8806536962961409
B0007,39,1.816506091511515,4.202837061508687,2.092603698932653,3.561614556780574,1.0269396682341148e-05,-1.992201283338572,-1.977978349880126,38.582340147970775,23.021675511770265,30.972969676157927,3331.265,0.965890793764444,129,1.8806536962961409
B0007,40,1.811381560150456,4.202745735932991,2.152888643167804,3.5630587459190144,0.0006306807076325,-1.9945004268443045,-1.978433495721842,38.787499833494046,23.18977956751028,31.1990648511682,3321.188,0.9631659266763928,128,1.8806536962961409
B0007,41,1.8116056333939583,4.203198796599359,2.0537418826405966,3.5629534367704405,0.0005017093700327,-1.993174676650297,-1.9782873833989176,39.31221126031847,23.74662782512349,31.722267598269813,3321.844,0.96328507314336,127,1.8806536962961409
B0007,42,1.8060548955557405,4.202901668731174,2.079330058633996,3.563446012076242,0.0014954532137275,-1.994616038219737,-1.978196143267665,39.40567993360536,23.98219553879158,31.900827580605675,3311.828,0.9603335792829274,126,1.8806536962961409
B0007,43,1.8132041826994056,4.196154302326916,2.075979330452076,3.563998342345823,0.0009071057750656,-1.995287894351176,-1.9670969462670496,39.32802757827611,23.71372956170196,31.5372402498617,3327.391,0.9641350697741036,125,1.8806536962961409
B0007,44,1.8062641938283528,4.204477224486428,2.0674349483094465,3.5604902283110547,-0.0007153493376797,-1.9951041266249487,-1.9781214643703728,38.6112528181758,23.52099861667097,31.24662583059252,3312.078,0.9604448694545444,124,1.8806536962961409
B0007,45,1.7958310249900458,4.20211656315423,2.037264031192436,3.5567002097886946,-0.0012469857773277,-1.9939079880095487,-1.978036445732872,38.56972695128688,23.07246859020669,30.939399361884792,3293.172,0.9548972405322952,123,1.8806536962961409
B0007,46,1.7858852600390451,4.202901194454151,2.1632674190148338,3.5584127263446006,0.0005268652442651,-1.9931708315999248,-1.977935781469453,38.34572083526661,22.983640218520343,30.88485700435457,3275.328,0.9496087788816528,122,1.8806536962961409
B0007,47,1.780326860450275,4.201790697233378,2.106631526845483,3.556136820956992,-0.0024226440673283,-1.9937766833094568,-1.9780170042003,38.48254063494672,22.96992297871689,30.920682316695828,3265.016,0.9466532110385582,121,1.8806536962961409
B0007,48,1.8150756899575573,4.191916354433964,2.1809272860788376,3.568999942180493,-0.0001758019097429,-1.993416647067197,-1.9779140108313504,41.0499421893331,26.46604285791351,33.8805778170798,3328.937,0.9651302063385002,120,1.8806536962961409
B0007,49,1.815702515484584,4.20342192245769,2.1773498094527195,3.571059290544873,-0.0012601283929447,-1.994657617315832,-1.978162017642311,40.361944885615415,25.38232315092876,33.038339318294426,3329.266,0.9654635082793418,119,1.8806536962961409
B0007,50,1.800243217805667,4.202807443974011,2.180136101967249,3.566692128462209,-0.0007693308142824,-1.9927642557550824,-1.9779553399945096,39.6676965288026,24.50191010057804,32.27329169539202,3301.579,0.9572433358417668,118,1.8806536962961409
B0007,51,1.7904476205609308,4.203276539809248,2.128629519907685,3.563327431073248,-0.0006536943792753,-1.9950332824030967,-1.9779914337720728,39.481181404811096,24.043121291612863,31.937919783481355,3283.563,0.9520347228663806,117,1.8806536962961409
B0007,52,1.780343032300132,4.202580870413733,2.155901281560187,3.559014621482901,0.0007008105306003,-1.994232501388858,-1.972188984422817,39.4190511430692,23.72477221974692,31.688686599521045,3275.125,0.9466618100963692,116,1.8806536962961409
B0007,53,1.775328769596812,4.203244171517053,2.067103728219671,3.556694583634292,0.0001504085743458,-1.9927179646840103,-1.9723254573804136,39.72196117128354,23.738337987235628,31.779120691032947,3265.656,0.943995576162288,115,1.8806536962961409
B0007,54,1.770262973473285,4.202697222668131,2.061983186454309,3.555013984911923,-0.0009153700172719,-1.99371542403896,-1.966838273678528,40.041366724781085,24.06931067212055,32.133873372089305,3266.093,0.9413019403624042,114,1.8806536962961409
B0007,55,1.760081061854204,4.202581421564202,2.143037413381466,3.552637375406741,0.0001465971906707,-1.99255052774098,-1.960929600351624,39.66314441864834,23.85737755230868,31.889431533099835,3257.594,0.9358879124426792,113,1.8806536962961409
B0007,56,1.749647593537689,4.201275185814673,1.992905798820928,3.547186025484395,-0.0009119903753978,-1.994265959280498,-1.9607588424014128,39.84751541049116,23.739137412822192,31.81736328028127,3248.593,0.9303401242788812,112,1.8806536962961409
B0007,57,1.749650075059311,4.202508747096239,2.0335961968180234,3.546814755244375,0.0010974883571477,-1.9932021181710204,-1.9607439129501685,39.74335777163101,23.58399487368775,31.72316205746117,3238.766,0.9303414437783863,111,1.8806536962961409
B0007,58,1.745028739214683,4.202333230196108,2.0213017345171265,3.544785017297265,0.001774869767192,-1.9932663431900044,-1.9550964299704847,40.07246786936068,23.70822834446801,31.957150654392294,3240.14,0.9278841408449812,110,1.8806536962961409
B0007,59,1.739645745528673,4.202490707154508,2.0789964919635966,3.546521542096416,0.0005136007463939,-1.9938941800121164,-1.955058998571939,40.24771611400392,24.21598770999788,32.29917704213345,3230.109,0.9250218415835002,109,1.8806536962961409
B0007,60,1.7285642277717963,4.202290557382721,1.9925354808829656,3.540832547654255,-0.0018160550004962,-1.9929599237339224,-1.9491545130405272,40.27220819224188,24.018596493562136,32.128842946565555,3229.7810000000027,0.919129466087309,108,1.8806536962961409
B0007,61,1.723900324588418,4.20313824854604,2.14041602578448,3.542992511358393,0.0002657157345997,-2.002837999763986,-1.9485230174751031,39.89848456781458,23.868157730931408,32.021134355757404,3212.469,0.9166495288226422,107,1.8806536962961409
B0007,62,1.7139788776485192,4.202703239422359,2.006753861515003,3.5360811169860216,0.0003221994780719,-1.994963835157279,-1.9431227050969848,40.0571305311587,23.679272417109907,31.85904886148665,3213.219,0.9113739977881734,106,1.8806536962961409
B0007,63,1.7139701997004613,4.202907102508285,2.121868132176415,3.5392436935272635,0.0004335128310188,-2.0016459444206927,-1.9430080085541768,40.240711749549135,23.840345275714288,32.16100333536097,3203.578,0.911369383462806,105,1.8806536962961409
B0007,64,1.7036521173638766,4.201457080806326,2.011964875882845,3.534823706293257,0.0008557352401421,-1.99404442992524,-1.9425165961920088,40.12941739090177,24.23912269518512,32.10276048728767,3195.125,0.905882949486734,104,1.8806536962961409
B0007,65,1.7040137474382486,4.204304103661928,2.0744390946376323,3.5366477402090606,0.0009344669590898,-1.99394242124594,-1.9370190075205085,40.3959693732437,24.100749099673767,32.33880662180898,3195.312999999994,0.906075239048116,103,1.8806536962961409
B0007,66,1.6935716157343033,4.20220228055958,2.188793384556236,3.535206284098092,0.0022188981259913,-1.994068391906693,-1.931019209657836,40.18751058333668,23.89454515016851,32.21373014824893,3186.297,0.900522844301273,102,1.8806536962961409
B0007,67,1.6876577363877656,4.202001482736379,2.1739523632140685,3.53298522375534,-0.0005031657572301,-1.9931157642861432,-1.930473835480344,40.14605167557969,23.747372758256024,32.09949526722965,3176.438,0.8973782572046775,101,1.8806536962961409
B0007,68,1.6830744356583152,4.202600613133091,2.1783847786257136,3.532158560934324,0.002667224750398,-1.993287600757209,-1.930551031475332,40.18846095484838,23.732576134274755,32.11305439113157,3167.593,0.8949411786832692,100,1.8806536962961409
B0007,69,1.6779270142025482,4.202328519159183,2.191481814157953,3.5308376380023527,0.000550345930346,-1.9932567265208057,-1.924719540998312,40.2789498830108,23.784085634385107,32.20371989479744,3167.719,0.8922041402450365,99,1.8806536962961409
B0007,70,1.6732060275966172,4.202855889678493,2.1753473356526807,3.5296958440720005,0.0026001975071493,-1.993361006627344,-1.9245739020356047,40.310727434969614,23.83125634938924,32.23340825772458,3159.077999999994,0.88969385001179,98,1.8806536962961409
B0007,71,1.6674367208253988,4.202212609390717,2.1832922624558813,3.5281819372126093,5.813877826634093e-05,-1.9942955362628867,-1.9243785304854075,40.31733812871393,23.78037304316956,32.212169716369466,3148.829,0.886626136491443,97,1.8806536962961409
B0007,72,1.6622662630667526,4.202335745153063,2.192864020990023,3.5265730179666974,-0.0006209850775538,-1.995101711321148,-1.9184028799161776,40.332563430145015,23.770282871894263,32.21746401954225,3149.094,0.8838768489597569,96,1.8806536962961409
B0007,73,1.6574243065763063,4.201997273379946,2.156097212664392,3.5245022548553444,-0.0008196546730972,-1.9939693898192543,-1.9181664471622712,40.431258866851486,23.76194654931583,32.23410177209762,3140.547,0.8813022354091695,95,1.8806536962961409
B0007,74,1.652538684928734,4.201599523927098,2.138540138129487,3.5228548406546385,-0.0005785652845972,-1.9959097500887344,-1.9180994998619485,40.46247985933005,23.75126365079373,32.228343983674435,3131.625,0.8787044037843498,94,1.8806536962961409
B0007,75,1.6472174627573322,4.20196227209543,2.1646493163558524,3.522282912123785,0.0007067950076479,-1.995053192036484,-1.9179522150902,40.40103455658551,23.692389087728422,32.1833106060944,3121.907,0.875874950290662,93,1.8806536962961409
B0007,76,1.6364136810898071,4.202045571197949,2.1187211383693167,3.5189923820688493,0.0025842973651256,-1.993252278498655,-1.9116539768893368,40.4426971996319,23.642375027314003,32.17200142078129,3122.125,0.8701302554067487,92,1.8806536962961409
B0007,77,1.6362554312048496,4.204697039833386,2.1377868706438155,3.51778442795708,0.0016296703790506,-1.993442401381344,-1.911586551073689,40.26214977673693,23.617774403005388,32.03316223587618,3121.672,0.870046109194573,91,1.8806536962961409
B0007,78,1.641119179218384,4.203964293328523,2.103155697792567,3.521222605727349,-0.0003124695442695,-1.993721164618022,-1.917648718820213,40.64566836195685,24.167910537487234,32.506671891788216,3120.86,0.8726323099518487,90,1.8806536962961409
B0007,79,1.6315700789656966,4.201985395805308,2.186737546753024,3.5172227884430147,0.0010705188392996,-1.995080127131668,-1.91113377024742,39.95209030011925,23.55302449077993,31.96103948562093,3103.828,0.8675547668233643,89,1.8806536962961409
B0007,80,1.621213282987236,4.20178017149305,2.100774791159369,3.5125010864221813,0.0012645403116355,-1.9937540476262583,-1.9108556098369367,40.16503458324407,23.15836420422582,31.798082670491866,3095.094,0.8620477476422903,88,1.8806536962961409
B0007,81,1.6164273214762122,4.202220537976551,2.1417010068719846,3.512961463507468,0.0007746435520126,-1.9934634318284483,-1.9049762303506044,40.36674175781141,23.26175935743409,31.95802833708937,3095.781,0.8595029083024109,87,1.8806536962961409
B0007,82,1.615823510161921,4.2013887453306085,2.0912297625621297,3.512520410039196,0.0004752084007865,-1.9955237523449136,-1.905106852054852,40.88269125311642,23.705879583857502,32.41813169746276,3094.328,0.8591818437090303,86,1.8806536962961409
B0007,83,1.61672418029789,4.201620573144587,2.166300950520593,3.5151454557578807,0.0014730247330521,-1.9937747556066168,-1.9049079394753687,40.85633220225456,24.063147568932987,32.64044972789331,3086.531,0.859660757045251,85,1.8806536962961409
B0007,84,1.6108655863730026,4.201668680267049,2.1843637809529235,3.513443179473182,0.0007479343585839,-1.993529946094214,-1.898761620917719,40.7780246115985,23.95500402082536,32.56399373078006,3085.625,0.8565455668662054,84,1.8806536962961409
B0007,85,1.6006603374309376,4.202567159315787,2.113995772639173,3.509708940257453,0.002791130516547,-1.993795039414877,-1.90433828068926,40.5829305350897,23.71296646985381,32.28305350922276,3067.203,0.8511191297916054,83,1.8806536962961409
B0007,86,1.5959174487005665,4.201472345711643,2.0287779476202195,3.5042771471757,0.0015411386303345,-1.994813747444024,-1.904192698545851,40.6345689985191,23.38046937634272,32.06065237439007,3058.157,0.8485971935416132,82,1.8806536962961409
B0007,87,1.5962179519462243,4.201332830124454,2.1948906641943635,3.509207943122176,-7.384784317216585e-05,-1.994905249607193,-1.8982712229514884,40.75070125010339,23.58248831945852,32.365261126964526,3058.812,0.8487569801340357,81,1.8806536962961409
B0007,88,1.5958065114633972,4.201522880341636,2.1621122251410005,3.5095064920492853,0.0018530612527821,-1.9940601969636649,-1.8977934870545985,41.0672419235651,23.98206918597125,32.68851871366292,3058.578,0.8485382048838993,80,1.8806536962961409
B0007,89,1.5906507821480704,4.201386492450036,2.0092802451741245,3.505203266169396,0.0040410194427514,-1.9937194932286224,-1.903643646720525,41.40590880756584,24.051439279589804,32.747733642524246,3049.328,0.8457967489074583,79,1.8806536962961409
B0007,90,1.6888211161855506,4.233325435700087,2.144268362237989,3.528118234591976,0.0010773421833417,-1.9937139334305616,-1.936992342648715,41.01558674901627,23.850620264439623,32.50500516961017,3177.219,0.897996861150782,78,1.8806536962961409
B0007,91,1.6259938279733204,4.203917718634026,2.09628137739202,3.519590928396835,0.0001619323178991,-1.9940123642001173,-1.9233409193548263,41.31851435911838,24.43569034018692,32.91993878980996,3082.937,0.8645897068533345,77,1.8806536962961409
B0007,92,1.6157433862812898,4.202046403451837,2.037656085248936,3.5146260368096875,0.0025807635004239,-1.9933319825535087,-1.916884219356136,41.4002950560853,24.481210786362457,32.948305858317944,3074.266,0.8591392394375533,76,1.8806536962961409
B0007,93,1.6056626764846538,4.201592874087554,2.050265845971926,3.5115494818370454,0.0003022515281129,-1.9934516762680057,-1.910472150518363,41.2508092329952,24.22844716982348,32.76906651915661,3066.0,0.853779023563419,75,1.8806536962961409
B0007,94,1.5949746921524348,4.201214370586727,2.1421639870693685,3.510769869032659,-0.0006093698061376,-1.994203337533412,-1.904277326283454,40.95362783962595,24.003142454503458,32.59734424608833,3056.437,0.8480959015972279,74,1.8806536962961409
B0007,95,1.5904102438871943,4.201660608337926,2.093098662464846,3.50804494279531,0.000577433970476,-1.9942540792901025,-1.904002494100001,40.989022190981714,23.879196296054904,32.52349894408369,3048.219,0.8456688474967149,73,1.8806536962961409
B0007,96,1.5853517062988178,4.201750207865124,2.109503853325003,3.507748080950393,0.001450116371467,-1.999980148540772,-1.9036546380501311,41.02622774121347,23.935993772910926,32.578228834731775,3039.218,0.8429790712777656,72,1.8806536962961409
B0007,97,1.5799737147242376,4.201226117420626,2.1295447836320704,3.506667352106726,0.0003095311788683,-1.995744295058308,-1.8977146678452768,41.01371342582121,23.980765847990668,32.62728298499839,3039.047,0.8401194317890219,71,1.8806536962961409
B0007,98,1.5752185465278068,4.201796973837129,2.138556110583413,3.50618439217454,0.0007088973292597,-1.995283636272928,-1.8973347377958825,41.04923314430273,23.999220368885872,32.652115712561326,3030.375,0.837590966178476,70,1.8806536962961409
B0007,99,1.569798484648868,4.201200470517945,2.143779366990932,3.5051004339266254,0.0016972268277341,-1.9943198333456515,-1.8970045774163773,41.05277512550887,23.973654052530293,32.64767456395258,3021.0,0.8347089566465705,69,1.8806536962961409
B0007,100,1.5702565375950357,4.201289094579205,2.199196544880164,3.5054479186890566,0.0050718814465873,-1.9968908750212224,-1.890912739928928,41.02092182377061,24.01135599553165,32.6993879231031,3021.75,0.8349525171420885,68,1.8806536962961409
B0007,101,1.565249873909438,4.201033482375415,2.0252901014990434,3.500074246846,-9.090347803085198e-05,-1.9939195524210047,-1.8968789299198896,41.34840278359994,24.011740056772418,32.724576765133094,3012.265,0.8322903238337415,67,1.8806536962961409
B0007,102,1.559633933561147,4.201482697501314,2.0874226328484515,3.5011647157526498,0.0010516290130581,-1.9941986616958327,-1.8964710309338209,41.23753665797544,23.99347983811607,32.70434030242972,3002.641,0.8293041598422787,66,1.8806536962961409
B0007,103,1.5649820533392105,4.196165946742788,2.0863200514042264,3.500407285435189,0.0024946169574364,-1.9932029763532653,-1.8967768141795405,41.21700308433066,24.069019867711653,32.74051962267582,3012.0,0.8321479156005006,65,1.8806536962961409
B0007,104,1.57497949984227,4.205246397279064,2.0588247910323827,3.507816455272743,0.0002870995994081,-1.99697276936168,-1.90314856001036,41.89753189273277,24.773284683784794,33.38712825139849,3020.11,0.8374638578830957,64,1.8806536962961409
B0007,105,1.5652811168780458,4.201509838937999,2.007722684403967,3.5025243992110107,0.0011258644840676,-2.0040394709724123,-1.9028574663381217,41.90270996402953,24.60432088403771,33.270627344923426,3002.172000000006,0.8323069366576066,63,1.8806536962961409
B0007,106,1.559755497470126,4.201909525379603,2.190682586389996,3.505155823274424,0.0012275375949171,-2.0003771874564404,-1.8963219640753084,41.48233804274523,24.423639542020226,33.115074143665915,2992.703,0.8293687990202508,62,1.8806536962961409
B0007,107,1.549897685670499,4.199865517000471,2.008435320437976,3.498364647513572,0.0010402847333103,-2.005293715624197,-1.908430732943726,41.6411622659972,24.19968791502018,32.90572814040102,2964.468,0.8241271046992594,61,1.8806536962961409
B0007,108,1.543877153134502,4.200859733656452,2.164636064139996,3.500140843862167,0.0003412651456227,-1.9945472659822976,-1.889754408573026,41.433877603827945,24.11639369687997,32.953112654161664,2983.375,0.8209258069016616,60,1.8806536962961409
B0007,109,1.5450187488690073,4.20162098338246,2.064742753691984,3.49909547013937,-0.0006483552972097,-1.9938553434941435,-1.895916758897512,41.8543569979417,24.459092848668902,33.2282109237263,2975.297,0.8215328276076819,59,1.8806536962961409
B0007,110,1.5445940154102908,4.201149059944848,2.170172617792397,3.501035761164061,0.0027223591581976,-1.994538814315664,-1.889387844169526,41.78271326384125,24.609806274773607,33.361342590516294,2974.9850000000006,0.8213069840834047,58,1.8806536962961409
B0007,111,1.5343086721758876,4.200810741834928,2.120750718982474,3.497212315865497,0.0017320639758289,-2.0003871362753527,-1.88891859636704,41.62744766181303,24.334930769941984,33.12431679486816,2966.25,0.8158379584703109,57,1.8806536962961409
B0007,112,1.5287603942958483,4.200373974181371,2.13627215665258,3.496089957852059,0.0004949274212671,-1.996471333028226,-1.888507115001076,41.552128441464966,24.14077679739368,32.991553593266204,2956.359,0.8128877726434538,56,1.8806536962961409
B0007,113,1.5289260249179843,4.201791474587699,2.093857236476905,3.495877119417779,0.0010239776284218,-1.9936433250812409,-1.88881808207332,41.839167194182565,24.39166057089849,33.2318318845246,2956.344,0.8129758434150489,55,1.8806536962961409
B0007,114,1.529091650133123,4.20067023466464,1.9959465760122976,3.493116071455022,0.0018837863099458,-1.9952567240378405,-1.8887930414931369,42.23998716092915,24.67206702561961,33.5098123920945,2956.406,0.8130639113115813,54,1.8806536962961409
B0007,115,1.5239059324661248,4.20021831736756,2.0305769860653866,3.492655946458748,-0.0001323108239163,-2.001090966399853,-1.888168080257056,42.04090238497712,24.56852628281145,33.382402850667845,2947.266,0.8103065096287456,53,1.8806536962961409
B0007,116,1.5186675419100617,4.200674971032527,2.0758803797636745,3.49208824531703,0.0011947086906479,-1.9951199234830208,-1.887904907597145,41.803429062834496,24.34305560390618,33.17829959346276,2937.984,0.8075211001903254,52,1.8806536962961409
B0007,117,1.5136482266426952,4.200371214024706,2.079354904824249,3.490216477408044,0.0010653130649685,-1.995116853206629,-1.8877303662432203,41.6886924602386,24.0993140682898,33.01591345323486,2929.125,0.8048521796563366,51,1.8806536962961409
B0007,118,1.5136050185229033,4.200965645223048,2.0585109366080414,3.490593195862046,0.0004787085189064,-1.99495231189078,-1.887807716329412,41.98817160118213,24.36377918362768,33.271000362987586,2928.454,0.8048292046025683,50,1.8806536962961409
B0007,119,1.5139470614867965,4.201492773602507,2.0253107306977376,3.4911419366203664,0.0014011551714919,-1.994323430810411,-1.887674933393443,42.33252236723314,24.74466282559706,33.61966967517867,2929.375,0.8050110791095905,49,1.8806536962961409
B0007,120,1.5339599193158786,4.192768207316796,2.0069579017420067,3.49283645226053,0.0001912373509952,-1.993558124867768,-1.901022727285377,41.63553796804361,24.95875411585554,33.29697162630193,2946.031,0.8156525161101912,48,1.8806536962961409
B0007,121,1.5391372798653098,4.204602036514753,2.19792648712031,3.5025157522808223,0.0030058963802608,-2.002748484975491,-1.8951144121477888,41.470498076928735,24.95211336056763,33.393130865360554,2955.438,0.8184054740628582,47,1.8806536962961409
B0007,122,1.5236247972838737,4.200995491738166,2.0299415196572554,3.492953565598811,0.0013222402114302,-1.9944619397860408,-1.8941478117057609,41.54038193238441,24.59206034022774,33.13820710362847,2937.625,0.810157021616782,46,1.8806536962961409
B0007,123,1.5135813035589147,4.201036137691208,2.117150391576778,3.491746263651724,0.0019620386177833,-1.993640903324712,-1.887504201472892,41.13947017697289,24.21295183077047,32.84069778843796,2929.078,0.8048165946446398,45,1.8806536962961409
B0007,124,1.5077850749847914,4.200762329918291,2.130989905274772,3.490432264232956,0.0007664599576748,-1.994011319738722,-1.887143404342272,41.09041922644824,24.08347032776052,32.75739655594484,2918.375,0.8017345659938899,44,1.8806536962961409
B0007,125,1.5031960676037333,4.201013677167557,2.129431831748565,3.488861416967918,0.00122567742659,-1.994441480864884,-1.8807630082774924,41.10034021580957,24.06336388722212,32.77234087259374,2919.812,0.7992944530745917,43,1.8806536962961409
B0007,126,1.497822059699588,4.200439147859412,2.164511453629433,3.4891932104785104,0.0028159136812845,-1.992734445097276,-1.886419275237733,41.03075447325996,24.014672446811392,32.720417557744895,2900.422,0.7964369318229497,42,1.8806536962961409
B0007,127,1.492848534633516,4.200264786461796,2.1743012710834013,3.487878571337592,0.0022981628295229,-1.994256304880574,-1.8800039366336023,40.99688397371006,23.987947203431663,32.710022803073514,2901.375,0.7937923593129406,41,1.8806536962961409
B0007,128,1.492414389867026,4.200151660684939,2.1928976284966537,3.486430546073901,0.0016961980319279,-1.993300105892976,-1.873336653737241,40.88481342461614,23.86413247301575,32.62076759783716,2901.187,0.7935615115139305,40,1.8806536962961409
B0007,129,1.487482776538081,4.200453152662228,2.029849589914729,3.481257277522668,0.0003609582922841,-1.994355063355133,-1.879702248133121,41.09400879501426,23.796556329674623,32.57651826255201,2891.64,0.7909392247321282,39,1.8806536962961409
B0007,130,1.482535148640411,4.200291122451955,2.095949224783681,3.4823550791204023,0.0001961097375452,-1.9927610429233324,-1.8790751470067304,41.01377835587309,23.78880285644337,32.58396494906228,2882.906,0.7883084225236121,38,1.8806536962961409
B0007,131,1.4827874322228984,4.199877643371451,2.177723491219515,3.4835074286280525,0.0015180809940599,-1.9944391195904976,-1.8728728303565048,40.90635248178393,23.82871891762843,32.623742674615976,2883.265,0.7884425692742787,37,1.8806536962961409
B0007,132,1.476971179775059,4.200436806124781,2.056251340337525,3.478976541530706,0.0005279711713773,-1.994379463643991,-1.872678642140012,41.06596192416311,23.743478109305848,32.58599202496769,2882.969,0.7853498933290507,36,1.8806536962961409
B0007,133,1.4819015554137276,4.193077426787744,2.1512510632923165,3.483501191305966,0.0024042447038229,-1.992644974954703,-1.872734820116884,40.84520330629611,24.457169523678328,32.864544723781215,2891.656,0.7879715219937956,35,1.8806536962961409
B0007,134,1.4981366198874824,4.203372086437543,2.1693699073642034,3.489970199409661,0.000828308861303,-1.9933389783603288,-1.8800362373714223,41.12807910254104,24.575871874910508,33.079651096902374,2901.25,0.7966041929133428,34,1.8806536962961409
B0007,135,1.4820775214392872,4.202065190134895,2.116759239247948,3.484801138956006,0.0030675311032014,-1.9933817364068824,-1.8730214281226407,41.094988453128494,24.32851203519328,32.932141650182686,2891.703,0.7880650884095085,33,1.8806536962961409
B0007,136,1.4771155312812152,4.200086642861885,2.009424225590032,3.47835437960934,0.0030467354150696,-1.9932411647857315,-1.8725486136074456,41.11877573165318,24.08043303814577,32.755748003791545,2883.016,0.7854266493561919,32,1.8806536962961409
B0007,137,1.4720772783056488,4.199758658258613,2.0034792344341588,3.475694933923807,0.0021959636917793,-1.995591810750265,-1.8724613181992065,40.98003499062696,23.77234297368613,32.52965474617847,2873.453,0.7827476590745207,31,1.8806536962961409
B0007,138,1.472248013656454,4.199843161074874,2.172988732474185,3.481431873453954,0.0019190547671286,-1.9935321227601952,-1.8659419458758728,41.017509953482886,24.13000363319517,32.848065199041,2874.031,0.7828384441835183,30,1.8806536962961409
B0007,139,1.4670106672274663,4.200352076636086,2.087464676179042,3.479606033623236,0.0021311239778481,-1.9930538887372675,-1.865786095147701,41.299420742573055,24.398489581288885,33.072327061961936,2874.234,0.7800535899387936,29,1.8806536962961409
B0007,140,1.461767249533538,4.200169604165679,2.110564313669325,3.47822589673296,0.0025488236883237,-1.996737767854495,-1.865460584903752,41.105738037939375,24.15787591865575,32.85096451719535,2864.984,0.7772655074203294,28,1.8806536962961409
B0007,141,1.4566952670489708,4.199911577879335,2.0724687293779813,3.4743233868367187,0.0015365248744252,-1.9940890874950363,-1.865134613881632,40.87704013237699,23.833084099928943,32.572302329954546,2855.093,0.7745685821466566,27,1.8806536962961409
B0007,142,1.451354972758956,4.199564012073342,2.125382697327052,3.4737305453330443,0.0011522148915565,-1.9932272893446616,-1.858515986418667,40.73021986226824,23.613836363374315,32.450684441760906,2855.625,0.7717289874352368,26,1.8806536962961409
B0007,143,1.451615926257375,4.199951033620322,2.1147331324879475,3.47481272321405,0.0030918125678027,-1.9966895581151056,-1.8588972649148483,41.03226257370644,23.88537512458738,32.7394359440147,2855.594,0.7718677442403481,25,1.8806536962961409
B0007,144,1.4468161332173683,4.19995987158867,2.1738445330859366,3.476096426841386,0.0029628405126883,-1.9930274022141448,-1.858196967233421,40.89527781087817,24.02342893757079,32.775898242252914,2847.437,0.7693155502614888,24,1.8806536962961409
B0007,145,1.4467570607768785,4.200414702164272,1.9947266977360072,3.4686822529487804,0.0006568763083351,-1.9935942445664656,-1.8581200056254088,41.02491521192672,23.75894434400727,32.5817324044051,2847.36,0.7692841396723908,23,1.8806536962961409
B0007,146,1.4413797481446793,4.199552965128597,2.0033802121225017,3.4661964701943586,0.0026276137551773,-1.994370314261552,-1.8577209868352305,40.81596834579472,23.458006651239486,32.35021153014993,2837.328,0.766424861197683,22,1.8806536962961409
B0007,147,1.4362456252208178,4.199706970400125,2.116470909151213,3.468183423895935,0.0021315502195588,-1.9938361784378087,-1.851245835407516,40.65138669632271,23.312450683066256,32.28754240914786,2837.281,0.7636948939878916,21,1.8806536962961409
B0007,148,1.4368154153924828,4.199300346769649,2.051877342511651,3.4678606629897453,0.0003083819002708,-1.994206051788244,-1.8514531972432,40.965385542419945,23.67192071435474,32.603239183227075,2838.515,0.7639978685189215,20,1.8806536962961409
B0007,149,1.4362945145860049,4.200086391757318,2.003221375307111,3.4662499547181245,0.0028170347777114,-1.993515247147098,-1.8574211435317929,41.11319128215138,23.703251528067923,32.61208344144242,2828.328,0.7637208899303043,19,1.8806536962961409
B0007,150,1.4418575315878015,4.189989265375979,1.9865974995249176,3.462469269360201,0.0021921104214289,-1.99378580594933,-1.857823928669184,40.78738321989129,23.32719332912165,32.26742656599958,2838.265,0.7666789129904523,18,1.8806536962961409
B0007,151,1.4672063484781797,4.202670619155847,2.1908121182442706,3.480518309485383,0.0023628760398125,-1.996213250941652,-1.8658259561850363,40.73001188190229,23.97791363088396,32.637733704417855,2864.547,0.780157639531283,17,1.8806536962961409
B0007,152,1.4518640367848883,4.199186500777735,2.033261415031626,3.4723137993738336,0.0012510749735953,-1.993458887321793,-1.8647784241320744,40.990354594470126,23.91927093515108,32.665258715232376,2846.39,0.7719996720524711,16,1.8806536962961409
B0007,153,1.44713797527485,4.199638763972608,2.19135439601875,3.474362108592906,0.0026139024713906,-1.993662634441788,-1.8578958465335809,40.62521315513875,23.75032311694057,32.502652632323915,2837.969,0.7694866833404366,15,1.8806536962961409
B0007,154,1.441790586562399,4.200028390360542,2.1840705012733683,3.472282321238876,0.0027107013781295,-1.9935668796843675,-1.851194762921304,40.58944296824891,23.62817283156369,32.446842086875606,2838.156,0.7666433163117367,14,1.8806536962961409
B0007,155,1.431630947911111,4.199347098159206,2.1664368343684446,3.4701761898320465,0.0007252787010097,-1.9934697961408,-1.8509042611451945,40.584393586876246,23.53981212995311,32.39361892904713,2829.843,0.7612411315972956,13,1.8806536962961409
B0007,156,1.4318084249673686,4.199148920577739,1.987193667465448,3.4635011119445216,-0.000179521434056,-1.9934414275491168,-1.850858274670624,40.884444140401214,23.49802323358846,32.417221778010834,2829.625,0.7613355014733696,12,1.8806536962961409
B0007,157,1.4262562585106868,4.199648027535327,2.1314172797434523,3.467453100453348,0.001281010018485,-1.9940355259074865,-1.8504182940365097,40.65159637790841,23.52742809133315,32.40094040453025,2819.437,0.7583832479736337,11,1.8806536962961409
B0007,158,1.4260877528924911,4.199193175738452,2.188995882590831,3.4675864728547845,0.0005356664506589,-1.993771785891296,-1.843689287692697,40.53138082339522,23.458033825865048,32.36314241861482,2819.579,0.7582936484803683,10,1.8806536962961409
B0007,159,1.4212633510031694,4.199053572226856,2.032246494641712,3.462182535852444,0.0026041426376996,-1.9938797141417293,-1.8498733070449755,40.821433488540606,23.438813900162128,32.382600705235255,2810.672,0.7557283692379309,9,1.8806536962961409
B0007,160,1.4163272748795108,4.199879744716988,2.1695130053947387,3.465962999117946,0.0009364024885806,-1.9940053249383376,-1.8432877207292044,40.643362943412974,23.504429518319206,32.4323818014572,2811.485,0.7531037094542716,8,1.8806536962961409
B0007,161,1.4165781829175994,4.198680179439704,1.9917978280585305,3.4601727514874407,0.0012154494508675,-1.9936134940183787,-1.8494580225090995,40.97063567014205,23.53850573910616,32.48861829940489,2802.422,0.7532371247867077,7,1.8806536962961409
B0007,162,1.4108401729425175,4.199235005181635,2.153448646261708,3.464226115253961,0.0024889122249394,-1.9932783787552537,-1.8426221358637016,40.74888323397497,23.59680665310433,32.524062377970175,2801.625,0.7501860527119378,6,1.8806536962961409
B0007,163,1.4109949628347804,4.198950996279868,2.0101572712330453,3.458799193390812,0.0026875024090308,-1.9936687629475545,-1.8427098003104343,40.93461596721165,23.507102422227057,32.482615965621896,2802.031,0.7502683591421795,5,1.8806536962961409
B0007,164,1.40617142903988,4.199393701075195,2.132718741006573,3.4620805499710854,0.000994707873273,-1.9932378340066104,-1.842239518040086,40.74175890345818,23.49103023425758,32.46389583182878,2793.39,0.7477035414915933,4,1.8806536962961409
B0007,165,1.4063358479692922,4.198994975977764,2.0114763339798887,3.4578782949034514,0.002778008422878,-1.9929534332525367,-1.842252843487983,41.00964443691023,23.555518771498985,32.55681404542561,2793.39,0.7477909679698099,3,1.8806536962961409
B0007,166,1.4004552399066514,4.198421699164089,2.1610456063312298,3.461590937144894,0.0017032344350931,-1.997554904717948,-1.8356063485512333,40.80558697887537,23.595817643467868,32.576296430484255,2792.485,0.744664072213179,2,1.8806536962961409
B0007,167,1.4217865046055154,4.188887274283021,2.0143553387267827,3.462906230864041,0.0005141412894631,-1.9933150584565904,-1.8561013515700384,40.92586026351328,24.482611948371623,32.81804879809979,2802.016,0.756006545705707,1,1.8806536962961409
B0007,168,1.4324552720625434,4.2050716026539625,2.1732119934933296,3.47535804252648,0.0016833616341213,-2.00603752072988,-1.8574370794605968,40.57390100608222,24.737923198971707,32.92941193334214,2820.39,0.7616794494827499,0,1.8806536962961409
B0018,1,1.8550045207910817,4.188195942647034,2.472160843460044,3.5275462263272543,0.0014590806056812,-2.012995081928318,-1.9541761960216968,38.10180309676608,23.8195202516044,31.773285281389256,3434.891,1.018083290128199,131,1.822055757891376
B0018,2,1.8431955317089987,4.186703558364525,2.4114381994148304,3.534835576186522,0.0031077708566253,-2.012643873951446,-1.9474374301153288,38.14987995994155,24.314787074430125,31.92489159472864,3425.485,1.0116021552721786,130,1.822055757891376
B0018,3,1.8396018424355425,4.188811210133346,2.394395968141027,3.538246596159443,0.002173103354404,-2.0118244627327857,-1.952051132347974,37.5266914843442,23.74169210144422,31.31691283374216,3410.375,1.009629828542938,129,1.822055757891376
B0018,4,1.8306736044962053,4.188875360300162,2.3999481734774424,3.537697945111872,0.0019898436251189,-2.0135271229076634,-1.946091456212276,37.06279237079503,23.227856809949373,30.821190751176527,3404.719,1.0047297381364455,128,1.822055757891376
B0018,5,1.8327002069419656,4.189908817357781,2.3851461229395867,3.542667604586918,0.0017914962991381,-2.014479287336525,-1.9412796601390512,38.2110354381278,24.41464171159345,31.95346971511436,3417.641,1.0058419996229468,127,1.822055757891376
B0018,6,1.8285288846046388,4.190509582057232,2.371677070838912,3.5451037330477333,0.0026630542241708,-2.01246830059768,-1.940033881908304,38.17496505957075,24.695286535085184,32.02311236185272,3411.766,1.0035526501783645,126,1.822055757891376
B0018,7,1.8212011895697924,4.1903241054041,2.49644915770408,3.5475142438631493,0.0024302706501015,-2.0129654127777004,-1.933566718484772,37.64038685475582,24.31366014142129,31.63453315807769,3399.516,0.9995309867341424,125,1.822055757891376
B0018,8,1.815170010643328,4.190302498850287,2.4374506721131883,3.544812433691423,0.0073151778476343,-2.0253396376938984,-1.9332161326561408,37.37602884738843,23.917267950078497,31.288194921595714,3388.75,0.9962208910357296,124,1.822055757891376
B0018,9,1.8042980520967649,4.188517549229078,2.4152206992194847,3.543478027416409,0.0013308719123062,-2.0164107237206794,-1.932595948997046,37.28928029078695,23.65464110227768,31.11122470608501,3380.406,0.9902540272339626,123,1.822055757891376
B0018,10,1.8231002302844224,4.191794143442699,2.377432309524995,3.543133206790044,0.0019160597964111,-2.0137948590788683,-1.9387520938161948,37.52377766578506,23.598003231352457,31.13166983979621,3404.141,1.0005732384360484,122,1.822055757891376
B0018,11,1.8121253520255487,4.190699409462101,2.3887487262583647,3.545155146280937,0.0028767662739353,-2.0130992718348324,-1.9319248326301843,37.72420412562674,24.126322531318674,31.51305775907457,3396.141,0.9945498891442712,121,1.822055757891376
B0018,12,1.8046916382117768,4.190263311275428,2.432289857016922,3.545032366549762,0.0026282018790305,-2.012646457499825,-1.9249594896453863,37.41366095304306,24.009919830527505,31.31102568785445,3384.094,0.990470039347372,120,1.822055757891376
B0018,13,1.790844349786295,4.18970538556629,2.497495633221204,3.5440892170496827,0.0032049896807159,-2.011939908405691,-1.9179528942264992,36.94724908852665,23.551364638150325,30.893964711700164,3370.656,0.9828702233892112,119,1.822055757891376
B0018,14,1.783470722841926,4.188354430914051,2.478768686108376,3.541317108618481,0.0038464738146169,-2.013704827395307,-1.917373033348097,36.70709131205994,23.09050168217513,30.540598970902945,3357.797,0.978823351106388,118,1.822055757891376
B0018,15,1.7809386125310702,4.193543208571066,2.385849407868021,3.541197979542517,0.0019820132803126,-2.0130040542547274,-1.918065242227558,37.13061214416645,23.303464882146475,30.82566018736547,3363.015,0.9774336514224518,117,1.822055757891376
B0018,16,1.771209039672698,4.190238041929225,2.372854084449551,3.541255460524434,0.0020341106534608,-2.014784153266325,-1.9106033469326071,37.686600065941576,24.000119916961825,31.451400678644536,3357.734,0.9720937638716822,116,1.822055757891376
B0018,17,1.7686303996707076,4.19075698083662,2.4086912736769084,3.5427478949705886,0.0030576354902658,-2.0129355983090056,-1.909404549449075,37.633580732302406,24.22294874000798,31.518847747922937,3344.187,0.9706785272682894,115,1.822055757891376
B0018,18,1.7536304801917124,4.189715378549557,2.496331992137246,3.541251093602656,0.0057259807892281,-2.0117266911103093,-1.896056770245541,37.15252578645951,23.79566158754756,31.11237289077096,3339.969,0.96244611208888,114,1.822055757891376
B0018,19,1.7462197416415093,4.187635645163932,2.4199896352919668,3.5350260562177453,0.0035410701860686,-2.012077515518729,-1.8948411660605733,36.78829001793698,23.127324953354822,30.586452588663985,3327.641,0.95837887182024,113,1.822055757891376
B0018,20,1.7376647337053737,4.191004692440202,2.3587321881999297,3.5326627624319777,0.0036253848491611,-2.011349710066744,-1.90021436299665,36.541146197392216,22.78096726207093,30.24291302110412,3312.844,0.9536836214695944,112,1.822055757891376
B0018,21,1.7315166735475835,4.1906972904216495,2.4458096660548825,3.5333109441755526,0.0031433432763886,-2.0122749284189503,-1.8936767267608487,36.372087786130464,22.57870761159904,30.10270376338569,3302.031,0.9503093777719672,111,1.822055757891376
B0018,22,1.7085949894470602,4.185877977731026,2.3808537751929744,3.52738705832889,0.0026688208535405,-2.012448687975656,-1.8739718829459888,36.52608510498833,22.714077867822585,30.25118485222193,3305.547,0.9377292555659102,110,1.822055757891376
B0018,23,1.711469957068211,4.188109147549676,2.436955746154759,3.529602596572045,0.0029159205825874,-2.012334644346066,-1.8791764961687347,36.476252762052624,22.65890518865621,30.212407704391104,3289.562,0.9393071258416684,109,1.822055757891376
B0018,24,1.7075021373272627,4.188302415854336,2.467136573179072,3.528970769422984,0.0037528750707342,-2.0122688936966697,-1.8780560689384005,36.37720890237669,22.50816742543085,30.12501100963617,3283.797,0.937129464854202,108,1.822055757891376
B0018,25,1.7492382064360228,4.18962510592865,2.4129371999368505,3.5322741848919814,0.0019453368756264,-2.012513173999148,-1.8993718818269207,36.64000948247426,22.614491386507936,30.22428629982563,3325.235,0.96003549773931,107,1.822055757891376
B0018,26,1.7327697147429957,4.190150750158746,2.3497771039810256,3.532438322521663,0.0029083838216241,-2.0129844574191207,-1.8926958551018207,37.38165499248184,23.427272668893146,30.976376254737342,3317.547,0.950997085154129,106,1.822055757891376
B0018,27,1.7222313328292376,4.189151018945234,2.4904700018477026,3.5363211310943603,0.00379619845149,-2.013596799411644,-1.8783667048362824,37.59824760372582,23.95851287847354,31.41570291330098,3311.766,0.9452132984241586,105,1.822055757891376
B0018,28,1.711846298984729,4.189631312089484,2.4650908929255406,3.533535274219931,0.0037891536387384,-2.0157162812456435,-1.870834339681941,37.56055515516341,23.961434154126863,31.38329984153528,3305.218,0.9395136738108444,104,1.822055757891376
B0018,29,1.699267835126687,4.187690359657657,2.363133281953362,3.527012841842043,0.0035498928055129,-2.0125462740568847,-1.869656723463972,37.52114200586718,23.619671716582488,31.167937826253635,3295.453,0.9326102276327763,103,1.822055757891376
B0018,30,1.6940366439243106,4.190215357888677,2.4790616361836206,3.52925730014011,0.0016492704051233,-2.012800439982786,-1.8623726014599724,37.21887096740918,23.47871848419422,30.994690437264207,3287.0,0.9297391896967968,102,1.822055757891376
B0018,31,1.6819027078768087,4.189776104976122,2.491905723274248,3.527821497534469,0.0021901473038837,-2.0132684044986244,-1.8547843408980225,37.33441415744885,23.470322857025764,31.05531797855489,3276.922,0.9230797139947226,101,1.822055757891376
B0018,32,1.6769770618433686,4.189846430994002,2.4337177596826547,3.525692957415014,0.0024224604448448,-2.013231862286827,-1.8538766950740675,37.7331798444306,23.769516048374253,31.373945543706103,3268.687,0.9203763686047108,100,1.822055757891376
B0018,33,1.6655229306478936,4.188109551881256,2.4424506461535755,3.524396248234728,0.0022152306400403,-2.0132145295965795,-1.845735037450336,37.84649344841882,24.00146315552124,31.56128410753226,3260.594,0.9140899906243076,99,1.822055757891376
B0018,34,1.6571924575832084,4.186368648390758,2.4383419399858552,3.520797576383474,0.0039935721600975,-2.014122293372892,-1.838253855849893,37.6701649416618,23.69718990044221,31.31847472390288,3258.812,0.9095179718874464,98,1.822055757891376
B0018,35,1.6482241555294048,4.1901657245031085,2.4157245398944123,3.519457281260753,0.0030781141382558,-2.0127023314619743,-1.8435676915974053,37.53185198546868,23.49043258255704,31.104012325043943,3243.422,0.9045958930679804,97,1.822055757891376
B0018,36,1.6387701497987262,4.189966178473989,2.323395712524894,3.513165600287965,0.0023451184424322,-2.013140654116361,-1.83704467002657,37.593333753421376,23.31675245518661,30.98973039800908,3236.515,0.8994072451960735,96,1.822055757891376
B0018,37,1.6276486907262062,4.188259618341401,2.4985039496028567,3.517217159454334,0.0041509497980638,-2.014033000339436,-1.8211904293154169,37.36141011067826,23.252438684811104,30.967851972472324,3230.734,0.893303447864761,95,1.822055757891376
B0018,38,1.62215370227252,4.18974005757658,2.350237238739749,3.5120091114107965,0.0030923276022194,-2.012673084048405,-1.8270453339799269,37.89980324671546,23.493229087742925,31.285342046153826,3222.093,0.890287629918528,94,1.822055757891376
B0018,39,1.6140066510467586,4.1862359225351335,2.3337740352348813,3.50911052654104,0.0061969698057655,-2.012635202899368,-1.819052179250902,38.03149707759718,23.64731684697707,31.41096207271253,3220.344,0.8858162787041227,93,1.822055757891376
B0018,40,1.6760516154424625,4.189625262426538,2.317647291087635,3.516106699716392,0.002701103444968,-2.01318368468478,-1.869374596949812,37.42220155418978,23.01653902765608,30.755137125871208,3250.75,0.9198684552782947,92,1.822055757891376
B0018,41,1.649300642552199,4.186586244011676,2.492394514304757,3.519010068254593,0.0036285932240811,-2.012193154001789,-1.839770443871628,37.32511174435206,23.38270318088717,30.977446633931525,3239.344,0.9051867021132752,91,1.822055757891376
B0018,42,1.63238299185809,4.189366482043888,2.372828310153791,3.512421274222929,0.0076414091098653,-2.012774153678253,-1.837963396328485,37.31088262198154,23.141477779700992,30.800512192698992,3222.25,0.8959017773129019,90,1.822055757891376
B0018,43,1.6164159719025777,4.188553804618968,2.3560703177076867,3.50815215295169,0.0076760090804765,-2.012946778665685,-1.8296109578903783,37.23234655688736,22.876954081867613,30.61619279567613,3206.157,0.887138587774734,89,1.822055757891376
B0018,44,1.6109028378249377,4.188764708195774,2.4644431530094417,3.508648568515266,0.0028721856858407,-2.0135827897679706,-1.8210831511954937,36.94850857727268,22.56634750757244,30.399839302766903,3197.969,0.8841128109543691,88,1.822055757891376
B0018,45,1.5954638693695655,4.188636968174337,2.4195167274486726,3.505199343959548,0.002949186928343,-2.013020303951627,-1.8199201144788144,37.002663545357386,22.54982312188728,30.38386825126278,3181.625,0.8756394322509428,87,1.822055757891376
B0018,46,1.726707440085764,4.188466199744378,2.3422406504312434,3.523165280193865,0.0073633480208382,-2.023314533825632,-1.8951156248467715,36.71025442949399,23.125008977470344,30.576239500422748,3302.36,0.947669923166371,86,1.822055757891376
B0018,47,1.7165673917429751,4.189570916346704,2.3755467142668496,3.527269876472835,0.0032934948283157,-2.012680983917414,-1.8867694858233448,36.72807623650589,23.408964388688208,30.705906284556665,3285.812,0.9421047540990292,85,1.822055757891376
B0018,48,1.6958235570934848,4.189584987657955,2.414629137532592,3.526762654741574,0.0042866807827426,-2.0115911942512583,-1.8786631828974327,36.72959308355185,23.27092942648984,30.62583594950684,3260.016,0.9307199023678744,84,1.822055757891376
B0018,49,1.6777783190792557,4.189371286385834,2.3844645496129964,3.523020179476104,0.0041838989344953,-2.01260531537844,-1.8704748023295987,36.787462351640364,23.203934391629986,30.59735706865797,3240.031,0.9208161231140976,83,1.822055757891376
B0018,50,1.6606586897774192,4.187606340824144,2.398646371281655,3.519792345798265,0.0023580257907636,-2.0134407767806635,-1.856283397120224,36.75689163314213,23.12071549691479,30.528493896066266,3232.265,0.9114203462682514,82,1.822055757891376
B0018,51,1.6664109274827466,4.188829347125095,2.4557130111721626,3.5251014582287223,0.00267333792564,-2.0130995106645164,-1.862535475437064,37.35015763097096,23.77348158787625,31.20375424610397,3232.031,0.9145773504819888,81,1.822055757891376
B0018,52,1.6468336174407805,4.189202115880737,2.323665882820083,3.518519199837846,0.0039143523414103,-2.0125662318740924,-1.8606833274060013,37.48126030855565,23.734039908264887,31.17263944933504,3209.5149999999994,0.9038327231800108,80,1.822055757891376
B0018,53,1.6257639928779952,4.186778882107656,2.488054079510012,3.5190801794284594,0.0109793009845511,-2.026718552407948,-1.8383636766891704,37.12544389762631,23.549534792728995,30.96825922704022,3196.125,0.8922690679671929,79,1.822055757891376
B0018,54,1.6121577411874597,4.187888599491238,2.3306937114568003,3.511416727290241,0.0143059566058354,-2.013261835361458,-1.84369585881154,37.19112571388883,23.30725669183149,30.821704306343133,3172.562,0.8848015403508691,78,1.822055757891376
B0018,55,1.6057366823755344,4.18915752014188,2.389399831578687,3.5108038681605738,0.0025621455991493,-2.0186878439171223,-1.8362729789790888,37.17642722353301,23.14397688753905,30.7652197216374,3172.735,0.8812774666313271,77,1.822055757891376
B0018,56,1.673645314879889,4.191289655270872,2.4864200723178747,3.51432611790755,0.0041319662841082,-2.012371641203182,-1.864690278795044,37.11936678632194,23.07707229087829,30.809988428281613,3238.109,0.9185478038371128,76,1.822055757891376
B0018,57,1.6404348572349936,4.190628233635541,2.4673631110639858,3.5196664048265607,0.0029691316095712,-2.013097827670719,-1.8572649157581864,37.2702464066457,23.56722203053731,31.03903359070028,3191.063,0.9003208876184075,75,1.822055757891376
B0018,58,1.6132653317422077,4.189158279329032,2.375173080957567,3.512403849382274,0.003942489066878,-2.0125787987088013,-1.8483454421357688,37.39550861947664,23.53336339767724,31.04176453157222,3165.828,0.8854094199670395,74,1.822055757891376
B0018,59,1.5920964324686278,4.185868202467219,2.371626022111289,3.5077862234460104,0.0034682912763662,-2.015019692764474,-1.839168422289249,37.378956702246384,23.381334724831305,30.95978419551177,3140.407,0.8737912797526708,73,1.822055757891376
B0018,60,1.5866011820698824,4.186906972044146,2.463955873060647,3.5076596102713244,0.0048036839728926,-2.020734675534358,-1.8303326102702333,37.245718322158105,23.16774870033671,30.843513277103145,3131.922,0.8707753180429672,72,1.822055757891376
B0018,61,1.580076649033625,4.189576283423886,2.475545296633258,3.507483356587461,0.0015615748555885,-2.012930230685489,-1.829290599843924,37.21755583353321,23.12031050968657,30.797157400797865,3121.109,0.8671944545002357,71,1.822055757891376
B0018,62,1.5641732953289167,4.189808713646982,2.3791563087604626,3.502386593344072,0.0030432402930327,-2.0135210876274656,-1.8278449003095163,37.56150979821064,23.27342231930282,30.98443458075409,3105.265,0.8584662069502743,70,1.822055757891376
B0018,63,1.555618272193922,4.188889298039903,2.4776158338943337,3.503693493885047,0.0038725843255058,-2.013049747683001,-1.8188198987741453,37.4174791317661,23.278670276560845,30.967899275139946,3091.25,0.8537709482580292,69,1.822055757891376
B0018,64,1.5402045278637395,4.188220838257245,2.4205549690097223,3.498994846204812,0.0037249670985359,-2.01215000710487,-1.817194042260449,37.55101533655474,23.22385871065304,30.976616345195183,3076.703,0.8453114133269903,68,1.822055757891376
B0018,65,1.5321613015959863,4.186454063976498,2.415388497112405,3.495405576723954,0.0037645779343444,-2.0124985987201267,-1.8157980815469448,37.59895044072871,23.02720747705709,30.89768961926806,3062.328,0.8408970444291574,67,1.822055757891376
B0018,66,1.5316232403693415,4.1895672733133145,2.3974205597873093,3.494528300232307,0.0032327560058023,-2.013303363874512,-1.822108117298183,37.48923978216981,23.026059458250696,30.81568822237933,3050.563,0.8406017399499643,66,1.822055757891376
B0018,67,1.5222595950771978,4.189297764105604,2.497752653580319,3.496255482779393,0.0041669753720565,-2.0127782408337165,-1.8129628028687808,37.37911114363861,22.90302104444828,30.72618807915112,3034.672,0.8354626846539946,65,1.822055757891376
B0018,68,1.5065267126851285,4.186793087812023,2.3726090777895896,3.48769646191346,0.0040697572728226,-2.011894643612056,-1.8044876731207795,37.559604168615785,22.833484092130533,30.76818712651005,3031.25,0.8268279969810572,64,1.822055757891376
B0018,69,1.5014219556532926,4.188594535127793,2.36844257542991,3.486547580844067,0.0038292070941918,-2.0125266173463885,-1.809986175960184,37.61805450748922,22.85810521586403,30.775415173787835,3011.343,0.8240263499898897,63,1.822055757891376
B0018,70,1.4963534117486457,4.186295492358637,2.331968556073514,3.482298183882304,0.0033564516364867,-2.0121939690963395,-1.8090400456598723,37.71101994346608,22.7394182895468,30.761821976538275,3003.0,0.8212445778719427,62,1.822055757891376
B0018,71,1.5334262000312422,4.187384370589753,2.4057755306304176,3.491819481711868,0.0109524865829472,-2.0205100517708847,-1.827369123350144,37.767989299214086,23.009880638439665,30.913721930762733,3045.187,0.8415912594276708,61,1.822055757891376
B0018,72,1.523845267514426,4.188929264481706,2.4720838848798987,3.493995853241935,0.0022373072205481,-2.0131819742858483,-1.8180385592622927,37.91919394450186,23.372100245576046,31.22821565316561,3028.469,0.8363329502484259,60,1.822055757891376
B0018,73,1.501192099426124,4.185269759332432,2.342731326096539,3.484377015629623,0.004404973809935,-2.013496073486494,-1.8085351614741645,37.99328509003338,23.43219431814089,31.261679783387308,3012.937,0.8239001978531216,59,1.822055757891376
B0018,74,1.492417671450291,4.18799771486628,2.4198650452188226,3.4859116793558376,0.0017801770008862,-2.0122733205325782,-1.806804118492653,37.984838024989045,23.29259934340576,31.18408593575448,2998.875,0.819084523064998,58,1.822055757891376
B0018,75,1.483323851940123,4.187899339921793,2.438879997223475,3.484278753976678,0.0031984883317318,-2.013027320256293,-1.8050190987020625,37.8288851383529,23.09939775777157,31.001432353085377,2983.547,0.8140935564215337,57,1.822055757891376
B0018,76,1.4807376792294196,4.1882916128809375,2.430465824271706,3.482988652120672,0.0033492168235809,-2.012954260463709,-1.8118563821702207,37.844837975501,23.03846743756316,30.981374033120872,2966.86,0.8126741856369115,56,1.822055757891376
B0018,77,1.4735077809902477,4.187409532380725,2.4907267597860656,3.483799876979844,0.003924536033092,-2.012741175686338,-1.8021525551783737,37.8984610468502,23.11094770365509,31.088687926688607,2954.797,0.8087061960691615,55,1.822055757891376
B0018,78,1.46801928526661,4.188656943531829,2.367832802864477,3.4787540756450497,0.0023277056862263,-2.013377348559974,-1.8092953592546848,38.27784043980244,23.4240998983518,31.336420133762665,2945.735,0.8056939415320176,54,1.822055757891376
B0018,79,1.458092355711902,4.188198669984733,2.3532703553328904,3.4752194351784507,0.0035939400914024,-2.013211476410487,-1.8000309691416814,38.24434303919528,23.21101499325785,31.22599987103565,2941.375,0.8002457385822921,53,1.822055757891376
B0018,80,1.44786609888914,4.184528192003684,2.362897904778893,3.470739535801023,0.0048263432801782,-2.014293661039269,-1.7981302589297092,38.06956259266949,22.93446707088835,31.0373234886888,2923.953,0.7946332556610248,52,1.822055757891376
B0018,81,1.4527808777541982,4.1927676322495895,2.420200016704328,3.474600910003521,0.0030147593152949,-2.013245286480298,-1.8058248446047425,37.81744565252647,22.715597927537367,30.811349225731828,2921.031,0.7973306368162238,51,1.822055757891376
B0018,82,1.4425356364492432,4.187873640279204,2.472605886588914,3.4740521567700093,0.0018891165203542,-2.0138967840468363,-1.795955865281378,37.90256777035479,22.816866662883296,30.93222317974605,2902.75,0.7917077346297334,50,1.822055757891376
B0018,83,1.4392712877203313,4.1880559282136725,2.483165462226557,3.475075728648004,0.001403219773102,-2.0132739002306224,-1.7951057003644757,38.16628336469349,23.144424017860068,31.215527070380897,2897.875,0.7899161600773226,49,1.822055757891376
B0018,84,1.4286475681888218,4.188063095530185,2.434198683008624,3.472424307596416,0.0030231667836495,-2.0131642650090824,-1.7940097981352856,38.36789486715962,23.36546101646915,31.40079708433756,2892.094,0.7840855374492839,48,1.822055757891376
B0018,85,1.4249026750004896,4.185913481526783,2.497859027600416,3.471751102262539,0.0024527231990189,-2.012453716602352,-1.7841592631620102,38.19823604401131,23.10859423301546,31.25921326972124,2886.921,0.7820302253809716,47,1.822055757891376
B0018,86,1.4698115324524124,4.187259539606346,2.374740845794832,3.4745407296058963,0.0031177160092426,-2.013506755621097,-1.8136320536623207,38.09998280757164,23.10528361267006,31.134701292957462,2942.531,0.8066775816747739,46,1.822055757891376
B0018,87,1.4525819651050202,4.187670932765983,2.3589340839760866,3.471720060423485,0.0025045836690967,-2.014872086495032,-1.810960446087532,38.21452378284136,23.26167836334653,31.24687969598809,2912.469,0.7972214674626975,45,1.822055757891376
B0018,88,1.442834198908794,4.187836103953847,2.4413266342198545,3.471398409828823,0.0016023425232613,-2.012630004080512,-1.800802328247715,37.93969653616424,23.027044613835702,31.027558674438325,2895.594,0.7918715948509466,44,1.822055757891376
B0018,89,1.428376058807949,4.18719517574786,2.311419659807122,3.4626491088970703,0.0024115620742285,-2.012054810012164,-1.798647877727257,38.06666733482501,22.78902352526249,30.931917385258963,2884.406,0.7839365247861441,43,1.822055757891376
B0018,90,1.4154547844370715,4.183339938829854,2.495315923820125,3.466072725920186,0.0039222395137717,-2.011816454093025,-1.7804067367547436,37.63260475617888,22.47935333131366,30.66708223665601,2873.766,0.7768449337001331,42,1.822055757891376
B0018,91,1.454576670077708,4.192209704853633,2.4398479869382084,3.473067053341288,0.0032022373391061,-2.0147251295387147,-1.8167125180994763,38.18223603956323,23.14563143539215,31.22678910771077,2893.375,0.7983162226391233,41,1.822055757891376
B0018,92,1.4283179548274056,4.186622455926472,2.376538319699514,3.4668548162926327,0.0022908479361973,-2.01362953818943,-1.7981268087177564,38.3907466519188,23.299987417730907,31.387733116648285,2884.9839999999967,0.7839046355421998,40,1.822055757891376
B0018,93,1.4197026883204058,4.186945959000922,2.3722299202290382,3.46527367520258,0.0027427735050577,-2.0143431411678145,-1.796443922299482,38.51622654624205,23.43938495660897,31.50566683829289,2870.234,0.7791763134424579,39,1.822055757891376
B0018,94,1.4155606630306516,4.18744003081614,2.361475505115684,3.4638878223448684,0.0024947638057852,-2.013805013275104,-1.795371462470329,38.56612180540248,23.52414825084503,31.5462258449116,2864.11,0.7769030431147992,38,1.822055757891376
B0018,95,1.405680035419228,4.1845980039811215,2.317937855025735,3.457807923440064,0.0036577323801656,-2.014010365385768,-1.7937175263130196,38.5606541602861,23.166973356692417,31.38997788229748,2846.64,0.7714802520895353,37,1.822055757891376
B0018,96,1.4084461071166137,4.186742025132256,2.3372859753156225,3.459813554486507,0.0021603358076119,-2.01313706710909,-1.801451773488821,38.53842073636507,23.27596280218644,31.385433749863733,2839.532,0.7729983569474167,36,1.822055757891376
B0018,97,1.3968547782872414,4.1871520936423146,2.35288102649522,3.458027727779737,0.0039719594997676,-2.0146560328783325,-1.791521575337878,38.548873480234754,23.24250038456045,31.42370719914205,2832.703,0.7666366807038825,35,1.822055757891376
B0018,98,1.3935670371440676,4.187096292904282,2.4646122144537173,3.4613996718507845,0.0035004779826549,-2.013905602750019,-1.7816941240706174,38.45838357496903,23.25643130784119,31.435368910968148,2827.077999999994,0.7648322676781371,34,1.822055757891376
B0018,99,1.3893644292809475,4.187367312766795,2.4684655225527004,3.461128547669321,0.0019150019110163,-2.0129862192992305,-1.7797379985412234,38.54382874673793,23.40948042071164,31.542375291159843,2821.531,0.7625257477788867,33,1.822055757891376
B0018,100,1.378565141566671,4.18534593452204,2.409292353940073,3.455556822823358,0.0035633455174765,-2.0130373888261315,-1.7856528650965158,38.650883957434026,23.25216185853628,31.52669677306915,2805.156,0.7565987679554074,32,1.822055757891376
B0018,101,1.384901110085747,4.186646524222555,2.477625480372779,3.459598362944341,0.0025270257598763,-2.012440412153309,-1.7784070647657095,38.45654834997334,23.267794615238977,31.43592191429037,2814.906,0.7600761415163616,31,1.822055757891376
B0018,102,1.3703251814242443,4.184730834033599,2.335608852853518,3.4506569891269216,0.0023090961991655,-2.014185743260078,-1.7778412667349817,38.6564130442344,23.18183250077672,31.47523811288649,2801.156,0.7520764254822206,30,1.822055757891376
B0018,103,1.3733464385229082,4.187175976285891,2.441999086782534,3.455515243082573,0.0027455024461359,-2.014463667770562,-1.7764462760420034,38.655587491253975,23.347201662807525,31.5817445550721,2794.187,0.7537345839033219,29,1.822055757891376
B0018,104,1.3679487285504814,4.186108406696249,2.465168783147216,3.455840338587253,0.0035376525560346,-2.013348921415113,-1.7752748972563317,38.6997087046862,23.433341482891272,31.647958536134297,2785.391,0.7507721553667368,28,1.822055757891376
B0018,105,1.3567141087089647,4.183460397462309,2.370892032033162,3.448678293668265,0.0077713611972704,-2.013428528654807,-1.7742013268724648,38.87481687744787,23.298067848672567,31.662032275252905,2779.5,0.7446062519398744,27,1.822055757891376
B0018,106,1.4604310209194575,4.187091541628412,2.461879783248223,3.474503178644755,0.0026017060660145,-2.01277944734302,-1.8196650877007408,37.36397452607736,22.45542569835154,30.434500875864146,2899.234,0.801529269669322,26,1.822055757891376
B0018,107,1.4500998937104097,4.18736921126964,2.424706636890725,3.474031881945217,0.0091134131538031,-2.0200047420918392,-1.809683685421604,37.88258787662229,23.061560846748243,31.01799705807701,2894.922,0.7958592306684279,25,1.822055757891376
B0018,108,1.4381406901824496,4.187597633155394,2.444722297403138,3.474404210386772,0.0037645837135773,-2.0133646895300226,-1.7993287687468955,38.15898073660424,23.475330204930167,31.39483761465523,2888.25,0.7892956535242245,24,1.822055757891376
B0018,109,1.4283681980964316,4.187608979498198,2.443569395327192,3.471767043833224,0.0043292079445975,-2.014594160102108,-1.7959419603883284,38.05243159675446,23.342810660410983,31.24511885640641,2873.906,0.7839322105869306,23,1.822055757891376
B0018,110,1.4147874517552432,4.186194120124063,2.4666000274194886,3.468530527297593,0.0041484754975605,-2.012470648259109,-1.7956017209600372,37.89096376444466,23.05129068270268,31.05306925187263,2847.406,0.7764786810874246,22,1.822055757891376
B0018,111,1.413889163393182,4.186991375693876,2.4272514813701016,3.46512136466626,0.0047242265159618,-2.0131822133527364,-1.7929541659933774,37.81203585126145,22.88189492356489,30.88589263299331,2849.281,0.7759856729244358,21,1.822055757891376
B0018,112,1.3989331662177225,4.185443351643291,2.4762628371779,3.4652879859475885,0.0013113732243447,-2.0130225462243683,-1.784474211719448,37.9591954678784,22.92564951928596,31.053992379018933,2833.688,0.7677773636503179,20,1.822055757891376
B0018,113,1.3953322584033976,4.186308413669027,2.3607989727330003,3.461799526154992,0.0025506726829285,-2.0189079388265974,-1.793581043096934,38.52104349883516,23.43880589131317,31.492840068071885,2826.453,0.7658010751647821,19,1.822055757891376
B0018,114,1.390046129540245,4.187179397572641,2.377011586588198,3.463260140320492,0.0078113986722275,-2.012765928007659,-1.7920645354970144,38.87868799770175,23.89396136161553,31.93832684630049,2818.312,0.7628998857581143,18,1.822055757891376
B0018,115,1.3860271454209647,4.1854460754417,2.456756319667845,3.462839429201602,0.0028245095443,-2.013042493892728,-1.7809541104468565,38.65118899876309,23.63803692335084,31.74562722135923,2812.7189999999973,0.7606941441929213,17,1.822055757891376
B0018,116,1.388215260193751,4.193052368415502,2.3277314025979847,3.4569152237960306,0.0024228717534561,-2.012206599766764,-1.7989851707207014,38.434235278537344,23.13184070770573,31.31018499405759,2803.5,0.7618950485907748,16,1.822055757891376
B0018,117,1.3761826562394497,4.186241953638429,2.4537913827403948,3.4574690175816127,0.0031921291370735,-2.012141821898546,-1.7873231599598716,38.10387572433,23.032251614508017,31.12736034547181,2783.25,0.755291187044723,15,1.822055757891376
B0018,118,1.3647168898640163,4.186011006323472,2.3475608877759067,3.45021917812178,0.0039249640645347,-2.01231372073967,-1.7861666392556754,38.12742842632319,22.829010081336715,30.985550813719595,2776.391,0.7489984233212338,14,1.822055757891376
B0018,119,1.3589854739373584,4.18675624032869,2.3558347560196564,3.448672805179396,0.0021019743314778,-2.0131811880616888,-1.7849995504167615,38.03962943213698,22.67782621456358,30.89965328075741,2766.516,0.7458528467372929,13,1.822055757891376
B0018,120,1.34623087640088,4.1831553230638425,2.379110236294476,3.444632719716698,0.002880850510536,-2.013273464922821,-1.778331020505836,37.85657903247749,22.35025648802666,30.70612364496648,2751.516,0.7388527330024426,12,1.822055757891376
B0018,121,1.4268427818454643,4.191989955143364,2.444740635238248,3.467272639213176,0.0031832258024873,-2.013950042532596,-1.809775952165901,37.43017193410286,22.367517988223096,30.47122187456595,2848.859,0.7830950154328523,11,1.822055757891376
B0018,122,1.4064481483279665,4.185628679672912,2.431867772331712,3.464490491162134,0.0020467170443975,-2.012375320433943,-1.7896694300229208,37.8264149292754,22.904023394656047,30.939221783021114,2840.016,0.7719018159771451,10,1.822055757891376
B0018,123,1.3934907492075153,4.186834478731371,2.344037291947413,3.459667012281024,0.0033289159470451,-2.0124205467796688,-1.79700972481249,38.08307173716899,23.11186259982214,31.11164063156189,2817.375,0.7647903985222553,9,1.822055757891376
B0018,124,1.3882493512249316,4.186613091061155,2.456436863057259,3.462241956955771,0.0032533047122303,-2.0131578787415245,-1.7861513769566684,37.88279649093536,23.04417103672731,31.037910219908994,2809.234,0.7619137587927174,8,1.822055757891376
B0018,125,1.3701878338420928,4.183907160253637,2.395547668334432,3.4555661695067355,0.0040235096530836,-2.0123169807019234,-1.784162084841115,37.96027066990377,22.83426471365,30.96795084053884,2791.187,0.7520010449228954,7,1.822055757891376
B0018,126,1.379695166560862,4.18533882899107,2.453674917297921,3.458696199585801,0.0030324690133305,-2.0152254170182307,-1.7845257009241222,37.880513353762176,22.83589303178486,30.93996203578424,2794.016,0.757218960278994,6,1.822055757891376
B0018,127,1.3686586323935683,4.185280284017658,2.3062728144586413,3.4525282614097663,0.0116298934258857,-2.01421415925087,-1.7920667435100546,38.43416278222213,23.179921311075763,31.295019295352866,2774.719,0.7511617723364767,5,1.822055757891376
B0018,128,1.3627371779096438,4.186281579801858,2.3471092023857154,3.4552290080443044,0.0017904051864931,-2.0128415184323125,-1.782779873271704,38.847489737859576,23.715085051859607,31.81846533166901,2777.844,0.7479118967724175,4,1.822055757891376
B0018,129,1.3634051133928071,4.185356132672309,2.4884289104730986,3.4619744219744675,0.0047826556291143,-2.014392678620289,-1.772521291595312,38.80283421497622,24.038521624132176,32.00067162597675,2781.125,0.7482784802209594,3,1.822055757891376
B0018,130,1.3518646035305233,4.181406543107895,2.3992178234155577,3.452221905520614,0.004238943215349,-2.012835608795986,-1.769870119236631,38.72699121838442,23.56288829160871,31.73992229230571,2760.906,0.7419446949828834,2,1.822055757891376
B0018,131,1.3547969729652622,4.185252405343103,2.278633888650029,3.447650049442191,0.0034197270851084,-2.011864019911752,-1.7884847819526568,38.67191958148309,23.40147705036877,31.52613649688221,2753.25,0.7435540691318571,1,1.822055757891376
B0018,132,1.341051440640485,4.185763363191996,2.365584676338373,3.447928507599004,0.0030824584177925,-2.0128686821286053,-1.77774044867741,38.371813640118894,23.12358293794388,31.27624493654335,2742.843,0.7360101000380217,0,1.822055757891376
B0025,1,1.847011162956716,4.196965327364252,1.9182683747066007,3.400080836543819,0.0036224513860078,-4.027931217882849,-1.0680263652396946,41.81748104839704,26.503791065076168,33.13281956573637,6515.422000000006,0.9994343887839832,27,1.8480564444095064
B0025,2,1.8485654344528384,4.202556431495687,1.8939610306669548,3.406735760411076,0.0038947878766607,-4.0283470601196845,-1.0683949803553137,41.50441060959557,26.21789049788759,32.848310333012144,6516.219,1.000275419100359,26,1.8480564444095064
B0025,3,1.847111177186175,4.202713117217314,1.82462740970999,3.407792325190085,0.003763709856671,-4.028306841028089,-1.071886802134967,41.67077619357013,26.41967592691752,33.07297579198606,6489.5,0.9994885073850472,25,1.8480564444095064
B0025,4,1.8489837601535537,4.203084581094102,1.9612044915457985,3.425685226676254,0.0054093415651858,-4.028897912512196,-1.069881568315977,41.58349706133725,26.557301540486087,33.12836651135456,6471.25,1.000501778907702,24,1.8480564444095064
B0025,5,1.837012071856044,4.200058863569411,1.7869386268841287,3.4102415310941074,0.0032108902176176,-4.029600870864891,-1.0696478002906964,41.82908827830225,26.61720163533676,33.20066590827124,6466.672,0.9940237904600414,23,1.8480564444095064
B0025,6,1.817549211247137,4.178122904439056,1.9399607811955053,3.395651158058303,0.0031691595779807,-4.02823190197934,-1.0609975004031984,41.15307253815554,26.38695918330851,32.8030291471027,6410.672,0.9834922611510836,22,1.8480564444095064
B0025,7,1.839863822522073,4.198227921922519,1.7632585904014149,3.3987545550856617,0.0119423208121402,-4.0284426372332245,-1.0700556397664167,41.167510218490015,26.182583925840603,32.70663040910488,6474.156,0.9955668984504144,21,1.8480564444095064
B0025,8,1.8430595619731431,4.201052747751877,1.7411634552856723,3.4107861698937034,0.0042511214256072,-4.028591260100669,-1.067318929808056,41.40744159178738,26.57839299781365,32.88774741633189,6460.75,0.9972961418730044,20,1.8480564444095064
B0025,9,1.8401871729536057,4.2014816169511375,1.990361763373611,3.4362212866947472,0.0049952267545269,-4.028787836120025,-1.0619524466901569,41.089112912518665,26.5161784839492,32.85054388832057,6448.907,0.9957418662835188,19,1.8480564444095064
B0025,10,1.8281265632888253,4.201461223125712,1.8524105657072527,3.429899192703782,0.0092311991273628,-4.029715142311533,-1.0617949104462787,41.56081694228564,26.77614510176613,33.21344988692114,6447.125,0.9892157616825124,18,1.8480564444095064
B0025,11,1.8253563336445804,4.190430872833885,1.7970500760271888,3.4061977189259807,0.0044833668306618,-4.027391825734414,-1.061639295459564,41.027186904575295,26.14548341054868,32.54793058844526,6431.219,0.9877167654518372,17,1.8480564444095064
B0025,12,1.821418055262616,4.197641122625931,1.9099130781506344,3.431364532702854,0.0048903897606496,-4.027595208325832,-1.0590758191027096,41.20659187421087,26.576468758844456,32.95568065114475,6442.203,0.9855857275206752,16,1.8480564444095064
B0025,13,1.830315627968932,4.200877212432817,1.934448897147264,3.437199999112006,0.0080922103240985,-4.028474225036271,-1.0596169539874956,41.45812420664237,26.983382387627444,33.31259035127085,6427.079,0.9904002843126132,15,1.8480564444095064
B0025,14,1.8175491643824844,4.20189282071032,1.842588394790376,3.4349851634526334,0.0304612723211415,-4.029721928809883,-1.0597552847363263,41.50830652935,26.96989321715805,33.27639301328207,6417.156,0.9834922357921976,14,1.8480564444095064
B0025,15,1.810901200296979,4.200832471783116,1.828585254411004,3.4358715577304486,0.0088630393451819,-4.028724169575779,-1.059854592361014,41.36968179986157,26.840841260921778,33.13052620279671,6398.907,0.979894962502404,13,1.8480564444095064
B0025,16,1.808303260308424,4.200683407820828,1.8355395996102943,3.437200278486185,0.0171702044621169,-4.030782136338009,-1.0604451363745762,41.46226760798129,26.879810126294203,33.262538649813465,6384.75,0.9784891937573992,12,1.8480564444095064
B0025,17,1.7928016149381063,4.176908127442872,1.949278391612896,3.3887362465772446,0.0044503214594592,-4.027991609867125,-1.061164896269225,41.32045149274522,27.38742094844262,33.455906862521594,6284.063,0.9701011137194704,11,1.8480564444095064
B0025,18,1.812563150045885,4.198430576015103,1.7363301713780446,3.3997812429989795,0.0048095625873944,-4.027755663691591,-1.0644657893096274,41.29100352861782,27.27823574015828,33.359161719231366,6370.937000000005,0.9807942584919466,10,1.8480564444095064
B0025,19,1.807772607491239,4.201378297006623,1.7105280581137303,3.4092528162288933,0.004504843262715,-4.028543330165215,-1.0636693462251967,41.08913600776219,27.15581875347668,33.19907517017467,6359.812,0.9782020527348456,9,1.8480564444095064
B0025,20,1.8048055175003967,4.201267329262803,1.6755342791432477,3.413290161572333,0.0054448483161886,-4.027516600690674,-1.063944284256531,41.02067280816404,27.025078005866863,33.10915637159371,6346.156,0.9765965335961754,8,1.8480564444095064
B0025,21,1.800538555899242,4.201007650907643,1.6704419000715314,3.418321145613461,0.0050476896371027,-4.02700237666114,-1.0644931821377202,40.73588950026045,26.87253908617082,32.8730319628199,6328.172,0.9742876422124396,7,1.8480564444095064
B0025,22,1.7942356098033032,4.200640308563649,1.7016507714607274,3.4228002445936747,0.0054492434854883,-4.027487021545032,-1.0611486398597036,40.76227622359968,26.819965319318538,32.8903015920882,6326.062,0.9708770612667084,6,1.8480564444095064
B0025,23,1.807409052434889,4.199028873312285,1.8891035060983297,3.4103062616510487,0.0054349868742647,-4.029754792125187,-1.057828326267502,39.71112605386658,26.151023423681288,32.07013291213046,6352.843,0.978005329816858,5,1.8480564444095064
B0025,24,1.7902504816962077,4.200691577023061,1.756482386846181,3.4104689136383888,0.0059730062396821,-4.028900600933191,-1.0619681305424282,39.797043058510575,26.242111136505635,32.18349666127279,6309.172000000006,0.968720672526986,4,1.8480564444095064
B0025,25,1.7961223845359495,4.199965507353377,1.8323981556137667,3.420845251582564,0.0071363997758972,-4.028134432056257,-1.0623591353414312,39.64019141128942,26.235453942984385,32.133961271398654,6284.297,0.9718980120814704,3,1.8480564444095064
B0025,26,1.7912236690350776,4.200628533399999,1.89712686584404,3.426965494192803,0.0055737636242089,-4.028496319452566,-1.0638074812423732,39.75344188854835,26.19622065765121,32.19734869129393,6265.969,0.969247272968122,2,1.8480564444095064
B0025,27,1.7854822365303245,4.200021709929957,1.993495831037156,3.4343195510923628,0.0046179636191567,-4.030782393095651,-1.0603658561835867,39.57317189988566,26.17053084681828,32.128660226085096,6266.641,0.9661405320879278,1,1.8480564444095064
B0025,28,1.7677890780323615,4.179880908916163,1.9679550948765447,3.379891621690332,0.0069794067272671,-4.027217905704875,-1.0606190479243294,39.45687787991913,26.2919969296862,32.16680073898097,6198.75,0.9565666045428652,0,1.8480564444095064
B0026,1,1.8132504303869896,4.185453870728775,1.98069037313681,3.404890220315493,0.0025381346004649,-4.027935564812271,-1.0495360191773455,40.711455499237935,26.41603138908335,32.764485625071856,6515.422000000006,0.998987266912823,27,1.8150886306994576
B0026,2,1.8149760087078304,4.191986600147927,1.9296821070764223,3.418631404129339,0.0026753842679465,-4.029362314258353,-1.050189726248142,40.56984371986605,26.345453817866563,32.560591865941106,6516.219,0.99993795234584,26,1.8150886306994576
B0026,3,1.8135354175561995,4.19141376026019,2.169258771295841,3.445302257969772,0.0022300953649009,-4.027846247982629,-1.0474152615120338,40.42073541309615,26.842146069678503,32.70948277164228,6489.5,0.9991442769697368,25,1.8150886306994576
B0026,4,1.815149273310334,4.188502919522219,1.898741105703338,3.4281919482774947,0.0031754521995803,-4.028749226179444,-1.0511342688931855,40.839359753382105,26.73411994275517,32.89402601565415,6471.25,1.000033410275317,24,1.8150886306994576
B0026,5,1.81429130140682,4.191429313781171,1.9095478812878093,3.433945869545595,0.002372958802629,-4.028704122042971,-1.051239794627214,40.762597974826,26.66618164782183,32.88851048708752,6466.672,0.9995607215652436,23,1.8150886306994576
B0026,6,1.3863373424430123,3.986547462246525,2.044256084427152,3.2986715430208906,0.0042669843413738,-4.028710959917574,-0.8176606997984731,39.78739652537364,26.28928363042606,31.60887613480477,6410.672,0.7637849298349563,22,1.8150886306994576
B0026,7,1.8165277958816064,4.1842030048921135,1.8584184081271529,3.395711592779412,0.007320773684125,-4.028058491701451,-1.051071206615797,40.12859054534907,26.458131735942853,32.4909596779559,6474.156,1.0007928897563498,21,1.8150886306994576
B0026,8,1.8085638576011065,4.189253474215399,1.9288388497995343,3.4209107644287986,0.0024839459442753,-4.028495234172356,-1.0489813674620347,40.39287009990307,26.47590651334998,32.63416073863936,6460.75,0.9964052592319764,20,1.8150886306994576
B0026,9,1.804936077644182,4.190404777859946,1.935441772448038,3.429005234202988,0.0033537086172802,-4.027850787866815,-1.0490946281054965,40.37811271633581,26.42062980997116,32.646683898798194,6448.907,0.994406579996392,19,1.8150886306994576
B0026,10,1.8049315924982108,4.188068725985081,2.084244057146889,3.4422746572295977,0.0049785783479378,-4.03024351282461,-1.042943784297617,40.6345527951007,26.668129241717903,32.95341147758712,6447.125,0.9944041089622532,18,1.8150886306994576
B0026,11,1.717679232699393,4.137907749692748,1.896444377630184,3.391747147883427,0.0035022633535197,-4.0277523093513175,-1.002108129626011,40.0980220096873,26.253373650244296,32.14122281811958,6431.219,0.9463335308521396,17,1.8150886306994576
B0026,12,1.809804813280106,4.186123854255208,2.039907733440496,3.433128893119263,0.0024654215761141,-4.028862296598938,-1.046478428570111,40.34748376711444,26.46703845524767,32.73498021932445,6442.203,0.9970889479830438,16,1.8150886306994576
B0026,13,1.806556213274488,4.1900980869893365,2.1312634408664395,3.444561840470864,0.0071798509964851,-4.027646271570473,-1.046791486848897,40.65512551876581,26.866927200418345,33.0777254348539,6427.079,0.9952991731198922,15,1.8150886306994576
B0026,14,1.7938155707698509,4.18806162606315,1.8782785619868927,3.435084142217923,0.0061861294480158,-4.029328017656563,-1.0469850347811238,40.78648924035223,26.846354528059383,33.067457381369145,6417.156,0.9882798781448984,14,1.8150886306994576
B0026,15,1.799304949381792,4.1883484559434,1.9640553148703688,3.4457210478614795,0.0057412529901298,-4.029272047274109,-1.0475275600281526,40.64545029611132,26.721977656250186,32.902717226956746,6398.907,0.9913041814869484,13,1.8150886306994576
B0026,16,1.7842197448470132,4.18723267594963,1.9028600928182504,3.4449342432242034,0.0039839523366369,-4.028750889542927,-1.0476470565655591,40.753548433947245,26.76115770717377,33.04143942038261,6384.75,0.9829931798754372,12,1.8150886306994576
B0026,17,1.6818819918515189,4.116319031433004,2.066791178782658,3.348388974288582,0.0052491922432533,-4.027668196882973,-0.99787222854682,40.90407080657346,27.27201811362596,33.28920270851618,6284.063,0.9266114962129388,11,1.8150886306994576
B0026,18,1.8007519383961936,4.182977160580856,2.1735697218309302,3.4115903895548496,0.0037481053878815,-4.027827958238032,-1.05175253436239,40.76016987388447,27.17816526533157,33.31828122927918,6370.937000000005,0.9921013816841884,10,1.8150886306994576
B0026,19,1.795972684272296,4.188680037627242,1.869998135001252,3.4077180188358045,0.0051528939231688,-4.02962982115965,-1.0581306387784024,40.86760057065783,27.037146422025582,33.24546150252619,6359.812,0.98946831239872,9,1.8150886306994576
B0026,20,1.7931026940553298,4.189566172290167,1.834360851438286,3.416993809879986,0.0025270811599359,-4.028266984927104,-1.0584303641401285,40.8457724786952,26.912811421770908,33.19381621015531,6346.156,0.9878871277841372,8,1.8150886306994576
B0026,21,1.8010267542068712,4.191202777072821,1.8588013920189888,3.42793089154598,0.0037213046467527,-4.029480151507068,-1.058835499937123,40.61328442378913,26.79458788311544,32.950371591621256,6328.172,0.9922527879604602,7,1.8150886306994576
B0026,22,1.7824572301269948,4.18738502716279,2.1656553710973343,3.450423062016945,0.0035330190275669,-4.028789778263289,-1.048570222149277,40.55411444614823,26.68911300750602,32.98142836772341,6326.062,0.982022144802985,6,1.8150886306994576
B0026,23,1.7959303030608789,4.187376898822461,2.161441726851442,3.4243550860962872,0.0059127690455949,-4.028805091889541,-1.0522245912177104,39.89740047610024,26.055865754438425,32.285643510120714,6352.843,0.9894449630092188,5,1.8150886306994576
B0026,24,1.7783142127341005,4.187719914558781,1.835778475678541,3.419928142613709,0.0047367140198739,-4.028118554798276,-1.0562946339613315,40.148009555945954,26.129925036104066,32.40988062398286,6309.172000000006,0.9797396020539304,4,1.8150886306994576
B0026,25,1.771719092984802,4.187714468300498,1.7730752055194368,3.4304184604928114,0.005421915601619,-4.032124737768037,-1.0562794361681302,40.16428171644192,26.125417290944853,32.395070835603484,6284.297,0.9761061046931118,3,1.8150886306994576
B0026,26,1.7790749489536772,4.188634886565279,1.803496921850417,3.4416415585585702,0.0040769285739112,-4.029296562552747,-1.0570022650761444,40.34822918896084,26.079677017636747,32.48055490141574,6265.969,0.98015872000041,2,1.8150886306994576
B0026,27,1.7733229782464677,4.188731148597371,1.8019162984387032,3.448941537538792,0.0048421977648902,-4.029143714811075,-1.0532958143214937,40.155136061235744,26.06579910051455,32.39831599080119,6266.641,0.9769897448826532,1,1.8150886306994576
B0026,28,1.768754111010884,4.16813557610843,2.094755756018166,3.3679598202717265,0.0038136829486532,-4.028758416480095,-1.061746365944055,40.01460073648428,26.214960316138946,32.5316653403438,6198.75,0.9744725855779734,0,1.8150886306994576
B0027,1,1.8233077742149364,4.201942981365258,2.4407952016086623,3.415635388206693,0.0033235094318512,-3.9783143078898098,-1.048298128077691,42.07194057268294,26.281751283369985,33.531461449042084,6515.422000000006,1.0020385309841884,27,1.819598466362475
B0027,2,1.814238465116796,4.206957767652323,2.4193060956450503,3.405140913759623,0.0033952109005791,-3.976892542613384,-1.049212058679183,42.526459613766654,25.96471800834349,33.768115475386416,6516.219,0.9970542944804772,26,1.819598466362475
B0027,3,1.812859679313087,4.206087528624208,2.4982363525248754,3.425659661801085,0.0040588257307502,-3.97684768172696,-1.0465273412198817,42.65704114936764,26.16581952276488,34.0575363030056,6489.5,0.99629655268788,25,1.819598466362475
B0027,4,1.814424244673997,4.206597549468143,2.47983581845354,3.42016992082392,0.003214423968181,-3.977001193359909,-1.0503251867609642,43.07456793109374,26.28854598953176,34.34311925332076,6471.25,0.9971563936856788,24,1.819598466362475
B0027,5,1.812800333853042,4.206708529635488,2.4669313816061296,3.4180604683404985,0.0026358337984817,-3.975861081535826,-1.0497801003401392,43.12836631992577,26.342034597511443,34.3900563067441,6466.672,0.996263938096726,23,1.819598466362475
B0027,6,1.7946038703195293,4.182675464297748,2.492471012096456,3.3978401981445576,0.0045396292043965,-3.976047513456661,-1.0476986183510903,42.9279467397339,26.163341707715524,34.16207101391941,6410.672,0.9862636749233408,22,1.819598466362475
B0027,7,1.816519171293833,4.202445131277022,2.4232193266263646,3.39844226682264,0.0038870252283919,-3.976869439992001,-1.057277544603645,42.34490965860999,25.91326636815152,33.65117316898919,6474.156,0.9983077062739024,21,1.819598466362475
B0027,8,1.819833556519024,4.207150334625055,2.4791120561344835,3.411384397730043,0.0032034727049239,-3.9771945719805046,-1.0548269593999815,42.50145921854708,26.32052844790478,33.993154419553875,6460.75,1.000129198919924,20,1.819598466362475
B0027,9,1.816980986440728,4.206634870908589,2.428102703648056,3.40775629545449,0.0036449132673063,-3.9769324995805095,-1.0553776405080413,42.75456095698592,26.250108125500603,34.121102900157744,6448.907,0.998561506854323,19,1.819598466362475
B0027,10,1.8047602710768988,4.206620391551443,2.4202095510772232,3.4031041806987625,0.003066801674998,-3.9758459422284784,-1.0554671306178591,43.20868549225104,26.532556061939943,34.521504581092735,6447.125,0.991845346344329,18,1.819598466362475
B0027,11,1.802177888140868,4.194991220811618,2.3998890148152445,3.38665218439762,0.0038525093950555,-3.9761066659419098,-1.055670294257971,42.59572185384836,25.910238372733108,33.91883669839733,6431.219,0.990426141512181,17,1.819598466362475
B0027,12,1.810054375611175,4.2023598960429815,2.483742346997907,3.4140369130125587,0.0041516587874309,-3.97580379555999,-1.0529574586448565,42.63365730314649,26.318007051932856,34.203791109857484,6442.203,0.9947548368897128,16,1.819598466362475
B0027,13,1.8191618703574552,4.206738745019596,2.382935984422233,3.3945090590148355,0.0089330454467039,-3.976485689239373,-1.0601013419063348,42.89197473994752,26.721485029988013,34.48622307207774,6427.079,0.9997600591487128,15,1.819598466362475
B0027,14,1.806344581230731,4.205268152663341,2.4903839742860163,3.4204049256076163,0.0139192800257347,-3.976936142536244,-1.0537206430621189,42.73670303920533,26.679725292854272,34.40141739485763,6417.156,0.9927160385234663,14,1.819598466362475
B0027,15,1.8120006378747944,4.205946910651655,2.39789040439265,3.401908039296132,0.0056573780602169,-3.978429203873616,-1.060902364203764,42.71819238433457,26.557001937562,34.3150259504104,6398.907,0.9958244477404572,13,1.819598466362475
B0027,16,1.809238569578753,4.205053312485709,2.41937557251393,3.407597938928066,0.0086874909364606,-3.9781812521692537,-1.0613281994084631,42.87852551010068,26.60786055056083,34.4505269924158,6384.75,0.9943064929020125,12,1.819598466362475
B0027,17,1.7820717716005336,4.181855642136106,2.444119634453687,3.377409184208028,0.0048115513778526,-3.976050497666082,-1.061988907424718,42.99196482622249,27.16608447936004,34.741504044616725,6284.063,0.979376386903117,11,1.819598466362475
B0027,18,1.8145504562341048,4.20282058770571,2.395925863485738,3.3771878224396685,0.0060228973007865,-3.975790795970914,-1.0662806393885873,42.920147884014575,27.035503711204463,34.663008920131865,6370.937000000005,0.99722575599964,10,1.819598466362475
B0027,19,1.809153485164282,4.206436642050531,2.408349641748691,3.390746744780089,0.0034942230992274,-3.978211822678376,-1.0653782286766842,42.77821015998406,26.890332641639585,34.47643463041281,6359.812,0.9942597329074072,9,1.819598466362475
B0027,20,1.806555150809371,4.20638281753962,2.399239705167686,3.393988266669824,0.0031924913167354,-3.975995723123535,-1.0657949875596555,42.71393681070588,26.74997853742709,34.45771838499012,6346.156,0.9928317616253114,8,1.819598466362475
B0027,21,1.802401655959492,4.205465867894676,2.378335964879865,3.395270569622429,0.0045400747971425,-3.9770352078730906,-1.0664883306260853,42.66066961608101,26.635565264459924,34.276431502022604,6328.172,0.9905491179944986,7,1.819598466362475
B0027,22,1.7964331683322998,4.206584936190674,2.437999478526856,3.4104656511949063,0.0062928096652375,-3.9760554400518497,-1.0632318841030186,42.64239690775237,26.541772227520703,34.35292925698558,6326.062,0.9872690055204958,6,1.819598466362475
B0027,23,1.8088036930508289,4.202786069304105,2.484818012933219,3.400641404160475,0.0040057363410788,-3.9743844585266417,-1.0590432103446814,41.86831727976231,25.912130164990632,33.64812848797218,6352.843,0.9940674970268436,5,1.819598466362475
B0027,24,1.7915527748749651,4.206301818692852,2.456168013420922,3.403879368199544,0.00615075317577,-3.975516779186955,-1.0635509942186294,41.97207960495628,25.98951235766809,33.75077258934032,6309.172000000006,0.984586878915338,4,1.819598466362475
B0027,25,1.7853375192239571,4.205750597989692,2.4697995830050976,3.4141854712687336,0.0064352014899424,-3.97682265503224,-1.0638261484808664,41.92250461031742,25.977709355582487,33.72038549007088,6284.297,0.981171149694906,3,1.819598466362475
B0027,26,1.793209210325309,4.20589200120434,2.491582666091738,3.42305997015048,0.0049998578208822,-3.9771390967306814,-1.0651012851496238,42.14300769699952,25.926157732808463,33.812030459081335,6265.969,0.9854972091233292,2,1.819598466362475
B0027,27,1.7873097711102113,4.205560793070628,2.394485973926669,3.40239306064299,0.0089708563171314,-3.9746886011207567,-1.0684596107286113,42.43039551713637,25.907382263131502,33.79680193008211,6266.641,0.98225504370928,1,1.819598466362475
B0027,28,1.7700926253324452,4.186200185347402,2.4249816079125552,3.3633791712406205,0.0059153411133984,-3.973177131970501,-1.0694140697591357,42.033372446715575,26.050915731101185,33.92036482801563,6198.75,0.9727929859553048,0,1.819598466362475
B0028,1,1.8046847720100736,4.181907184700754,2.6151397684307285,3.676492835528995,0.0039530735989389,-2.003545780105601,-0.9970402880141496,31.679728237853865,26.429257363552026,30.261078788805897,6515.422000000006,1.0013722785252832,27,1.802211635684408
B0028,2,1.804783321452588,4.186798367560072,2.578716047628789,3.677932362103996,0.0076792458059845,-2.0005429484896995,-0.9969604106618352,31.42728999177483,26.12187016145863,30.02321400619552,6516.219,1.0014269610279167,26,1.802211635684408
B0028,3,1.797618668222458,4.186905629206883,2.679890873914289,3.681544140844236,0.0026433737140248,-2.001716318999832,-0.997070280271134,31.694210133469813,26.30148047924344,30.21665562692593,6489.5,0.9974514827387596,25,1.802211635684408
B0028,4,1.7929913687761174,4.1855363847405656,2.674600586599544,3.6819955552100256,0.0029380177679172,-2.0013061408259385,-0.9973030888189304,31.84994705182164,26.46361777886453,30.363564779968748,6471.25,0.9948839155592348,24,1.802211635684408
B0028,5,1.7919180081592216,4.186483098548598,2.655983638577288,3.682236658062209,0.0044134342131219,-2.003132431573937,-0.9974129863341044,31.89197660091397,26.51111076472284,30.38370869313896,6466.672,0.9942883358861028,23,1.802211635684408
B0028,6,1.775026135903797,4.167593667891115,2.5587601304544574,3.673062191661213,0.0052789420299725,-2.000382265647373,-0.9966248234259864,31.647839531181656,26.339716125642624,30.151543075778463,6410.672,0.9849154787138598,22,1.802211635684408
B0028,7,1.7920487852223417,4.183182085400848,2.684075980505414,3.6821638997402064,0.0044554505381894,-2.0009566453567627,-0.996308984954718,31.66717160096336,26.081978657015885,29.942877366572425,6474.156,0.9943609006507124,21,1.802211635684408
B0028,8,1.790475801581265,4.1836584764239335,2.692955180725203,3.6829104616020185,0.0029396928561688,-2.003239914163584,-0.9974947737184628,31.543075306784417,26.4946424474431,30.159672019699293,6460.75,0.9934880932567688,20,1.802211635684408
B0028,9,1.7868365091987264,4.186132992895621,2.664091579679959,3.6830910997567576,0.002281299292246,-2.0048267623571854,-0.9972667051793968,31.63889282611546,26.42252679550981,30.18503729745987,6448.907,0.991468745300913,19,1.802211635684408
B0028,10,1.7871529619962183,4.18607245667024,2.599501054239839,3.682337640011673,0.0025771990386505,-2.0036009637765297,-0.9977254189629398,32.06283964981591,26.72654908743644,30.557366977302667,6447.125,0.9916443366638952,18,1.802211635684408
B0028,11,1.7816340617009505,4.177617061522188,2.5987712023407274,3.677940301903636,0.0052626479083668,-2.004912384137109,-0.9970949960183576,31.17821904490572,26.073901766341304,29.87809290999813,6431.219,0.9885820435424926,17,1.802211635684408
B0028,12,1.7850235136604733,4.183570268917493,2.568337342317612,3.680982701747776,0.0042315295392157,-2.007057616844831,-0.9972732896654728,31.830430244172504,26.51359515192976,30.329541918405045,6442.203,0.9904627615960278,16,1.802211635684408
B0028,13,1.7803865429693038,4.186886063009724,2.571655326217227,3.682103130821128,0.0056377270822839,-2.002345592887727,-0.9970037592871084,32.176676996947776,26.88710614624046,30.67805955282036,6427.079,0.9878898280962346,15,1.802211635684408
B0028,14,1.7789060856417256,4.186431294608572,2.5464403411304843,3.68119828344271,0.0039866009095767,-2.0042056776412545,-0.9977226887954374,32.101579055970326,26.881618625470296,30.61748146501738,6417.156,0.987068361128502,14,1.802211635684408
B0028,15,1.7738387518973049,4.186605296553263,2.5488905698718844,3.6808780113914015,0.0039134463483929,-2.005381985851277,-0.9976984888319612,31.92722580084625,26.75738535571653,30.47693232752601,6398.907,0.9842566304504364,13,1.802211635684408
B0028,16,1.769682881523146,4.186411251128915,2.592227961453642,3.681645387705789,0.0051400405121361,-2.008651720668571,-0.997566184368524,32.17577171129977,26.79475837289712,30.59851621920085,6384.75,0.981950646906733,12,1.802211635684408
B0028,17,1.7408787283206992,4.1643364768914175,2.598546956085325,3.675132179925496,0.0045328861980498,-2.003317125586951,-0.9970360820430222,32.50607956309833,27.34376856854934,31.100240402928502,6284.063,0.965967977262328,11,1.802211635684408
B0028,18,1.7648189744011906,4.183279934429277,2.6924907199800523,3.6846266213857497,0.0033873420104242,-2.0076002242955377,-0.9969371531723804,32.36361154404582,27.2242309376204,30.938169249041685,6370.937000000005,0.9792517923295856,10,1.802211635684408
B0028,19,1.7617857390844025,4.185224082214954,2.6173421756941537,3.683254482654808,0.003129703051341,-2.0035478824784314,-0.9969974742534108,32.23987480909281,27.07546829589154,30.779624907003203,6359.812,0.9775687295545322,9,1.802211635684408
B0028,20,1.75770610357021,4.185772001736481,2.6240203066915697,3.6830019424524414,0.0031119203240232,-2.0037779278104373,-0.9968197698794886,32.1209393902127,26.952556111660147,30.70960684046627,6346.156,0.97530504673648,8,1.802211635684408
B0028,21,1.7519375960601256,4.185968902546653,2.63525875804135,3.682514927726664,0.0051084767717809,-2.002097371484956,-0.9963445930927352,31.876773372691297,26.85238485179539,30.47705959403915,6328.172,0.9721042531138744,7,1.802211635684408
B0028,22,1.7521244035832175,4.185740020171981,2.540126038881981,3.680272620357085,0.0031152716245573,-2.008192950178892,-0.9967865142227076,32.13891568195097,26.70985682862992,30.54925924889458,6326.062,0.972207907712143,6,1.802211635684408
B0028,23,1.759771413398964,4.1838351172655095,2.578459071114453,3.67908706723787,0.0048208982354946,-2.0032214377942505,-0.9969143005288548,31.30995086456362,26.0835103832972,29.858081061792472,6352.843,0.9764510330279124,5,1.802211635684408
B0028,24,1.7483011320324189,4.185613308228973,2.6156681128542663,3.680942088612725,0.0044677281397456,-2.004916509907621,-0.9972513551873874,31.44390039724308,26.163475060687134,29.92749751367273,6309.172000000006,0.9700864745379828,4,1.802211635684408
B0028,25,1.7411482627836237,4.186072517005326,2.67366730872394,3.681439648314102,0.0078825810848727,-2.005217576993348,-0.9970973800951104,31.383820135357173,26.15231542588846,29.887309173795,6284.297,0.9661175348712056,3,1.802211635684408
B0028,26,1.7363833316311177,4.186079245979765,2.6531966228276134,3.680615489022298,0.0040562803105015,-2.0045790903634986,-0.9972667201815384,31.360116664622662,26.1081814095458,29.974612767860144,6265.969,0.9634735994653084,2,1.802211635684408
B0028,27,1.736559066269527,4.185739001637966,2.5306280538039845,3.677660046784129,0.0028456839768755,-2.010698718226501,-0.997266880260863,31.44534438395542,26.09981871901358,29.928807475767645,6266.641,0.963571110010091,1,1.802211635684408
B0028,28,1.7172335652295243,4.167590440976821,2.651385292787423,3.67453404625628,0.0051030876956673,-2.0051316277429905,-0.9969394063653588,31.550251048213177,26.236488265406727,30.029795182593663,6198.75,0.9528478960116064,0,1.802211635684408
B0029,1,1.697507332205763,4.122758586822445,1.999936473158621,3.365186047785184,-0.0003206602131699,-4.025628898561539,-3.975396217019724,58.72626885895911,43.40626577176862,51.631545591665024,1572.359,0.934629894701822,39,1.81623479179138
B0029,2,1.844701206961174,4.20134576801382,1.852059092593436,3.390592899446488,0.00125616284071,-4.025958335657771,-3.934248552605796,59.76796387174703,44.6512950787826,52.84944288631656,1723.281,1.015673312337397,38,1.81623479179138
B0029,3,1.8254376674722927,4.20075138362936,1.8857258246963948,3.3944582472061784,0.0023685910867064,-4.026389228000425,-3.9332952670181975,59.844347317645614,44.70379300888335,52.905865867266,1705.906,1.0050670077032475,37,1.81623479179138
B0029,4,1.815750429913437,4.20121939681188,1.853477749942109,3.394696317253661,0.0011560987226028,-4.026146941716451,-3.932113456162452,59.9199472840752,44.70284265888931,52.90438507577814,1697.688,0.9997333153840396,36,1.81623479179138
B0029,5,1.8132993337127028,4.20151734595852,1.913443763136564,3.398579443319999,0.0040245548503968,-4.025666629939814,-3.931581069158435,59.89475354681757,44.69471969782321,52.87534956891003,1686.094,0.9983837672904716,35,1.81623479179138
B0029,6,1.8151647619660576,4.190431936024234,1.9392366668780088,3.3970260675114696,0.001601147171859,-4.025842153897144,-3.976472905870513,59.58813236464061,44.65632079442231,52.762650424805656,1678.563,0.9994108526991344,34,1.81623479179138
B0029,7,1.8143317955190057,4.20151685379873,1.926680416628282,3.40174477993498,0.0009277908051389,-4.02540869735572,-3.953172457226365,59.81336613073259,44.68760486959879,52.78843384352056,1677.469,0.9989522300305144,33,1.81623479179138
B0029,8,1.801343601809866,4.201511694320507,1.89070792341858,3.400790257856999,0.0030934226291678,-4.0262930686050655,-3.952037378872224,59.75433532594285,44.675584452215,52.7841972696045,1666.093,0.9918010655622194,32,1.81623479179138
B0029,9,1.7881558802945825,4.201805179645606,1.93249158993614,3.4030834056443755,6.222737166087955e-05,-4.0260391640732776,-3.951642628329456,59.7737242563152,44.65379509474975,52.751738383515125,1654.328,0.9845400431575796,31,1.81623479179138
B0029,10,1.7760714604539518,4.201438773335668,1.971366525831792,3.4052467951556413,0.0023072676102569,-4.026327827070244,-3.951481216048893,59.80010734859943,44.691080314771256,52.7506031720156,1643.812,0.9778864871882484,30,1.81623479179138
B0029,11,1.7852807447597443,4.19368630303113,1.852379628685352,3.3969592538295337,0.0016645890423313,-4.026273510345562,-3.974136073511708,59.92418745751934,44.6911020162878,52.76187024768883,1652.266,0.9829570234137488,29,1.81623479179138
B0029,12,1.7698116401111978,4.20025041732416,1.8385968486453488,3.3978270130572263,0.0020667822164484,-4.027610977919839,-3.94933484428352,60.120904895462246,44.69747135892303,52.810328108304326,1648.672,0.9744398951666408,28,1.81623479179138
B0029,13,1.7565231680521758,4.200366031445772,1.8332269197665616,3.397654722992532,0.0001782889977949,-4.026372824644528,-3.948773942479504,60.15908336784943,44.71815315905492,52.803620504971605,1636.969,0.967123400559732,27,1.81623479179138
B0029,14,1.7543413277348154,4.199929373943819,1.8809955356138472,3.400358560849027,0.0012821212895343,-4.026624128013423,-3.9481894541359295,60.0330623550184,44.676030389528265,52.77428656847636,1625.187,0.9659221019571386,26,1.81623479179138
B0029,15,1.7392875506998715,4.199792574461424,1.800038174333754,3.3951054015762527,0.0007913011353634,-4.027030400371651,-3.946655613412357,60.155675284547456,44.72237198935258,52.80429201579515,1622.016,0.9576336487775272,25,1.81623479179138
B0029,16,1.7797845109331345,4.186389353535962,1.9415928705254093,3.3952154633066987,-0.0018463528521794,-4.026417322328161,-3.97371791832226,59.70826330240836,44.64341438511472,52.721179096315566,1638.422,0.979930854191878,24,1.81623479179138
B0029,17,1.7657088508465202,4.200779737725044,1.972461938837724,3.400939370892573,1.6646507974658135e-05,-4.026696437352965,-3.924297634283963,59.826072535975634,44.65986995283652,52.76566676387698,1646.438,0.9721809420383226,23,1.81623479179138
B0029,18,1.7523941408724169,4.20106410059631,1.9166086737918733,3.399096693075885,0.0006598008082064,-4.026796677718367,-3.922569043688066,59.97193555147316,44.68666896928979,52.80160858510679,1634.765,0.9648500011080638,22,1.81623479179138
B0029,19,1.7380191225603103,4.20039236023258,1.941628602033569,3.4005060708668395,0.0015914283878794,-4.026614754186135,-3.9219324486852223,59.90509096707212,44.675835276593766,52.76338281760698,1622.016,0.9569352654268208,21,1.81623479179138
B0029,20,1.7312214443143976,4.200576454073823,1.8754484122099284,3.397536794846482,0.0009650393837989,-4.027889167613304,-3.920549166756126,60.003884509148,44.68982543817814,52.793663259837146,1616.25,0.95319253443376,20,1.81623479179138
B0029,21,1.7379128985265808,4.194709553890768,1.838092729412404,3.391570729569499,0.0003372827104996,-4.028085314718813,-3.9453058787745454,60.25771781052726,44.63042883051784,52.75741582344694,1622.218,0.9568767795778492,19,1.81623479179138
B0029,22,1.7224270683625882,4.200658594506185,1.999771637867575,3.400600899974316,0.0006424778434889,-4.029581554780258,-3.895864092268878,59.90492726798961,44.71415991617437,52.86655414742575,1619.656,0.948350442435767,18,1.81623479179138
B0029,23,1.7184213765608034,4.200792247486221,1.8317514112942035,3.3937647508109445,0.0007644836711493,-4.027766402722573,-3.917907927315892,60.33243416075105,44.73530608637871,52.88238533970063,1605.484,0.9461449501613712,17,1.81623479179138
B0029,24,1.7010220930648232,4.200103293228043,1.9739559216587697,3.399091640529144,0.0045504864908434,-4.026628807325158,-3.89292863950299,59.98669670538192,44.73801386071172,52.89174684629843,1600.75,0.9365650855014618,16,1.81623479179138
B0029,25,1.693698739563104,4.200392899920808,1.9069490533352145,3.396460061958035,0.0007852751427292,-4.028075633238784,-3.891007378210508,59.99528714045464,44.72080656471346,52.86276331800625,1595.0,0.932532923175964,15,1.81623479179138
B0029,26,1.713072721286705,4.193452277045169,1.999627866566584,3.395334905512553,0.0017380580129921,-4.028992071533853,-3.8931180785218142,59.98821696841703,44.684139567457066,52.85514927949408,1612.422,0.9432000361567106,14,1.81623479179138
B0029,27,1.6976972688567131,4.200426069460966,1.9297361391600047,3.397203474478597,0.000843394460898,-4.027443008545737,-3.890666120253868,60.01985635641876,44.69955125789035,52.84555100149494,1598.969,0.9347344718477992,13,1.81623479179138
B0029,28,1.6899314034061208,4.200350636061038,1.811689567857529,3.389787970407681,0.0011155218413833,-4.02657515612885,-3.8880091290817527,60.26410091872941,44.67589276572789,52.82153486606997,1592.187,0.9304586670423356,12,1.81623479179138
B0029,29,1.685023551367069,4.200274898374017,1.9610731754377528,3.3967598380460484,0.0021054304856953,-4.026308111025025,-3.888014166745048,59.92046248220958,44.65820525613957,52.81580315824478,1577.484,0.9277564547175672,11,1.81623479179138
B0029,30,1.678389965463405,4.200350219079989,1.9482718394124845,3.3957223246260377,0.0006492320626428,-4.027821145847748,-3.886820317431477,59.887692512983016,44.66940974573534,52.80521928839473,1571.547,0.9241040712627158,10,1.81623479179138
B0029,31,1.6737947494868326,4.195839706712194,1.867494399191276,3.389225842853488,0.001719445173467,-4.027453382422719,-3.88571106427998,60.158935395611046,44.60923646358358,52.80312343851032,1578.484,0.921573993104682,9,1.81623479179138
B0029,32,1.6687898927884717,4.20011947590298,1.926783206032701,3.394032115379612,0.0012161364231368,-4.027257877744434,-3.85843433412322,60.04748235788095,44.657908969411466,52.85759471288148,1574.469,0.91881837102268,8,1.81623479179138
B0029,33,1.6492566306631429,4.20020354565233,1.869562035017659,3.3906922693966584,0.0009569528423221,-4.028220020010547,-3.856564366610415,60.167863371476415,44.650393271280834,52.85638451770691,1568.281,0.9080635599081638,7,1.81623479179138
B0029,34,1.6409676757039668,4.200021865512612,1.8881277069953315,3.3912179554575785,0.0019491662051522,-4.026463660977024,-3.85547414018331,60.09738415148209,44.66166028239045,52.882092513244274,1561.422,0.9034997474558096,6,1.81623479179138
B0029,35,1.6456360229757092,4.200544725415334,1.9264548202409049,3.3923453388185667,9.386519420112688e-05,-4.02785957922289,-3.8555734475773074,60.02940147619038,44.67197301409441,52.87120880021078,1554.234,0.9060700909449012,5,1.81623479179138
B0029,36,1.654547743574037,4.193996290293578,1.8497742851139864,3.3840832974347714,0.0010776613612116,-4.0268345490967095,-3.854823111014098,60.33090148423857,44.60925310792597,52.8949932373189,1573.734,0.9109767916856892,4,1.81623479179138
B0029,37,1.6461201520877546,4.199807562252484,1.988399313722457,3.3935243600466607,0.0012055515072253,-4.028134400513877,-3.8279463752523526,59.88870262903497,44.651733083497575,52.90577737967025,1566.578,0.9063366474023776,3,1.81623479179138
B0029,38,1.6275119188151763,4.199665175987453,1.882271606460696,3.388551594762018,0.000795989977969,-4.0269371723961935,-3.851886221713202,60.13011665786984,44.624308005806974,52.85049305569667,1550.047,0.8960911475602429,2,1.81623479179138
B0029,39,1.6200530533464497,4.200099273216301,1.869301978135549,3.3876827466759964,0.0012414717003364,-4.02674927094555,-3.8509488961783584,60.20528139553767,44.684149828783205,52.93318563948955,1543.64,0.8919843737541042,1,1.81623479179138
B0029,40,1.612079811711934,4.2000806322388815,1.8433554303146653,3.3850191492367943,-0.0002555217159396,-4.027330387109479,-3.849366331322892,60.24494659507955,44.66301381472874,52.91920185424772,1536.781,0.8875943897770593,0,1.81623479179138
B0030,1,1.6560706096175404,4.121228264511843,2.1274170450668684,3.346447968217736,0.0017593005385624,-4.02642257980551,-3.881093691840246,61.11438949471705,43.15149833518289,52.450611378612734,1572.359,0.9451024295194236,39,1.7522657416716596
B0030,2,1.7815548749509116,4.191571549203586,2.1401060472348874,3.378075193636114,-0.0007868077489712,-4.027659504109606,-3.7838858314888455,61.9990871891876,44.54353972746864,54.11324111779423,1723.281,1.0167150065099773,38,1.7522657416716596
B0030,3,1.761969227822918,4.191314909952094,2.1657237815883463,3.381867202848237,0.0005981133953777,-4.0263997172904,-3.78000742647211,61.89071493502735,44.60400022940282,54.15782826074842,1705.906,1.0055376795428308,37,1.7522657416716596
B0030,4,1.751755031874225,4.191510310362352,2.095376108282347,3.3803545588103714,-0.0015948607575995,-4.027127991303563,-3.7771963627067855,62.214205409958005,44.61072161333403,54.212018750385205,1697.688,0.9997085431819565,36,1.7522657416716596
B0030,5,1.7381688070362076,4.191406236830394,2.12524665517798,3.383237725223628,0.0002093641137128,-4.027089196239373,-3.774391482257296,62.31179793095802,44.6020225990607,54.19837692352459,1686.094,0.9919550246859226,35,1.7522657416716596
B0030,6,1.750674529346134,4.1809364775885,2.0759632130565406,3.374148303155992,-0.0001969279686096,-4.026801519572001,-3.840150612968389,62.29994268441351,44.58601287629512,54.14161744851121,1678.563,0.9990919115247854,34,1.7522657416716596
B0030,7,1.7491047649061158,4.191416983179895,2.0440070679316857,3.3806295984219497,-0.0003961802022008,-4.026685043731495,-3.8162308411426897,62.48134926186261,44.61884221532576,54.21167948917778,1677.469,0.9981960631367888,33,1.7522657416716596
B0030,8,1.7252544028765475,4.19167898729129,2.173948548947525,3.387081847293872,0.0012292703677715,-4.027008162529609,-3.790540920260821,62.158212651524295,44.59936994632644,54.18634900836399,1666.093,0.9845849073272738,32,1.7522657416716596
B0030,9,1.7112621367644252,4.191660740391253,2.1712631392036204,3.3879461849049983,-0.0007190799526456,-4.026835815972069,-3.7878863152954,62.11029841216025,44.59290494580976,54.15360140656882,1654.328,0.9765996652607516,31,1.7522657416716596
B0030,10,1.6990418392711273,4.190518218566902,2.1722790601698723,3.3883925705991067,6.463182257801e-05,-4.027530832099604,-3.78521295034333,62.21537292970592,44.62895122356867,54.168189231806274,1643.812,0.9696256674231634,30,1.7522657416716596
B0030,11,1.7185770039532977,4.18494757447594,2.1399140868464497,3.3829900242224884,0.0002587364015666,-4.026804684381526,-3.808755621568946,62.42078136779365,44.61876601472716,54.22057063412252,1652.266,0.9807741845787484,29,1.7522657416716596
B0030,12,1.70324722921867,4.19138696373963,2.112329336316492,3.3872270612733906,-5.438671168831912e-05,-4.028658336876764,-3.7838496795424073,62.42541404009337,44.6290146536895,54.24400266886001,1648.672,0.972025640125666,28,1.7522657416716596
B0030,13,1.689458044662304,4.1916098999207785,2.1141726056716275,3.387969833955272,-3.662130729819738e-05,-4.027635336965244,-3.7810084173912366,62.43136471336018,44.632688209599,54.24150010859244,1636.969,0.9641562946100646,27,1.7522657416716596
B0030,14,1.6756136292719177,4.191138031319589,2.1697054636702,3.3908449439184096,0.0007633648614528,-4.028103263729137,-3.7778398595622393,62.27459158639179,44.60212525746821,54.18369722707384,1625.187,0.9562554294266942,26,1.7522657416716596
B0030,15,1.6718407140871654,4.191251588829171,2.0502203248956845,3.38590580078786,-0.0002033602822177,-4.0291043008663845,-3.776503595955527,62.57843700986901,44.624665823870856,54.228866401573256,1622.016,0.9541022656142504,25,1.7522657416716596
B0030,16,1.7233056681204446,4.17866916142942,2.056845844411806,3.375492904033759,0.000149670812963,-4.027517719449719,-3.852017671568871,62.47198799326229,44.56326262853694,54.15865206479903,1638.422,0.9834727844855388,24,1.7522657416716596
B0030,17,1.709207290507283,4.19028213835832,2.002654873353824,3.381550645715128,0.0008772235570089,-4.028208252016326,-3.8026336945838506,62.67828739920007,44.60490806087971,54.242750421230845,1646.438,0.9754269856789536,23,1.7522657416716596
B0030,18,1.684001734344571,4.18930659174196,2.098247338071892,3.3864480900407194,0.0003336214553142,-4.028530108942317,-3.774793241490592,62.48426799373123,44.6218039286095,54.26601179807604,1634.765,0.9610424345442234,22,1.7522657416716596
B0030,19,1.66898698813004,4.189336480826855,2.095250035916422,3.387180494037813,0.0012011416906636,-4.028059956110559,-3.771704892311348,62.520660259063135,44.610355218782736,54.24164371768822,1622.016,0.9524736736208906,21,1.7522657416716596
B0030,20,1.6620689362837142,4.187961671001895,1.965222517702767,3.381344501079788,0.0005223927726711,-4.029736567587315,-3.770178374885712,62.83792318174592,44.633104163960176,54.32282816477177,1616.25,0.948525612729324,20,1.7522657416716596
B0030,21,1.6687049625248174,4.183473493335224,2.1649300939348857,3.385606758982866,0.0007621949361175,-4.02892193533513,-3.770286001350055,62.47596510401283,44.56443077123853,54.27566161448939,1622.218,0.9523127245145332,19,1.7522657416716596
B0030,22,1.652762183550463,4.189021310957518,2.1107101939003567,3.3887947335699504,0.0010776037840459,-4.028238890396407,-3.74290317214084,62.54340291733675,44.6334910874532,54.346520622463046,1619.656,0.943214344859433,18,1.7522657416716596
B0030,23,1.648481366235244,4.188208290959306,2.154272422860638,3.390949417762555,0.0007478351109079,-4.029657303351485,-3.739425005381632,62.54253781933885,44.680330122145484,54.36956389378732,1605.484,0.9407713265355484,17,1.7522657416716596
B0030,24,1.6307406443132095,4.188944596283129,2.056878607135279,3.387340408049889,0.0003574563452803,-4.028147301835234,-3.737622424800312,62.63316972633199,44.64880695403803,54.38101073340462,1600.75,0.9306468793697266,16,1.7522657416716596
B0030,25,1.62323023017929,4.189721988537926,2.0619330487714467,3.388065195797361,0.0004601258896319,-4.027460243343909,-3.7356557463501385,62.63885708285674,44.6494752691612,54.36622207037608,1595.0,0.9263607634254896,15,1.7522657416716596
B0030,26,1.654190654039439,4.182121595717829,2.182829076635093,3.3873336724752856,0.0004862633145462,-4.028374864371009,-3.737388532394875,62.50972828784737,44.6192244164673,54.36082826974155,1612.422,0.9440295582457392,14,1.7522657416716596
B0030,27,1.638514396616985,4.18953881832451,2.152270345667462,3.391596603751742,0.0001501244356611,-4.0280399278365575,-3.733773399938973,62.41430430344205,44.62244303647462,54.32908203830112,1598.969,0.9350832796935492,13,1.7522657416716596
B0030,28,1.618847673357618,4.18877344296717,1.98536642488698,3.38446958274608,0.0020082664928365,-4.028759921717576,-3.7318248243234815,62.71706660837061,44.61775964712291,54.350797312061744,1592.187,0.923859683413795,12,1.7522657416716596
B0030,29,1.6134212267751404,4.187364248433742,2.085108474542319,3.3883015570002266,0.0014800577774969,-4.028912968695677,-3.72789586160175,62.554566036297686,44.57938812599237,54.30570319180817,1577.484,0.9207628662738896,11,1.7522657416716596
B0030,30,1.6066443601761986,4.188843927084549,2.1156809695843,3.389973588057286,0.0002020457967086,-4.028240237923387,-3.725880354616689,62.48691429447336,44.63882940473298,54.311769035681074,1571.547,0.9168953783479564,10,1.7522657416716596
B0030,31,1.6138387876938998,4.184536605382707,2.08588060415804,3.386403894086122,0.0005341350957084,-4.0292228155278815,-3.7258300678775145,62.59235284434121,44.52996519417786,54.31694947968931,1578.484,0.9210011639868616,9,1.7522657416716596
B0030,32,1.596329501327274,4.188530465383751,1.9452863886536,3.382990062267617,0.0008757216237683,-4.028629666143592,-3.7235246959842048,62.84622214879507,44.584489397198766,54.37602664745592,1574.469,0.911008794707347,8,1.7522657416716596
B0030,33,1.589078586740699,4.188200529397757,1.916660490161616,3.3809665909442286,0.0017244489688656,-4.028807042725253,-3.720917743201564,63.0242156686281,44.60072493720745,54.40922760509475,1568.281,0.9068707724803884,7,1.7522657416716596
B0030,34,1.5805481432309574,4.187743893425592,1.927250989755404,3.381324186836697,0.0001936086679272,-4.027678632162258,-3.7188832576508455,63.00027240816272,44.60010411620031,54.43118438830086,1561.422,0.9020025362837466,6,1.7522657416716596
B0030,35,1.584613105427081,4.1898269490660445,2.051939170845275,3.3870672693934285,-0.0004863640898333,-4.028626046511251,-3.7178481811964144,62.80130766887856,44.62647326379676,54.42543761419732,1554.234,0.9043223683157564,5,1.7522657416716596
B0030,36,1.5936651221220737,4.183231697201542,2.0447593292567268,3.382718302752806,0.0005358834776928,-4.030594809378983,-3.719718780129346,62.737405296482684,44.54512422560238,54.40878572720797,1573.734,0.9094882609539116,4,1.7522657416716596
B0030,37,1.5849874126960888,4.187178870202528,2.1123670299751245,3.3896129797375174,0.0011516362003643,-4.029376137378532,-3.689599489111192,62.57852749153667,44.5802402421656,54.42284720424547,1566.578,0.9045359816165854,3,1.7522657416716596
B0030,38,1.5787064969416462,4.188109008087897,2.029028311417829,3.38569510149779,0.0021820403337215,-4.02789957320431,-3.713342059336729,62.84908045214772,44.5770883956101,54.38754363122996,1550.047,0.9009515277263608,2,1.7522657416716596
B0030,39,1.570705516096967,4.188695408653485,2.0574175231777425,3.387023398111767,0.0014808367056352,-4.027280488641001,-3.711313300597217,62.7284644620379,44.64554626607071,54.45246463683033,1543.64,0.8963854504160514,1,1.7522657416716596
B0030,40,1.562780404428482,4.18874384592953,2.068863283525511,3.3870565445350174,0.0001720266679014,-4.027633935183195,-3.709186360280257,62.69299470731855,44.59631266869645,54.41109814733754,1536.781,0.8918626708626919,0,1.7522657416716596
B0031,1,1.6666751942525773,4.116561748956975,2.4944372580491163,3.372966449024956,0.0027767129236892,-3.976879354793832,-3.8333672232532,60.84632469517393,42.830036312976034,52.65501135302439,1572.359,0.9187926825107988,39,1.8139839661086856
B0031,2,1.8328583629543167,4.206499027366964,2.470379105199965,3.410655663961355,0.0013441287397587,-3.977675278876834,-3.8451016770532576,61.81769411336386,44.29462858436861,53.97231092767106,1723.281,1.0104049413877236,38,1.8139839661086856
B0031,3,1.8139835002945133,4.206542652746716,2.432998201540817,3.411724207737072,0.001388631365358,-3.977818121218368,-3.8650342644443447,61.82805706187581,44.34086545841149,53.99108510894419,1705.906,0.9999997432093224,37,1.8139839661086856
B0031,4,1.8044387333514835,4.206636701109276,2.455290559392926,3.414079984476593,0.0012237431001445,-3.977299190367607,-3.863745544431601,61.95644236061217,44.358531698383615,53.996608338848425,1697.688,0.994737972917325,36,1.8139839661086856
B0031,5,1.802147684291295,4.206755471453542,2.379788594335936,3.412679097550016,0.0019526644022268,-3.978022092833197,-3.884937497954565,62.099570509363424,44.36904249712909,53.95426267052216,1686.094,0.9934749799124292,35,1.8139839661086856
B0031,6,1.7715647509798835,4.172458299789621,2.3704531055353044,3.396323772282241,0.0007310241436229,-3.9767159781784978,-3.838058725513676,62.03750729435005,44.30711469547115,53.973288387308486,1678.563,0.9766154409733848,34,1.8139839661086856
B0031,7,1.8139928165779544,4.2067410088524975,2.479852487101495,3.420079809333936,-0.0002847082358759,-3.977184383768344,-3.906047424985772,61.84294867967338,44.35989201809373,53.88993125496472,1677.469,1.0000048790228768,33,1.8139839661086856
B0031,8,1.8013261041198854,4.2068100656143335,2.4765516954388933,3.420008726669189,0.003495003188556,-3.977097467401381,-3.905358988025778,61.8379476525885,44.34916844771062,53.87262295937195,1666.093,0.9930220651200388,32,1.8139839661086856
B0031,9,1.7883722583933568,4.206952621072369,2.359674470455269,3.417702003194436,-0.0005880407744395,-3.976862231789001,-3.927976147464842,61.84646585876763,44.33299798913963,53.81893583109196,1654.328,0.9858809624595136,31,1.8139839661086856
B0031,10,1.776540165737316,4.206832562039922,2.4195090802038206,3.420480701190782,-0.0006256190501035,-3.97911043245712,-3.927454128643949,61.76013798618494,44.3479986805051,53.82033376097016,1643.812,0.9793582517426032,30,1.8139839661086856
B0031,11,1.7856209131823229,4.193946956737359,2.3489668209281325,3.4123332615490005,-0.0010874786116113,-3.978347529374349,-3.927239655425038,61.91960614794014,44.31576932699988,53.821133604090825,1652.266,0.9843642207118256,29,1.8139839661086856
B0031,12,1.781363403668594,4.206655556995042,2.399709439291441,3.420910074120946,-0.0005179713142655,-3.9771521389968303,-3.9268971976071376,61.86471031425517,44.353705438737805,53.81794815350033,1648.672,0.9820171715684628,28,1.8139839661086856
B0031,13,1.768489838397124,4.207198543313955,2.4168059304515817,3.421653985858188,-0.0003110879109806,-3.977691809263504,-3.926457770086078,61.77393480386064,44.33947487486351,53.80194299620242,1636.969,0.9749203253382914,27,1.8139839661086856
B0031,14,1.766505238291406,4.206978754188053,2.471072287476068,3.423749066677016,-0.0018731696658739,-3.977537552103438,-3.925817080441477,61.64539051089847,44.32818975028374,53.75880729814269,1625.187,0.9738262693031792,26,1.8139839661086856
B0031,15,1.751740527921767,4.20675228195214,2.404447263605832,3.420989310531392,-0.0019110207790176,-3.978111649265431,-3.925551382066296,61.88870329111738,44.354445173178064,53.78850848662172,1622.016,0.9656868862405428,25,1.8139839661086856
B0031,16,1.7352349314055016,4.168980783747018,2.405938768821008,3.40095456627701,-0.0003817713773748,-3.977751186219502,-3.852591436358121,61.98674236534618,44.287842733511,53.8368863785077,1638.422,0.9565878000167144,24,1.8139839661086856
B0031,17,1.7782778274549178,4.207227268504839,2.386904670931757,3.421591713831319,0.0004080663527147,-3.97681234987642,-3.925749357747081,61.73655452780071,44.32034939655615,53.77337918608895,1646.438,0.9803161773638144,23,1.8139839661086856
B0031,18,1.7649894859707391,4.207303258469689,2.365034266156857,3.420573981542695,-0.0010155926122537,-3.976912066880602,-3.92499122493628,61.82230520583519,44.32225352667264,53.77386924606414,1634.765,0.9729906762940974,22,1.8139839661086856
B0031,19,1.762591283533551,4.207353806036226,2.4186775515647607,3.422624599533156,0.0009277629617384,-3.978688647773789,-3.924447510249367,61.70265737807168,44.3225456238234,53.754659591825344,1622.016,0.971668612548224,21,1.8139839661086856
B0031,20,1.744314576121582,4.206667054740019,2.360775838409723,3.420117725512084,0.0002704688389542,-3.97903376287443,-3.9241185399534726,61.83339482415222,44.31558221016735,53.766677549195336,1616.25,0.9615931610814858,20,1.8139839661086856
B0031,21,1.7628373753518478,4.198651200144167,2.4505597087782616,3.4199667649637617,-0.000262728474344,-3.9780140451348855,-3.924417903030087,61.71886225058171,44.27500624240207,53.731744909320135,1622.218,0.9718042762712196,19,1.8139839661086856
B0031,22,1.747857930947971,4.207348617133544,2.3428829070219703,3.4203305433739613,-6.675195362322442e-06,-3.9779736389102816,-3.924012620247321,61.9456150656118,44.33808814197312,53.77927288646249,1619.656,0.9635465161786592,18,1.8139839661086856
B0031,23,1.7441167338864991,4.2072481474909695,2.411955819284382,3.422863512888695,0.0001640849591204,-3.9784996176795904,-3.9232971090768873,61.68681561807962,44.36308273819081,53.77940592279519,1605.484,0.9614840960407912,17,1.8139839661086856
B0031,24,1.7268422932817389,4.207149488755062,2.3413222526109294,3.4198002859215846,0.0012927632001319,-3.978808047093823,-3.92291737914847,61.72142337926525,44.350792998541806,53.7498055148608,1600.75,0.951961166992076,16,1.8139839661086856
B0031,25,1.7203093493042263,4.2072173595407625,2.328244465576847,3.4194705619732524,0.0014726058579139,-3.9775428897202,-3.9226738819129343,61.922368397426354,44.33360202803315,53.75572683773813,1595.0,0.9483597327459252,15,1.8139839661086856
B0031,26,1.7394245516699778,4.196145238330935,2.318164845471509,3.4145994489347062,-0.0003374430251046,-3.9805743604314334,-3.922957237769921,61.87504931919781,44.3081761242502,53.7542876562008,1612.422,0.9588974236643056,14,1.8139839661086856
B0031,27,1.7367384416372014,4.2069462617112805,2.4548236850102603,3.424877465316156,-0.0001040198486247,-3.979162923764102,-3.922700094183036,61.49120341342234,44.31984957720723,53.711431807207,1598.969,0.9574166442952692,13,1.8139839661086856
B0031,28,1.716963468448543,4.207372373768093,2.3584309858697914,3.420974185160828,-0.0012343201163544,-3.978306860506898,-3.9220779649294735,61.70751319442212,44.31789791986238,53.69342764953342,1592.187,0.946515239675316,12,1.8139839661086856
B0031,29,1.7127773558366357,4.206841499612997,2.4660401403368404,3.4245085053170605,0.0023885964497716,-3.977319747335911,-3.921370279370605,61.49432037699378,44.28877858426322,53.61958378565316,1577.484,0.9442075497011388,11,1.8139839661086856
B0031,30,1.7061083466554066,4.207073830058116,2.442554361335084,3.4232173747975634,-0.0007856884123706,-3.978351078081253,-3.921073267573148,61.505904797603456,44.302021606946646,53.633628437869824,1571.547,0.940531106410664,10,1.8139839661086856
B0031,31,1.713732696207521,4.202288246181564,2.455972935605985,3.4217612690112014,0.0006476350430282,-3.977915936469046,-3.920844786337769,61.58650298757853,44.25632742061698,53.64298219337473,1578.484,0.9447342028517368,9,1.8139839661086856
B0031,32,1.7093475797926974,4.2068098855652165,2.3451886335989784,3.420095731247544,-0.0005359838169886,-3.979004823352766,-3.920750143347092,61.66803036509911,44.29229687154297,53.640194623026446,1574.469,0.942316807496126,8,1.8139839661086856
B0031,33,1.690100045411559,4.207132897125494,2.3048157078228537,3.418207639268387,-0.0027859392911923,-3.978994022429637,-3.9202672088226542,61.83745125268187,44.27297575844494,53.65373339276206,1568.281,0.9317061655385634,7,1.8139839661086856
B0031,34,1.6946883343387664,4.207018144824621,2.327904771892418,3.4190055604969225,-0.0008037827314061,-3.977360849056161,-3.919741625648533,61.7791359328034,44.29374100507224,53.65355338521763,1561.422,0.934235564371702,6,1.8139839661086856
B0031,35,1.687010991299212,4.206967994384534,2.3672431402232186,3.4200180230564365,-0.0021179755950894,-3.98157731389867,-3.919699759766482,61.63755727730526,44.29685687451413,53.647830742878845,1554.234,0.9300032540630152,5,1.8139839661086856
B0031,36,1.6957069027070075,4.198742074510769,2.32931910043758,3.41552953622903,-0.0001383187875609,-3.978371819312698,-3.919678832661814,61.76541153453152,44.240407412762536,53.654715008055895,1573.734,0.9347970733967385,4,1.8139839661086856
B0031,37,1.687696889615565,4.206906802432806,2.313616978242905,3.4189014427486333,0.0004421767681534,-3.979278165023497,-3.919410586483949,61.71412204720752,44.277682069015725,53.66098543950281,1566.578,0.9303813711407668,3,1.8139839661086856
B0031,38,1.6819617127259294,4.20664698001037,2.464103908062826,3.4233537843227144,0.0004194401026205,-3.979799695817293,-3.918652739765121,61.46370523914892,44.26325414571517,53.59867010741405,1550.047,0.927219724182035,2,1.8139839661086856
B0031,39,1.6750033888978846,4.206935457661614,2.450218643464606,3.422728792030932,0.0012189071027832,-3.978467204430153,-3.918518474758324,61.45868723262231,44.29498234288963,53.62891034975159,1543.64,0.9233837895993432,1,1.8139839661086856
B0031,40,1.6672987794846676,4.207096999865798,2.4650879684691613,3.422760457985402,0.0010226274780877,-3.9775318525247534,-3.918145386509849,61.44540062417477,44.27909841111377,53.61379694880726,1536.781,0.9191364480808044,0,1.8139839661086856
B0032,1,1.704864107351214,4.087016142066692,2.62709691854036,3.31356881404843,-0.0002350790973674,-3.994111633376854,-3.895034492956119,59.47600707924567,43.25683175903665,52.14812251926887,1572.359,0.9136667214509984,39,1.865958414949941
B0032,2,1.8940319526948568,4.187844886919987,2.6672646952717707,3.360932103985418,0.0015127124644952,-3.993584927278223,-3.9466385151298375,60.121290886265,44.37911850231533,53.49862731805315,1723.281,1.015045103642178,38,1.865958414949941
B0032,3,1.8747686491853093,4.187701456265651,2.653980741191812,3.362818742242725,0.0012837813797894,-3.994420868734206,-3.9459503925460986,60.28987126771494,44.42491231836779,53.56355547229223,1705.906,1.00472155979725,37,1.865958414949941
B0032,4,1.8654947184112376,4.187956631748198,2.614778884516638,3.3620666570592657,0.001716180465612,-3.992737735565066,-3.945374357087773,60.57061862772471,44.42345633074317,53.636497641934646,1697.688,0.9997514968527764,36,1.865958414949941
B0032,5,1.8527398169018068,4.187837270519941,2.611753951946988,3.362352506750974,0.0004071782362678,-3.99486611628056,-3.945101311125932,60.44487262242978,44.41711926456754,53.66821955000141,1686.094,0.992915920343011,35,1.865958414949941
B0032,6,1.844174397003866,4.176580463554566,2.6899647104301128,3.3539141264171213,0.001708441430192,-3.994312241610504,-3.9441329415172497,60.80514996345169,44.37941292443623,53.78514931831166,1678.563,0.9883255608637668,34,1.865958414949941
B0032,7,1.843023847751276,4.187717629562103,2.6352220172441965,3.359881578137895,0.0009693359917359,-3.994189778619774,-3.944073053011351,60.79131486140098,44.42226254081613,53.80370465565283,1677.469,0.9877089612421612,33,1.865958414949941
B0032,8,1.8302818174911863,4.18755828453692,2.616116680441599,3.358862190732693,0.0012858070277202,-3.992661318532081,-3.943421894744355,60.82453443905106,44.39808687756001,53.860865202701575,1666.093,0.9808802826617592,32,1.865958414949941
B0032,9,1.8173838456081808,4.1878149871796655,2.637757551280405,3.3601097902247443,-0.0031257014604457,-3.9925014219671766,-3.943170715442676,60.93844327722512,44.39713214852311,53.86937461780675,1654.328,0.9739680322173402,31,1.865958414949941
B0032,10,1.805799298110468,4.187881479812432,2.6425811435343314,3.3601434422461938,0.0013400939842073,-3.994253875500499,-3.942790979301487,61.056928797496845,44.42440180577051,53.919241142689074,1643.812,0.9677596690486336,30,1.865958414949941
B0032,11,1.8149829605049184,4.180429711622443,2.6868552360676885,3.355149818972587,-0.0014889906843565,-3.993279981032099,-3.942681377393959,61.26264235870029,44.4037484753862,54.04736439027926,1652.266,0.9726813555775892,29,1.865958414949941
B0032,12,1.7995150369321795,4.187435297570574,2.6740516269543457,3.359341828328813,0.0016267295925668,-3.9928213513263473,-3.918484503216393,61.30909593373104,44.39805639027924,54.07432799473692,1648.672,0.96439182273012,28,1.865958414949941
B0032,13,1.7866516942518147,4.187467933100937,2.6712280977184064,3.358629751735543,0.0038627008274447,-3.993630744300512,-3.9177419538846414,61.35860964032413,44.42342339410816,54.13198237630402,1636.969,0.957498130685697,27,1.865958414949941
B0032,14,1.7735550719416031,4.187491241001438,2.6834486699239664,3.3590704748251823,0.0030013386583011,-3.993304107752517,-3.916992039332035,61.48218876912336,44.405296432368274,54.1706485784692,1625.187,0.9504794199763468,26,1.865958414949941
B0032,15,1.769995333364443,4.1874322769983605,2.670098200587867,3.3579238322389635,0.001424030288451,-3.994079719933211,-3.916530168654029,61.55806089309812,44.433840746655626,54.230275057026425,1622.016,0.9485716933364388,25,1.865958414949941
B0032,16,1.799526080374287,4.174276691190384,2.6512994484308834,3.346388148340216,0.002117883806017,-3.993967806204527,-3.941133829882486,61.75555924618304,44.39020318316664,54.344649105313806,1638.422,0.9643977411053738,24,1.865958414949941
B0032,17,1.7968530684449833,4.186860433427951,2.625703438629486,3.3534652549262995,0.0017108672264762,-3.994597299462833,-3.9168961856122,61.788148736083365,44.38622768250236,54.34024033975075,1646.438,0.9629652269036169,23,1.865958414949941
B0032,18,1.7838265504081745,4.187242083144707,2.6363985091733704,3.3539379658636705,0.0001165466879612,-3.99403993642454,-3.9161279657117896,62.026796878552666,44.4051269140013,54.38381832401512,1634.765,0.9559840863098924,22,1.865958414949941
B0032,19,1.7696444491040102,4.187348698823322,2.6091385279000474,3.352033498067153,0.0018785106032199,-3.996695123471853,-3.9150746408037618,62.05922080379437,44.42169542184864,54.44223460892958,1622.016,0.9483836482773306,21,1.865958414949941
B0032,20,1.7512940457049684,4.187458308694366,2.69282732587276,3.356088193037498,0.0009533628343327,-3.996085886074777,-3.8893700702054974,61.81678431928173,44.41490041187964,54.47793957059441,1616.25,0.9385493436904656,20,1.865958414949941
B0032,21,1.7697554297961993,4.18032452902128,2.6580053475407666,3.348597824682181,0.0026408049180856,-3.9941183811183705,-3.914545791564823,62.13034562682843,44.37973715309972,54.522884319691855,1622.218,0.9484431247861852,19,1.865958414949941
B0032,22,1.7547726933914918,4.187278944270903,2.622656733898926,3.350888760453381,0.0002794086737932,-3.99420296582248,-3.88872960338246,62.20855323363066,44.43505105702808,54.63737439274004,1619.656,0.9404136122929448,18,1.865958414949941
B0032,23,1.7389166355812984,4.186871482774904,2.6579673401898325,3.351949039148667,-0.0006333733548199,-3.994207676123932,-3.887437874711392,62.27936068413306,44.45074387838419,54.626766126569,1605.484,0.9319160714671924,17,1.865958414949941
B0032,24,1.7337200518764075,4.187368946542894,2.62449780009349,3.349297591300232,-0.0020744273359697,-3.993823239825288,-3.8867994146602536,62.40536913200032,44.4475889304923,54.64310926864166,1600.75,0.9291311306757706,16,1.865958414949941
B0032,25,1.7150972597500092,4.187171328295389,2.6693549937573904,3.351231111091802,0.0012452126846412,-3.994754622163221,-3.860079135005962,62.21600779378832,44.4423253200928,54.70581681215588,1595.0,0.9191508481693688,15,1.865958414949941
B0032,26,1.7462926148815636,4.179483481777926,2.6245992054256915,3.3435018088780115,0.0008661686052773,-3.993552154297252,-3.8867131837578937,62.6157960112704,44.41306950471116,54.73634803491553,1612.422,0.9358689887675832,14,1.865958414949941
B0032,27,1.719149261914565,4.187057003834118,2.682984874071112,3.3521161040604457,0.0017493587339206,-3.995086500261385,-3.859329219112499,62.26360588854172,44.42726286487183,54.72900690501432,1598.969,0.9213223875413564,13,1.865958414949941
B0032,28,1.711582246191498,4.186996418231206,2.6671246169170018,3.3500497479561155,0.0029029926987244,-3.9949368262887295,-3.858428126429743,62.42580063958537,44.42740030389657,54.73589338579687,1592.187,0.9172670904551832,12,1.865958414949941
B0032,29,1.69510511952259,4.187162136817356,2.6334454972272856,3.346822633241171,0.0030505218567754,-3.9949029619473433,-3.8566873181204575,62.5594040849182,44.40480279768343,54.73540508711326,1577.484,0.9084367078824024,11,1.865958414949941
B0032,30,1.7005124371100973,4.187124475593186,2.6133538721871226,3.344566812676641,-0.0006443459607082,-3.99441842582716,-3.882769576074197,62.582629376324434,44.39853762644303,54.74865999209295,1571.547,0.911334584675467,10,1.865958414949941
B0032,31,1.7080989351250158,4.181856074494181,2.647938106735209,3.3426166901503263,0.0024583516966073,-3.9933943376990633,-3.882600911283088,62.57090441669303,44.35319619672111,54.78747299373422,1578.484,0.9154003226651972,9,1.865958414949941
B0032,32,1.691435430587127,4.18690867607217,2.6715941703662405,3.34732439121854,0.0009777946664947,-3.994505933062156,-3.854937565206465,62.42898686923908,44.39241607753322,54.781382520592445,1574.469,0.906470056907728,8,1.865958414949941
B0032,33,1.6844494328889932,4.186886051758731,2.646261496806368,3.345354735772452,0.000858641753728,-3.9949900066471686,-3.854046236326502,62.43152363917722,44.38940961934091,54.78435229628446,1568.281,0.9027261376209088,7,1.865958414949941
B0032,34,1.664037581688075,4.186961283097403,2.6718636231921065,3.346646262078225,0.0008078766421049,-3.9944555852207273,-3.825515955469031,62.5729328576623,44.40456977005993,54.84501294402333,1561.422,0.891787066826308,6,1.865958414949941
B0032,35,1.6686372014231974,4.186797536056034,2.6372752376377897,3.3430379418002483,0.0003270290264657,-3.994950149647624,-3.852185223644289,62.57967644827836,44.41077624094624,54.84412055277582,1554.234,0.8942520841055093,5,1.865958414949941
B0032,36,1.6899344075625968,4.180871809929545,2.6027515790201994,3.3373798184076704,-0.0004538951829893,-3.9939090960595336,-3.852902476090416,62.96996562520999,44.34599596279828,54.91679435988125,1573.734,0.9056656322150316,4,1.865958414949941
B0032,37,1.669431712846442,4.186876840985748,2.634449644633184,3.3435347690202875,0.0031454037894103,-3.9956769444125584,-3.824369401335112,62.75574288944966,44.40208052480985,54.90429470994109,1566.578,0.8946778767796004,3,1.865958414949941
B0032,38,1.6634226761839213,4.186631058593124,2.612265282912701,3.3406975425250534,-0.0010781432331686,-3.995326411032614,-3.850082677405248,62.70443033939053,44.38078135255614,54.85304065526831,1550.047,0.8914575281296109,2,1.865958414949941
B0032,39,1.643615219594737,4.1868719484291095,2.6874948249577777,3.3456376475453258,0.0005040802090653,-3.993341726049872,-3.820950546148158,62.46020747529598,44.42484682444376,54.870101858468,1543.64,0.880842363059217,1,1.865958414949941
B0032,40,1.6358000873538243,4.186758471539941,2.6076358711453813,3.33983349960651,0.0011578976243076,-3.992853792791997,-3.81970497525898,62.78975435716677,44.41205349181541,54.9152115205818,1536.781,0.8766540959583543,0,1.865958414949941
B0033,2,0.6895699007862814,4.191105953862248,1.9816234331870684,3.717995304466161,0.0012239145172062,-4.027610772655682,-0.8109495942196226,47.876225604831575,25.173023588997943,32.82332257180906,3260.531,0.4194245791705528,195,1.644085575885809
B0033,3,1.1610848192311252,4.19762922160552,1.287217552704193,3.524738825009034,0.0013754928034409,-4.028150816942063,-1.3467063374074053,53.521374145800095,24.982438023452065,35.79329539654299,3265.75,0.7062192116158855,194,1.644085575885809
B0033,4,1.2529393053824995,4.199816411135521,1.92499373482904,3.489168398195939,0.005999157112787,-4.027874138842302,-1.4664895935962654,53.59969491765948,24.55968114896303,36.38266836733648,3264.109,0.7620888618935996,193,1.644085575885809
B0033,5,1.302918002447558,4.2005663942344365,1.948018740022197,3.4703882503796533,0.0031735223078242,-4.033138447887385,-1.5284631729967968,53.81770081109488,24.34686554324056,36.45901475182768,3253.531,0.7924879468306052,192,1.644085575885809
B0033,6,1.3218773211472523,4.200743805234223,1.891347070952385,3.453967625388434,0.001190717661264,-4.028549406404835,-1.5665630077013477,53.57104302015468,23.833054464449923,36.279780573622936,3242.578,0.8040197788579493,191,1.644085575885809
B0033,7,1.2884694418301417,4.197576934147749,1.1932458808760276,3.457824759345528,0.0012234808875597,-4.029060240993913,-1.5273103379999615,54.60856796915766,23.849523839998607,36.16552578493363,3234.625,0.783699742111011,190,1.644085575885809
B0033,8,1.713169326386719,4.20050246544483,1.91705151743623,3.209334990541558,0.0002512950478151,-4.028435536553458,-2.081391887401403,54.19146373008866,23.81162713380608,39.93652051985124,3235.36,1.042019558783422,189,1.644085575885809
B0033,9,1.6560966776720512,4.199260915072752,1.9084502918482384,3.2871463464425337,0.0025156394444598,-4.027703797647405,-2.031933664083695,52.93433121063188,23.83488272116736,38.25328053802186,3236.125,1.0073056427003628,188,1.644085575885809
B0033,10,1.6197297341990775,4.200453230054564,1.9529802665635712,3.3197461384202485,0.0019439134034461,-4.029010576937479,-2.007342900413476,52.5032036116964,23.790077881473504,37.62899446299115,3230.25,0.9851857822707258,187,1.644085575885809
B0033,11,1.604655812282729,4.200671023041403,1.988995135088132,3.3333097880411087,0.00079272842304,-4.029371158559712,-1.9948389441406584,52.17652816361563,23.77022071547008,37.32713409422702,3226.078,0.976017207266212,186,1.644085575885809
B0033,12,1.6255699769029337,4.19613941105053,1.9634548720089504,3.335992217657965,0.0008138436718322,-4.028926555600406,-1.994851949410258,52.04937847239831,23.90835353077424,37.40237649452651,3224.5,0.9887380564281762,185,1.644085575885809
B0033,13,1.5900967306245992,4.200736119460894,1.9596564991730565,3.3499333575510475,0.0047879231111514,-4.030095334789055,-1.982103275692544,51.73549267436528,24.15904906864084,36.99574275414157,3222.188,0.9671617791354192,184,1.644085575885809
B0033,14,1.5739402299623984,4.199983318886737,1.9224375381620544,3.352100511151755,0.0008137321239976,-4.029301699475618,-1.9816298756157715,51.66117418178819,24.253747041388166,36.85780455256667,3216.546000000002,0.9573347355197024,183,1.644085575885809
B0033,15,1.5711303351557309,4.198997952942716,1.9701535031712945,3.364435103530164,0.0004291964092569,-4.028374929061863,-1.969132889632716,51.20270858784091,24.469001088502942,36.6450177655176,3211.859,0.9556256427280124,182,1.644085575885809
B0033,16,1.5897706153457416,4.200390681379551,1.9056198246248632,3.3619403221625435,0.0174165102730017,-4.028389076445655,-1.9747683237565228,51.54633126076106,24.569584126877498,37.06472736671567,3215.859,0.9669634225026252,181,1.644085575885809
B0033,17,1.6257378771074,4.19244756297013,1.9194841380159544,3.3654741602580085,0.0003624911902617,-4.028586118410664,-1.9682317715937605,51.68734548388082,25.65540744052788,37.66051476409482,3225.125,0.9888401801904236,180,1.644085575885809
B0033,18,1.6523506333962537,4.2017771251555125,1.8976584375642789,3.3663272801721305,0.0011298889882579,-4.028842731009181,-1.9814766540711188,51.806645557310055,26.35149176429977,38.32310986221148,3234.343,1.0050271455644828,179,1.644085575885809
B0033,19,1.6143816761595386,4.201164004146235,1.9491950772703672,3.377217174172977,0.0078486425078858,-4.030100031226656,-1.961514846744764,51.0135246257672,25.32531937014495,37.01126182016034,3218.25,0.9819328749294168,178,1.644085575885809
B0033,20,1.58697453394504,4.201517882926393,1.984512151427813,3.380792043459977,0.0007141636301609,-4.029009682675262,-1.9543536128625176,50.612625791907234,24.48952813086066,36.45751890099188,3203.5,0.9652627315886532,177,1.644085575885809
B0033,21,1.5818355572787333,4.20178668140198,1.9563552671465751,3.379892729676732,-0.0002999730234341,-4.029820948579601,-1.9543735971035472,50.4762319652216,24.192526340264504,36.24583239287416,3194.39,0.962136996078482,176,1.644085575885809
B0033,22,1.6919769406371152,4.1779630595627175,1.9541530671990093,3.3335163148815434,-9.800144433961224e-05,-4.029429516237868,-2.008024980015611,52.80944186421341,25.94382700697729,38.88044910257506,3225.219,1.029129484166603,175,1.644085575885809
B0033,23,1.6879483800354476,4.196973763278454,1.9044972660711088,3.35231211831231,0.0052189545604541,-4.029363256265371,-1.9876053283446151,52.001298745862094,24.902870283744065,37.68662439550755,3252.985,1.0266791490619374,174,1.644085575885809
B0033,24,1.6586223007531458,4.200398891523595,1.874834635726596,3.359089419531549,0.005553090986286,-4.030201623675916,-1.9736296482799287,51.65598739515965,24.092897160454218,37.02885798715912,3245.25,1.0088418298174684,173,1.644085575885809
B0033,25,1.6420179032789863,4.200117032191553,1.897981208291145,3.3667293867076395,0.0072652801665868,-4.030021583929906,-1.9603089116784287,51.50939532095622,23.94183770011008,36.84829116229335,3235.031,0.9987423570663536,172,1.644085575885809
B0033,26,1.6381810791118745,4.199696801054791,1.991339490634848,3.376711639438572,0.0165003386980408,-4.029862208715491,-1.946637400827973,51.25839715822789,23.96470938936757,36.78338270641005,3228.141,0.9964086438926676,171,1.644085575885809
B0033,27,1.6422892507912386,4.199468615978848,1.8710207024150525,3.367781888938211,0.0027658545256846,-4.029053434590447,-1.959191352221616,51.77188968997154,24.16761312566693,37.1454352740502,3217.875,0.9989074017065064,170,1.644085575885809
B0033,28,1.651270876264092,4.1967559287812986,1.9449657495126544,3.372839244866595,0.0050232275068172,-4.03323407643102,-1.9525734623288529,51.73759469619592,24.66297338465664,37.43950673452506,3220.219,1.0043703931739756,169,1.644085575885809
B0033,29,1.6326559297917211,4.199575185389948,1.907571146047148,3.374002354868022,0.0048553819624125,-4.029609473738784,-1.951938869663112,51.61243426951156,24.50418796820801,37.21232307005263,3210.234,0.993048022401188,168,1.644085575885809
B0033,30,1.6260888111680731,4.199545032445997,1.853794752061886,3.372312698394194,0.0030915203778841,-4.029153463598805,-1.944321269342409,51.546238399221565,24.00539966396368,36.823942592131566,3210.546,0.989053632620042,167,1.644085575885809
B0033,31,1.6079292963823688,4.199505571389485,1.973807027309784,3.382776716165212,0.0020661891649316,-4.029585877984303,-1.9306892906025632,51.03143629880169,23.64186235900653,36.46405070511895,3200.969,0.978008274001212,166,1.644085575885809
B0033,32,1.6125361114907395,4.199241343123339,1.8729343749213587,3.375532247108578,0.00235749766788,-4.029845065383976,-1.9434335891264496,51.41437811978397,23.79581768454326,36.76266900330653,3188.625,0.9808103271156848,165,1.644085575885809
B0033,33,1.6218384168987892,4.196166399561636,1.973162822681108,3.3809635204151607,-1.777228155773812e-05,-4.03055037109141,-1.9370016811131343,51.44638168113912,24.27507707334609,37.105629207043215,3191.735,0.9864683692179262,164,1.644085575885809
B0033,34,1.6145443029101134,4.199389890561037,1.9801558945564504,3.3849609857132434,0.0083097594190355,-4.028904787104472,-1.92945654936984,51.30248392082844,24.22925298889568,36.92446822577901,3190.313,0.9820317911616132,163,1.644085575885809
B0033,35,1.5953958917107596,4.199342510279409,1.8983018980313588,3.3815674619499325,0.0015542698895445,-4.028816718572523,-1.9282533581562031,51.29496206472584,23.762823270525672,36.60695698382364,3182.156,0.970384945352485,162,1.644085575885809
B0033,36,1.5877243027113055,4.199371542863236,1.943860439855496,3.3851857877548657,0.0013151438544145,-4.028814615699915,-1.921115225154916,51.186634675664926,23.69664102467678,36.55039143131212,3180.156,0.9657187715766334,161,1.644085575885809
B0033,37,1.5811840578305605,4.198739953896501,1.9632916036547936,3.386460424025937,0.0025301006204114,-4.0293423558858095,-1.9205487390114635,51.18261676158976,23.75258895554997,36.5823314777477,3171.953,0.96174072750358,160,1.644085575885809
B0033,38,1.6128422608267754,4.196658469661701,1.966790843925578,3.38478424054856,0.0024156823537104,-4.031050217020222,-1.928157401644312,52.16803502599322,25.367856702975423,38.03675863150647,3192.172,0.9809965396465448,159,1.644085575885809
B0033,39,1.61998606328022,4.199179844744276,1.9197120509411163,3.382889233805488,0.0006400926876088,-4.030106767683525,-1.934966844221048,52.74767841756611,26.10767929324037,38.760697217070216,3194.735,0.9853416920876492,158,1.644085575885809
B0033,40,1.6099381853611876,4.199367783528825,1.90479520665137,3.3844125991586744,0.005454941093769,-4.030953176534828,-1.9341884259387427,52.43795613968632,26.018215627550084,38.235160610115415,3178.75,0.9792301623312866,157,1.644085575885809
B0033,41,1.577097753956516,4.199251268298133,1.9002006601986487,3.3857968945581733,0.0019693936084294,-4.031039705836091,-1.9188525560254728,51.81197793605918,24.49909135672849,37.20770413073148,3165.359,0.9592552705821284,156,1.644085575885809
B0033,42,1.5708599066554392,4.199383120313636,1.851172103937757,3.3829095031701564,0.0026026251110056,-4.029997935260405,-1.9177244980858124,51.73653410504897,23.99722143079068,36.9160184906247,3155.25,0.9554611570684712,155,1.644085575885809
B0033,43,1.6261581345348248,4.1862894653699865,1.9532771236637267,3.366946300190824,0.0008207747777911,-4.029710862662991,-1.955575681668958,52.54160752520686,25.33769164423877,38.272310782775065,3173.766,0.9890957979232162,154,1.644085575885809
B0033,44,1.6348129972245726,4.19649142433425,1.8536215036991408,3.3716190861386144,0.0015734936112625,-4.03077580772834,-1.9478198159800648,53.32326193954195,26.35335522097585,39.10342018909909,3199.485,0.9943600389193606,153,1.644085575885809
B0033,45,1.611705363734261,4.1993042516227,1.8889976705304927,3.383250579221141,0.0006231010202338,-4.031306085570448,-1.9259112286553688,52.66626648084271,25.872885571783414,38.33805950325132,3196.015,0.9803050323982668,152,1.644085575885809
B0033,46,1.8851401699720665,4.297261420299437,1.9693514891283213,3.3541040884435995,-0.0009158378024188,-4.032672225135528,-2.003289552090588,55.391416850220025,27.54619924958732,40.78203629126505,3595.281,1.146619250008553,151,1.644085575885809
B0033,47,1.6584957887780232,4.196439332501794,1.9935504677327176,3.363721350351351,0.0003332014512735,-4.031780602841451,-1.979333360750941,52.73529025292928,25.882186329625984,38.52395699562303,3198.0,1.0087648800668116,150,1.644085575885809
B0033,48,1.62418934644937,4.198801406927717,1.9102322543360104,3.366918878823245,-0.0007535608638929,-4.030791007814564,-1.9635759174250933,52.530629852108135,24.91350298150035,37.84185542205372,3183.516,0.9878983005944084,149,1.644085575885809
B0033,49,1.604172098856364,4.199283799066005,1.9518631378335147,3.376033697850269,0.0013937024175848,-4.0310640182247095,-1.9412525646606564,52.2186933985822,24.557603485911184,37.464100471383695,3183.797,0.9757229930030008,148,1.644085575885809
B0033,50,1.6080016740907346,4.198824744163288,1.8963514295309496,3.372288226274132,0.0025228711514761,-4.03130596458528,-1.9409306611824064,52.72731536294026,24.97536739446595,38.110532137074216,3191.516,0.9780522970797108,147,1.644085575885809
B0033,51,1.6256752138435595,4.1991786619721845,1.8979233738345112,3.371464716917886,0.0003608441658017,-4.03322808557455,-1.948285830860844,53.20573413452146,26.217649548826355,39.04860411133125,3189.985,0.9888020658338722,146,1.644085575885809
B0033,52,1.617632765910718,4.196322805258936,1.926653197600236,3.3745591325938995,0.0141805898293543,-4.031813043363584,-1.9406336588697688,53.164414772235126,26.45666493610844,38.882226863166906,3189.734,0.9839103205069852,145,1.644085575885809
B0033,53,1.5973191489094265,4.199012202779581,1.939997570224548,3.3793714907223658,-0.0001085318383892,-4.030821588081266,-1.9251256018615568,52.600411784093296,25.30421479573262,38.10273900805949,3176.016,0.9715547489362374,144,1.644085575885809
B0033,54,1.5875852250170606,4.198460705965928,1.9585672641473333,3.3812950636091506,0.0172892362912382,-4.032137075383287,-1.9170834321948271,52.46865748904612,25.066835451881584,37.91537679971282,3171.36,0.9656341788423592,143,1.644085575885809
B0033,55,1.5802530015403684,4.198803103697235,1.9572832344435456,3.382171233915879,-0.0011548525975083,-4.03124499599466,-1.9091378265076395,52.40979732740365,24.923079918284653,37.92480929373238,3170.843,0.961174421038851,142,1.644085575885809
B0033,56,1.583036530487776,4.198672374221831,1.916168037790613,3.379562382259976,-0.0014734947558618,-4.031640962287776,-1.916096980886928,52.83404254463567,25.34147126319954,38.34698157796738,3164.672,0.9628674770380242,141,1.644085575885809
B0033,57,1.6027138832797037,4.195265814954276,1.9463675093023407,3.37961009118628,0.0007354370554732,-4.031167247658788,-1.9162480832673103,53.60145197534956,26.42711805216501,39.30988108210959,3177.453,0.974836046728398,140,1.644085575885809
B0033,58,1.5930709154513834,4.198697754700443,1.978054954648292,3.384287544034087,-0.000505532199524,-4.032439717618345,-1.9085281127715084,53.25152711755672,26.565656255374613,38.96498079225928,3172.375,0.9689707998277768,139,1.644085575885809
B0033,59,1.5448888685020246,4.198102779366344,1.905966283713238,3.382278487183489,-0.000271915848045,-4.032672607638048,-1.8916136445674483,52.64070518740206,24.785095946349767,37.72135386687406,3158.406,0.9396645108753912,138,1.644085575885809
B0033,60,1.5352188565640517,4.19847889707735,1.90750106961619,3.3814602813053565,-0.0004156257305046,-4.0312142392988,-1.8905533567609432,52.51312011499367,24.360961192677404,37.45856152891539,3141.578,0.9337828146426614,137,1.644085575885809
B0033,61,1.5252677314227332,4.198444396938235,1.9292976600569,3.382560441964418,0.0006536849289642,-4.031802508115526,-1.8823068188002856,52.3982280962388,24.127061124602072,37.2659552140469,3138.187,0.927730133877576,136,1.644085575885809
B0033,62,1.5559492005453626,4.195342051626477,1.8981581536679577,3.3801788533503028,0.000295877869071,-4.031765665107094,-1.8905479396562952,53.455944890050766,25.446679804307124,38.74887799470947,3157.969,0.9463918565838888,135,1.644085575885809
B0033,63,1.564802943842715,4.198552819065784,1.888436111770808,3.3800922874688264,-0.0002482498429843,-4.032044401412751,-1.8980856969312407,54.15574298880717,26.62675849083193,39.69321386954275,3159.281,0.9517770648888652,134,1.644085575885809
B0033,64,1.5518620461881203,4.19849232388628,1.893538997125093,3.382133740383054,-0.0001916818423722,-4.031354508468829,-1.8896314109891983,53.69393683990001,26.40718553157557,38.99544744527789,3150.375,0.943905882363818,133,1.644085575885809
B0033,65,1.5144550545105004,4.198232140934075,1.904031637069275,3.3814913105388644,-0.0009606268260352,-4.032766166622568,-1.872743521398214,52.91956948214362,24.63935217013191,37.74698828764389,3134.078,0.9211534221353012,132,1.644085575885809
B0033,66,1.5051936202146428,4.197903885845773,1.9196175823544368,3.3819655060503893,0.000448859158467,-4.032211222443815,-1.8642972903813009,52.77330169161603,24.286529106722867,37.50735630364932,3129.797,0.9155202395128772,131,1.644085575885809
B0033,67,1.605823969917045,4.181130210987576,1.852348915398631,3.329913840594753,0.0005118056247928,-4.031033663843277,-1.959422143897036,53.75237854927132,24.926222629135967,38.88355566835212,3161.89,0.9767277284528516,130,1.644085575885809
B0033,68,1.6249005195877049,4.195489950082467,1.8154710749647816,3.3467196974403497,-0.0005481937157319,-4.031389983040594,-1.9438219079216,54.49882525049124,26.24495255713612,39.70651744278487,3196.859,0.9883308651450412,129,1.644085575885809
B0033,69,1.589785130036615,4.197775741628386,1.9709912361310515,3.366597142576843,0.002231371215124,-4.0314763579809485,-1.920761919719001,53.48032268666943,25.714927405533103,38.69688917568081,3171.906,0.9669722509304676,128,1.644085575885809
B0033,70,1.5552386152299904,4.197620289512095,1.8937050882323647,3.3665010841717966,0.0006893495495072,-4.030814834933042,-1.9034234318764345,53.19212326974819,24.531285612577616,37.93115370815918,3160.842999999993,0.9459596495711914,127,1.644085575885809
B0033,71,1.539756404636803,4.197694092086119,1.936708367530743,3.3683893640779714,0.001201881519605,-4.031351131822119,-1.895308743766121,52.91631108720558,24.13914126838614,37.670702628979534,3147.141,0.9365427367168556,126,1.644085575885809
B0033,72,1.5293174002138357,4.1974767325796405,1.898472277042985,3.3686183095745217,0.0057243931735583,-4.031138153963117,-1.8860721599248624,52.95164787724483,23.86348664070148,37.48833504505954,3141.203,0.9301933078452208,125,1.644085575885809
B0033,73,1.547680553576876,4.196099622186929,1.8471266740226868,3.3619229093944987,-0.000311713787499,-4.031622991395031,-1.902203148735525,54.15703950174405,25.1970904818351,39.01194436489727,3151.047,0.9413625277644132,124,1.644085575885809
B0033,74,1.5659920939439786,4.196552042597536,1.8671703949444944,3.362373596039391,0.0011510323836832,-4.031501330592,-1.902560854268258,54.90254753232506,26.400937793835165,39.95408175672587,3159.172,0.952500354551341,123,1.644085575885809
B0033,75,1.5416252851780503,4.197202431807518,1.937874589200696,3.368466070250841,0.0038625310544471,-4.031293666591443,-1.8857964938998253,53.80008363828377,25.257433005197253,38.629206981182826,3141.047,0.9376794661965484,122,1.644085575885809
B0033,76,1.517590655990168,4.197066813581793,1.8429746742692776,3.36347185491077,0.0015693840560813,-4.031684082152135,-1.8764237604426464,53.54505652293522,24.144932499594788,37.93003488357471,3135.0310000000027,0.9230606230290126,121,1.644085575885809
B0033,77,1.5075202042593092,4.196924945892409,1.8767034375876257,3.363235953553388,0.0008096114927767,-4.03165132325304,-1.875505745852192,53.29577183051126,23.791217824179263,37.62158369702063,3117.984,0.916935362958269,120,1.644085575885809
B0033,78,1.49549282626034,4.196262893825219,1.823408615215652,3.3583847581016526,0.0005724594774865,-4.030947549189872,-1.874625204260118,53.69065218748237,23.536626949694146,37.78621151878811,3125.328,0.9096198204005228,119,1.644085575885809
B0033,79,1.4997618811573148,4.196791007353091,1.914352330463475,3.3645795285682984,-0.0004697173559573,-4.031045921440598,-1.866968412651517,53.4617189956508,23.87189419612585,37.780545613375104,3120.172,0.9122164339585944,118,1.644085575885809
B0033,80,1.4906966807803954,4.196494518150467,1.9242052922699,3.3647328172276567,0.0008850063194717,-4.0311405953415935,-1.8579558703430965,53.31089209854774,23.48128482605436,37.48831223397221,3116.641,0.9067026088208516,117,1.644085575885809
B0033,81,1.4800999425051866,4.196813869211146,1.846946703906843,3.360281651978189,-0.001568969594295,-4.030716749693109,-1.865202371877409,53.6277468644108,23.73608069361077,37.84650784146758,3110.844,0.9002572397776378,116,1.644085575885809
B0033,82,1.4676091496100632,4.196812382131576,1.912127707319289,3.3661837656093314,-0.0008867294806587,-4.031853159151112,-1.856568813720333,53.311289666668536,23.57527253501497,37.50067380952265,3101.406,0.8926598293518493,115,1.644085575885809
B0033,83,1.4729818491920503,4.194034862013672,1.9981993087869525,3.369029139242048,0.0005495929226884,-4.031474413273752,-1.8482708540348456,53.24781973161767,23.46174852080792,37.46771056598812,3099.563,0.89592772468576,114,1.644085575885809
B0033,84,1.4742872137206404,4.196764423571106,1.9676969517091,3.3652385724141607,-0.0016654640871866,-4.031012283747264,-1.847975231148244,53.32567282742489,23.510058260020934,37.59818541161091,3104.64,0.896721700709719,113,1.644085575885809
B0033,85,1.4635162808346138,4.196547768827336,1.8011165493797343,3.3618926452165643,-0.0004356604552961,-4.031507871009939,-1.854401377898968,53.67135316275077,23.73503859952804,37.70143492436221,3099.875,0.8901703793892194,112,1.644085575885809
B0033,86,1.4527095680488362,4.196047705028354,1.935722285136851,3.363675541904795,0.0007604582300614,-4.03073010593017,-1.8463602302715167,53.425915759836265,23.40402295850063,37.53461374251148,3093.25,0.8835972952722596,111,1.644085575885809
B0033,87,1.4557303847230247,4.196278080515848,1.853089674438512,3.359060505999303,0.0002271681944951,-4.030697157978195,-1.8534144162144512,53.80241246385534,23.62740092704637,37.84394106488913,3086.688,0.8854346793588884,110,1.644085575885809
B0033,88,1.459740099618568,4.195876729666962,1.9965159983729224,3.365155154273772,6.524393134280241e-06,-4.030516737306949,-1.837688233710868,53.538703332548565,23.353909997972217,37.62240216799661,3094.281,0.8878735517353357,109,1.644085575885809
B0033,89,1.448711504158192,4.195934498287595,1.817348554391127,3.3585848303538435,0.0005780717767777,-4.030351819973078,-1.8440924557115648,53.85443523479271,23.53835738421205,37.85402355267617,3088.328,0.8811655095128778,108,1.644085575885809
B0033,90,1.4666759762884336,4.196120687135332,1.840119681149193,3.35905242705326,0.0006474106867621,-4.030995659242972,-1.8441168780731472,54.31271092311757,24.09833854213476,38.470904652851125,3095.687,0.8920922352221297,107,1.644085575885809
B0033,91,1.4689502109504418,4.195965348408379,1.8717606752777656,3.362682403709533,0.0009585026284419,-4.031351805704019,-1.844499038273972,54.71724968436856,24.889239990462933,39.05355467673962,3102.062,0.8934755176347758,106,1.644085575885809
B0033,92,1.471116588522042,4.196021550334557,1.9004154638642283,3.3650098815184712,-0.0002773212379416,-4.033249507760725,-1.8447179134276697,55.03279239327084,25.76046837358393,39.44221992740732,3107.141,0.8947931969596085,105,1.644085575885809
B0033,93,1.4473012364654927,4.19600538145272,1.795323655635375,3.3557747858772635,-0.0003757893119659,-4.030676382405292,-1.842164817595224,54.39303449657184,23.83984097874504,38.22999069332894,3090.719,0.8803077270997333,104,1.644085575885809
B0033,94,1.4205315547561643,4.195641283102845,1.7802670666869505,3.3539193468726696,0.0011390059731761,-4.0313459795279805,-1.8405597937226963,54.05963088053671,23.311906261783754,37.758104647902,3069.812,0.864025313275316,103,1.644085575885809
B0033,95,1.4241466094817417,4.200886512488945,1.921681538108464,3.3605316490849235,0.0006788417969062,-4.030606905484439,-1.8322958668074305,53.59788130809244,22.959689226191127,37.428049618035296,3064.437,0.8662241372164782,102,1.644085575885809
B0033,96,1.4412820083364295,4.201002724229119,1.77881535602872,3.3547493929832592,-0.0003095547015876,-4.03028398584487,-1.840615762282912,54.608136974659445,23.72739919519865,38.5029228575476,3083.25,0.8766465866960046,101,1.644085575885809
B0033,97,1.4448965388921615,4.195465495994929,1.9534408897799111,3.3635996156389574,0.0037097669022184,-4.031494670418764,-1.832629134303472,54.5574027155619,24.36575028330001,38.83348222581879,3076.484,0.8788450918156572,100,1.644085575885809
B0033,98,1.4540256354795746,4.193707044291354,1.8222744588584343,3.3569917985687048,0.0001689831792566,-4.031940850232371,-1.8392992395990235,54.99418815591436,24.81661830810092,39.052180409304285,3081.297,0.8843977812384657,99,1.644085575885809
B0033,99,1.4226030447542912,4.195380315548316,1.8129227899512983,3.356737655890981,-0.0018949199003494,-4.0307098776684045,-1.8297056790119524,54.16320225337546,23.75195107892012,38.02192794789482,3065.953,0.865285278102275,98,1.644085575885809
B0033,100,1.410196954589097,4.195068887696935,1.900124225521952,3.3595402684946825,3.304886982542884e-05,-4.030808108637904,-1.820934982680164,53.87733726225828,23.28809737074453,37.73309166360951,3055.828,0.8577393873365161,97,1.644085575885809
B0033,101,1.4144881298999457,4.200794831783912,1.861826807558021,3.3577795891012125,-0.000513848429161,-4.031586804182261,-1.828591476305772,54.00540892482746,23.29184269191056,37.88253804875795,3051.468,0.8603494554338148,96,1.644085575885809
B0033,102,1.431360032946153,4.201229193181646,1.7571531937270366,3.3555412354678467,0.0130369683008358,-4.030442133532166,-1.837054902454502,55.01715436055076,24.426091446526485,39.09683297382756,3069.0,0.8706116360001257,95,1.644085575885809
B0033,103,1.4515133236517528,4.195456528334941,1.8292747932433169,3.3594857050424136,-0.000377526282765,-4.0318254325257525,-1.837816023009627,55.56824997306065,25.492988144527537,39.85321278395099,3079.235,0.8828696905692995,94,1.644085575885809
B0033,104,1.4230376757726733,4.195112832732734,1.7807877780971682,3.358051208135682,0.0014161129125859,-4.032010763539899,-1.8280312164109505,54.92871435196593,24.91320043849524,39.04623892631281,3070.344,0.8655496384401776,93,1.644085575885809
B0033,105,1.396298696255913,4.194675647244639,1.93715684685712,3.3644871236228617,0.0005979681982448,-4.03093756328432,-1.809606081565548,53.80101502575858,23.69390974754839,37.82053835352036,3051.4839999999967,0.8492858989433125,92,1.644085575885809
B0033,106,1.3979060730399124,4.200892254113164,1.8780478013995328,3.361244790495099,-0.0004864339909001,-4.031422687627503,-1.8091575935883184,53.90914216170243,23.22474830088192,37.73310595477053,3054.812,0.850263571156715,91,1.644085575885809
B0033,107,1.4011347560096767,4.200853825806664,1.8094020919691347,3.35671886762914,9.320912670401476e-05,-4.031633986852976,-1.8167109753774653,54.23260277977909,23.380069687751234,38.006666099531806,3046.532,0.8522273880146208,90,1.644085575885809
B0033,108,1.436782528945267,4.194606941815903,1.8197773356081155,3.359022917654344,-0.0013045268594984,-4.031197018578919,-1.82644798429578,55.63045478699343,25.56118395535826,39.784628994566496,3071.782,0.8739098195488697,89,1.644085575885809
B0033,109,1.4370006879546382,4.194748069677628,1.836381881007388,3.360671828990881,-0.0007028351888993,-4.03123727157494,-1.8267902000568093,56.16713312985831,26.3120897724922,40.35944876635067,3074.532,0.8740425127690835,88,1.644085575885809
B0033,110,1.410355528453481,4.195093766485416,1.75385880069876,3.358394883350331,-0.001465045103962,-4.033637600592424,-1.8243917057977057,55.53601912262827,25.36471836345822,39.40096297699252,3053.656,0.8578358384377908,87,1.644085575885809
B0033,111,1.382633397996189,4.19415713586591,1.977912246538546,3.362518598023194,0.0011641828137736,-4.030551182286183,-1.8064502971208865,54.42859597766174,23.983037377275263,38.23202468655914,3031.953,0.8409741063820516,86,1.644085575885809
B0033,112,1.3699403583067564,4.194421518890087,1.8406238091435183,3.352730063565273,-0.0004235104166668,-4.030891041828917,-1.813345064617239,54.60293074972065,23.55228485024448,38.186119358463095,3023.5,0.8332536811951852,85,1.644085575885809
B0033,113,1.3786129327882322,4.193864909249693,1.793591568720353,3.348905668243179,-0.0009980734385136,-4.030314032706555,-1.8127387092209184,55.29175004355109,23.625584537108093,38.7565059715467,3042.703,0.8385286952264974,84,1.644085575885809
B0033,114,1.8035959863147195,4.4683580435456935,1.880422567759453,3.457384162912773,-0.0006817634924289,-4.031780531813977,-1.5628707519379117,57.637403832441095,26.039592093750475,39.21824541685028,4424.203,1.0970207468324564,83,1.644085575885809
B0033,115,1.4234424290662009,4.192884657368934,1.92608696846512,3.376673863925851,0.00165323450001,-4.031488800527161,-1.7979194894124642,54.65393012817871,25.43001252418307,39.05310062274121,3066.766,0.8657958259254669,82,1.644085575885809
B0033,116,1.3946003892958665,4.19449660552562,1.9774094380313447,3.373391130621014,-0.0012105644915354,-4.030424136743857,-1.7963463690245949,54.152949724280695,24.58804964923043,38.41375319607374,3046.125,0.8482529192827912,81,1.644085575885809
B0033,117,1.3961613987822286,4.194231055547011,1.8428005555738187,3.364186626496377,0.0008091559133542,-4.03138524080446,-1.8032850146688264,54.53515875704883,24.36691079224096,38.46902673499884,3033.625,0.8492023890118964,80,1.644085575885809
B0033,118,1.384968608315797,4.200536096823805,1.7746653306163975,3.358003989298615,-0.0002153001521686,-4.031183913719146,-1.8108049336910568,54.77734925210607,24.0439834251731,38.5100324254832,3028.562,0.8423944766802035,79,1.644085575885809
B0033,119,1.3715114742475478,4.193861125565952,1.8460476497404992,3.36155800725267,-0.0005973093675214,-4.031896597974894,-1.8013083911049832,54.64702813763124,24.128299966080764,38.40063671961678,3020.984,0.8342092980826729,78,1.644085575885809
B0033,120,1.3616865084879255,4.1912968364535725,1.95995016678396,3.3646263159375533,-0.0002376177659824,-4.032512009214244,-1.7919918693222388,54.505104228610136,24.005545419243067,38.39044541549165,3017.391,0.8282333526065204,77,1.644085575885809
B0033,121,1.3796301360966086,4.193746611615085,1.9111619475065968,3.360892538206702,0.0002261326849259,-4.031454503778134,-1.7916249952930718,54.4213321925581,24.06291912766938,38.41362965212596,3022.14,0.839147399826365,76,1.644085575885809
B0033,122,1.364231776003204,4.1937859295628215,1.7914848144741025,3.3571675251434945,-0.0006022008614266,-4.031553638984478,-1.798733884420521,54.599932749715,23.993771659591523,38.44024987650422,3009.016,0.8297814882708743,75,1.644085575885809
B0033,123,1.3418414512081456,4.200650322742635,1.8461845656812,3.3650892446963074,-0.0003657700944157,-4.030568780479417,-1.7887872050368798,54.621715057959925,23.84649793943182,38.18714693456589,3014.672,0.8161627781967379,74,1.644085575885809
B0033,124,1.355221569579225,4.2006243085499655,1.8424801617142232,3.363027417163423,-0.0005802290015531,-4.031930484527798,-1.7888403713952683,54.55731341596549,23.796715031824885,38.18649962226669,3010.703,0.8243011127015402,73,1.644085575885809
B0033,125,1.3403860264029774,4.193697387023266,1.8293764049247,3.3583632498611675,-0.0007041902435054,-4.031179334434039,-1.788616408455172,55.041315475822266,23.946035304437792,38.53621308929775,3011.75,0.8152775293833456,72,1.644085575885809
B0033,126,1.3594078914195438,4.200544185864463,1.7818288008009142,3.357423649819596,-0.0003126973427453,-4.032120605609321,-1.7964130441048565,54.87421915377841,23.99283114623448,38.55227266400652,3005.734,0.8268474046353183,71,1.644085575885809
B0033,127,1.3457100861355502,4.193351413646578,1.8799745135000576,3.360766302094452,-0.000511311915111,-4.030698456939857,-1.787019212781781,54.605029117345865,24.041323148061142,38.45551116751203,2993.75,0.8185158399741458,70,1.644085575885809
B0033,128,1.3477611420854358,4.200351692306739,1.8632410129416257,3.3594711162840047,0.0001748701902038,-4.031396914149324,-1.78684609892111,54.77196645266215,23.85866232164556,38.45383838785278,2998.125,0.8197633759783349,69,1.644085575885809
B0033,129,1.335482103134067,4.20027821207153,1.7604885282268967,3.352476127724087,0.0013670482188568,-4.031628150086961,-1.7942781727538537,55.081324460303485,23.80241741126216,38.59571101696619,2990.859,0.8122947629502368,68,1.644085575885809
B0033,130,1.353154941842234,4.192818631069228,1.8980864731881968,3.3599659156305464,-0.0007881046866446,-4.031721300872744,-1.7787288593777348,56.28817834549751,25.018212536384507,39.84838963202564,3024.453,0.8230441053004033,67,1.644085575885809
B0033,131,1.3709677706044292,4.193616398463828,1.765463647928582,3.352934086228004,0.0044462090035715,-4.032692621747669,-1.7963772790558137,57.27354368026744,26.569649055205225,40.8588418858713,3030.765,0.8338785953193294,66,1.644085575885809
B0033,132,1.357426672491866,4.2001549210390445,1.7789329307031558,3.343287590707508,7.383941816730437e-05,-4.031807157333931,-1.805219032161489,57.2291922074886,25.824609859809243,40.6456745573508,3020.813,0.825642346360532,65,1.644085575885809
B0033,133,1.3443678821106904,4.199721786449104,1.9751406850610127,3.330456680663064,0.0009182756131508,-4.030914484032776,-1.8050690579203057,57.19704022437858,24.628591970930444,40.22816795562337,2998.156,0.8176994566638447,64,1.644085575885809
B0033,134,1.33005823859453,4.198848421060828,1.7718580087129037,3.320924665615561,-0.0009245669377489,-4.032022945808555,-1.8114911161465173,57.01987269382395,24.087009042742764,40.06014962782639,2986.766,0.8089957469993095,63,1.644085575885809
B0033,135,1.4033641858066626,4.177372245766921,1.9154948072138345,3.340032080385694,0.001802509912153,-4.031185839742219,-1.802521643572164,55.93330356332492,24.76187842034693,40.06294140356604,3032.328,0.8535834182783039,62,1.644085575885809
B0033,136,1.3865570950229378,4.191445596329994,1.9395710043147305,3.365998712772332,0.0096792319806442,-4.03143308473883,-1.7876356209052575,56.299084505467846,25.837379779917946,40.262388264621016,3047.703,0.8433606591772945,61,1.644085575885809
B0033,137,1.3704138176872631,4.193389880737777,1.9213252989145688,3.345701104795926,-0.0005724598831902,-4.0333360487412335,-1.7957587291291346,56.50951504855041,25.207733349727235,39.997401224885536,3034.968,0.8335416585288782,60,1.644085575885809
B0033,138,1.325319393635713,4.200380611368274,1.99784512954192,3.346323103330572,0.0003201141218114,-4.031093353153527,-1.7944892722865402,56.69165778744567,24.472552841440898,39.574089613864224,3011.7339999999967,0.8061133879370302,59,1.644085575885809
B0033,139,0.8439684993200656,4.200602056573652,1.4425192802033469,3.5025083166259967,0.0005934151940269,-4.031452965753613,-1.3524928232333502,55.51714083426434,24.19994758367089,35.98333032061264,3002.922,0.5133361132162161,58,1.644085575885809
B0033,148,1.461469789426299,4.190743825523512,1.8345225826317897,3.2312787223699537,-0.0012213613171017,-4.0317416053878485,-1.925947099684237,61.13715999731606,26.69092998320476,45.33521672468352,3001.235,0.8889256197256524,49,1.644085575885809
B0033,149,1.4150999545382532,4.1981379242882495,1.9860807469381487,3.337618232944289,-0.0003912532923372,-4.030688221689322,-1.8473131233384887,56.348749401178914,25.50924462285625,40.620147730266055,2976.234,0.8607215921688373,48,1.644085575885809
B0033,150,1.383632373873956,4.199581881706975,1.8841219743920603,3.3407978157952662,-0.0007412415796344,-4.032404761480388,-1.844518264194251,55.51777727453801,24.5159742884133,39.68399574640648,2950.39,0.8415817243141224,47,1.644085575885809
B0033,151,1.3705402893609833,4.192675713672651,1.8129527074235323,3.345126055228356,0.0015990955678218,-4.031245891627729,-1.832800545684773,54.98845662264607,24.017907115256936,39.04723657878469,2941.719,0.8336185837665757,46,1.644085575885809
B0033,152,1.3557042566115398,4.200041578787561,1.964418985321,3.357137371109369,-0.0004582488352327,-4.031735458078508,-1.814347722959519,54.53862414235327,23.8551106236372,38.66855198329813,2946.969,0.8245947026699668,45,1.644085575885809
B0033,153,1.3578385793919765,4.199761584906472,1.854641378834996,3.351453240465127,0.0005551964738675,-4.030243674381958,-1.8221926476157024,54.72686731387149,23.92708958292775,38.84148471879362,2936.171,0.8258928849615343,44,1.644085575885809
B0033,154,1.3609083979571397,4.19986267410377,1.7877573640818558,3.346026215342865,-0.0012232327913802,-4.031560389126078,-1.8306905769975232,55.0046224518596,24.01832845026745,39.052551352201455,2927.281,0.8277600739997383,43,1.644085575885809
B0033,155,1.3495626547684758,4.199784078520709,1.9183209167927544,3.35097942002786,0.0011206417424785,-4.03102892027672,-1.8209388850738168,54.71731449617404,23.850352762005816,38.79448240276511,2924.422,0.820859129575023,42,1.644085575885809
B0033,156,1.1888877132486642,4.044618024605659,1.8528656809384136,3.342644131880222,0.0003890142355222,-4.03134750995214,-1.568210357203081,54.428778601713,25.526490000718884,38.50986863801296,3023.859,0.7231300673677579,41,1.644085575885809
B0033,157,1.5041493934608643,4.19403031740486,1.948475871638004,3.3518592869527803,0.0156942659509052,-4.034595325058306,-1.887501094191758,54.890003781719805,26.506119438399303,40.15830993087354,3056.172,0.9148850981497424,40,1.644085575885809
B0033,158,1.4899088638712767,4.19296029632327,1.8283531317172368,3.346842467394416,-0.0005749753718689,-4.031575801276517,-1.876137336259163,54.47368119654309,25.5108216660997,39.45022733421382,3045.078,0.90622342639831,39,1.644085575885809
B0033,159,1.475330178643193,4.199907627033468,1.888528315752074,3.3508471294894773,-0.0011568143663469,-4.0307713804325,-1.8659348672273264,54.12307476528604,24.75501289329011,38.94097771129498,3034.25,0.8973560745755627,38,1.644085575885809
B0033,160,1.459830765413703,4.199827998046917,1.924025874710363,3.355670268634571,0.0002455394187007,-4.030207437491865,-1.8556627342355745,53.77302966651148,24.41380786568868,38.66654129149028,3022.609,0.8879286983751851,37,1.644085575885809
B0033,161,1.4474169057725728,4.200007095257734,1.800492506386291,3.353308872329983,0.0055525059915935,-4.030412870193714,-1.8545310784984728,54.609405212648525,24.78386919863203,39.336362061944186,3028.828,0.8803780818968172,36,1.644085575885809
B0033,162,1.4676323674647154,4.193196345687703,1.793120582655924,3.355576427429911,0.0023509614115073,-4.031449814259553,-1.854560270480603,55.29324534393817,26.122139084679773,40.212462412867474,3037.875,0.892673951399383,35,1.644085575885809
B0033,163,1.441552493165527,4.191982585507099,1.8969132609228208,3.363832392443181,0.0011926590997259,-4.030133558981981,-1.8335819983714543,54.26200652741747,25.592715158783705,39.15441493084491,3023.187,0.8768111066170262,34,1.644085575885809
B0033,164,1.418392873584403,4.2001706293322,1.8056023837774515,3.3571376570885594,0.0002621789590866,-4.030903189622477,-1.8420750095953933,54.01880189925328,24.16406348278754,38.472340837695874,2996.922,0.8627244800321259,33,1.644085575885809
B0033,165,1.4031824838852518,4.200074212399141,1.862859289057269,3.361111422960934,0.0012519296856957,-4.0308406565332655,-1.831467802329813,53.57147874982123,23.776630157468176,38.10278800382275,2986.469,0.8534728997480789,32,1.644085575885809
B0033,166,1.3911104661211642,4.200092034422385,1.9520601805312336,3.3674136761881366,0.0006523352062814,-4.031388046198441,-1.8211918432229093,53.4828168564585,23.78429567641032,38.13961733869117,2979.219,0.8461302054618747,31,1.644085575885809
B0033,167,1.4086019958134537,4.192967636550445,1.9878541604164133,3.3717064606024185,0.0069839198763251,-4.03043168767532,-1.8123034655027377,53.87014040301519,24.64643545165862,38.75498314355583,2995.047,0.8567692682630098,30,1.644085575885809
B0033,168,1.413770890394895,4.2005612724264685,1.9566455890224008,3.372129638857888,-0.0003964857853476,-4.031090413194844,-1.8216175674206456,54.16164128030712,25.131749433131866,39.1658728747456,2989.828,0.8599132010711644,29,1.644085575885809
B0033,169,1.412472234540845,4.200390037061694,1.8936715311451315,3.370281011025519,0.0081610362041106,-4.030676333677516,-1.82079151069233,54.16534435153781,25.28376339726478,39.02506945718719,2989.391,0.8591233055370768,28,1.644085575885809
B0033,170,1.3831900026575588,4.200616069155656,1.828763483963188,3.364268931307196,-0.0012978112516847,-4.031048376700338,-1.817964724512839,53.79228026466776,24.130808242407685,38.3251245457817,2967.2810000000027,0.8413126560716381,27,1.644085575885809
B0033,171,1.3646098107432565,4.200037449743801,1.9584399411299585,3.3720392126554684,-0.0005732784106833,-4.030741393214865,-1.798635457145711,53.22509160340434,23.740864219492018,37.878182669376734,2962.609,0.8300114244406195,26,1.644085575885809
B0033,172,1.369751365782437,4.192500996043775,1.8220675972367208,3.362230190450641,0.0002255297062823,-4.030600936103562,-1.8064428802106407,53.57857958784029,23.48039193903757,37.905840036253096,2957.016,0.8331387282224862,25,1.644085575885809
B0033,173,1.3867946911071662,4.200097022210454,1.7715995765672343,3.3636193969648573,0.0083654068397032,-4.031272201329734,-1.817340588271664,54.49825501084428,24.86504545389773,39.1223902532353,2973.281,0.8435051748203446,24,1.644085575885809
B0033,174,1.3918615875742792,4.191446103300025,1.8584436263684128,3.370386633696536,0.0005373748288989,-4.030774601922593,-1.8068979814568504,54.46813289210952,25.5545254991362,39.39196447810482,2968.016,0.8465870682092475,23,1.644085575885809
B0033,175,1.377162352180965,4.19205219049645,1.9792800716788903,3.375695992299504,0.0001681622204381,-4.030353569731922,-1.7968101494502102,53.89419947351141,25.242779182073114,38.80564596554866,2959.281,0.8376463928521302,22,1.644085575885809
B0033,176,1.3599525359390852,4.20026251718639,1.846857607499265,3.366639210990064,-0.0011308075920017,-4.031215449055759,-1.8043699219153888,53.782251370205934,24.10239460000605,38.29516028833109,2942.797000000006,0.8271786796781322,21,1.644085575885809
B0033,177,1.379779043170725,4.170526417555859,1.9297681149166703,3.3707194031916488,0.0059471473770918,-4.030724924949867,-1.786679633285191,54.80009542618075,25.70359254230357,39.48206657960876,2978.89,0.8392379711909586,20,1.644085575885809
B0033,178,1.3631373661966442,4.193298745157419,1.9404476337602208,3.368376555569585,0.0017369426103794,-4.0312040045445245,-1.805526191357153,53.59426450012642,24.052398101979275,38.22420789035359,2948.891,0.8291158235253088,19,1.644085575885809
B0033,179,1.3652295228794809,4.200151767615752,1.8078076221500168,3.3605555096355064,-0.0014926299834234,-4.030896618235125,-1.813761282828491,53.860038336831,23.78506073974515,38.212225319933545,2938.547,0.83038835867404,18,1.644085575885809
B0033,180,1.3498620694059131,4.199734233391325,1.901348395168944,3.3664344500865964,0.0002959832067212,-4.030353141551276,-1.802941147720235,53.50394440240513,23.67834740256779,38.03726842877258,2925.484,0.8210412457871162,17,1.644085575885809
B0033,181,1.3529504172332432,4.199873842512875,1.820065501803385,3.360999914466085,0.0008175114926099,-4.032772105959685,-1.8116624900760223,53.71091736477066,23.6498234722306,38.08745383569629,2917.297,0.8229197050793986,16,1.644085575885809
B0033,182,1.3535740542605128,4.199220802674783,1.781542687267246,3.359714561556011,-0.0009464831036835,-4.031639319345703,-1.811173186431671,53.96609282803159,23.942846230052385,38.371162533264,2918.938,0.8232990265918653,15,1.644085575885809
B0033,183,1.3432225183905024,4.189411926667855,1.8027051007685868,3.360790017915932,-0.001439179831805,-4.03064555997338,-1.799607080950245,53.89601837110568,23.85562795987445,38.21500087152169,2918.25,0.8170027996667959,14,1.644085575885809
B0033,184,1.3412081769053426,4.199234827601777,1.845120981293168,3.364551990412796,-0.0007750004247492,-4.030235349806215,-1.8000478038107868,53.58335886886063,23.75538627826279,38.068361542357145,2915.4839999999967,0.8157775948996568,13,1.644085575885809
B0033,185,1.3277389969987805,4.199099264533491,1.9386542857041755,3.370459024271422,-0.0004467797038924,-4.032323959410741,-1.7893303733112242,53.35830232724686,23.71942332452391,37.98761504071771,2906.015,0.8075850895312516,12,1.644085575885809
B0033,186,1.329778900445409,4.197710813920559,1.865202420691488,3.3647395351261364,0.0012834319927848,-4.030963918482138,-1.7980109473876715,53.56872781314004,23.89969121406837,38.3556643629041,2894.14,0.8088258421274354,11,1.644085575885809
B0033,187,1.3356045028702497,4.194824465751656,1.9741597310368288,3.3724762289358954,-0.0004319042368397,-4.030066693660676,-1.7871202282133007,54.028944257752215,24.94839998818312,38.587739723836165,2892.031,0.8123692114692057,10,1.644085575885809
B0033,188,1.3177489685711123,4.190646284256201,1.9140482800494216,3.3682526298407933,-0.0006678881139584,-4.03209652047346,-1.7864058289054177,53.32084823607714,23.564699278771386,37.84946765760722,2888.719,0.8015087461984018,9,1.644085575885809
B0033,189,1.317605472474197,4.199787523647983,1.9249905185886904,3.368834125820871,0.0005610406942699,-4.030614948818057,-1.7962891627935822,53.15804525272694,23.4486198816295,37.81892879614016,2875.641,0.8014214660111537,8,1.644085575885809
B0033,190,1.3185279522072382,4.198644370031491,1.848326319700026,3.364372124210884,-0.0004753781028849,-4.030716672310753,-1.8053146501565176,53.44440984728841,23.65570667131447,37.98975162560657,2860.7810000000027,0.8019825558635139,7,1.644085575885809
B0033,191,1.3215397269813982,4.199051265280784,1.7964863123561203,3.359956357503913,-0.0008123367176012,-4.029789852416358,-1.814536063114048,53.71116793928585,23.552314519961094,38.110497566784815,2852.844,0.8038144402972285,6,1.644085575885809
B0033,192,1.3046615372928705,4.198244533751371,1.9550178000855185,3.3696602072768207,0.0040223851748331,-4.030772474345855,-1.794060809034671,53.18757385880901,23.691188217801727,38.158711514228,2854.64,0.7935484359382802,5,1.644085575885809
B0033,193,1.3280324770208678,4.159889361487179,1.9991954704389,3.3817276755972934,-0.0002722731045703,-4.031537357097997,-1.7532558725802958,56.49572691828426,29.44423285279969,41.90171461734474,2897.844,0.8077635960678893,4,1.644085575885809
B0033,194,1.3634549770713926,4.195184914935837,1.982805388419431,3.379780519797374,2.69533080444104e-05,-4.031834027940411,-1.7969595693199287,55.32081069602003,27.528539695613013,40.72593783748325,2896.063,0.8293090074321607,3,1.644085575885809
B0033,195,1.3291316747402466,4.199591464734624,1.80889512605386,3.365666799367813,2.6371647019102723e-05,-4.031562224810096,-1.8148752451997947,54.57622829352292,25.33196551218096,39.388005009279006,2866.234,0.8084321730175937,2,1.644085575885809
B0033,196,1.3124201086917682,4.199771526762111,1.865543717364217,3.3648038854052915,0.0001884313420921,-4.031762836798674,-1.813083056493043,54.008789265404765,24.268653896290385,38.64570917130626,2836.609,0.7982675159622732,1,1.644085575885809
B0033,197,1.3152825503676355,4.199637020490028,1.994367058308584,3.371817482414552,0.0001226456193768,-4.030287733516317,-1.8021170413093344,53.47500454222108,24.071663702754314,38.3036813037848,2829.516,0.8000085699060894,0,1.644085575885809
B0034,1,0.7459302957645664,3.854275360971105,2.170439265213917,3.1178767585161347,0.0003959882089035,-4.030785980473215,-1.9933511025949644,51.86748080848415,23.6205145336092,38.95836982096889,1819.406,0.4806308383266064,196,1.551981762888213
B0034,2,1.6623217152845853,4.185182030297302,2.184438966859873,3.3022762078952885,0.0015052198075994,-4.033471908641544,-1.978747855629707,53.72590623785784,25.26783115804377,39.10734156415766,3260.531,1.0710961655831774,195,1.551981762888213
B0034,3,1.645087369694532,4.191235610410253,2.1716683590197,3.3294991412960915,-1.378445534852952e-05,-4.031968315632961,-1.9609699675983687,54.1404555915866,25.492621628413,39.20920805238827,3265.75,1.0599914309772889,194,1.551981762888213
B0034,4,1.620729289277574,4.190305001839791,2.182463026326082,3.349383007098789,0.0018710407859448,-4.0317411764982,-1.9366251479989427,54.22868210799842,24.888926300510743,38.93607597783885,3264.109,1.0442966071079487,193,1.551981762888213
B0034,5,1.5967402025126003,4.190367874669205,2.0979416663773915,3.354131753078005,0.000792482969363,-4.029531376848962,-1.9296993194196927,54.17641516112459,24.5997983727117,38.60445981652459,3253.531,1.02883953967416,192,1.551981762888213
B0034,6,1.4856500618812698,4.18989933406868,2.177479814637099,3.369692035482086,0.0001712865865251,-4.029542744670671,-1.8861346839189568,54.09745559724325,23.786968470622,37.79484872719341,3242.578,0.9572599997028952,191,1.551981762888213
B0034,7,1.4866702197497013,4.18599771136978,2.164719422934807,3.3729072074215103,0.0012084341927066,-4.030634355507908,-1.878796746756769,54.03810589370243,23.81681118289736,37.65277428767197,3234.625,0.9579173256411416,190,1.551981762888213
B0034,8,1.4701330958405268,4.191866541196004,2.1685179095920546,3.376976361461993,0.000440619538828,-4.030934330051056,-1.8723916722187988,54.56296443841966,23.763955948780502,37.91666092404816,3235.36,0.9472618370879776,189,1.551981762888213
B0034,9,1.4565041801019636,4.18853091556387,2.159913301643853,3.379109956413921,0.0002018807102951,-4.029299173045088,-1.8590598981345448,54.47381276284677,23.78945560140913,37.78228277348195,3236.125,0.9384802160248538,188,1.551981762888213
B0034,10,1.4418961035576472,4.188375692870302,2.188985459937614,3.3845619896694177,-0.0003743597023386,-4.029734922442523,-1.8455810936527,54.157190141377896,23.755059389108524,37.5830936155511,3230.25,0.9290676849670588,187,1.551981762888213
B0034,11,1.4370949588970292,4.187976084521654,2.161327607707136,3.383128626739751,0.0004122029549612,-4.0302542475084016,-1.8444812955511087,54.45256615419595,23.69410330723514,37.550522561172464,3226.078,0.9259741275713308,186,1.551981762888213
B0034,12,1.4458703624967404,4.185168395505227,2.140456418044363,3.386094893398141,0.0006588552845539,-4.029309919201132,-1.8435378224723704,54.20147817586685,23.89140287019925,37.68195425854693,3224.5,0.9316284489103782,185,1.551981762888213
B0034,13,1.432104054561837,4.187927929507927,2.170940246075281,3.3916477322319585,0.0002191747533731,-4.029842368131789,-1.8296929439731453,53.81393710497776,23.91126508504341,37.44027473651772,3222.188,0.9227583009072956,184,1.551981762888213
B0034,14,1.426720633302465,4.187886599518975,2.153155635587653,3.3914152987340267,-0.0002467649729571,-4.029434761163406,-1.8286913393639903,53.84994246144553,23.856389614186234,37.40277388057597,3216.546000000002,0.9192895608820562,183,1.551981762888213
B0034,15,1.4230846885129826,4.186569652343309,2.182519668385055,3.396413181394472,0.0011705556453515,-4.029975280063268,-1.8146752424570791,53.61278420241196,23.88579300006029,37.26498054251945,3211.859,0.9169467854213988,182,1.551981762888213
B0034,16,1.4409479522418909,4.186557905906351,2.188496149834977,3.403051791482094,-0.0002959061409268,-4.030231906926906,-1.8075203268976408,53.35590902048553,24.17278887392313,37.57056960108925,3215.859,0.9284567555486668,181,1.551981762888213
B0034,17,1.486901544051865,4.184379902708746,2.100542699118501,3.400264897064916,-0.0007798708776301,-4.030240820244685,-1.8262934110095792,53.83102716771526,25.20244376336696,38.400250729227935,3225.125,0.9580663765563616,180,1.551981762888213
B0034,18,1.5245313226850703,4.187835929449723,2.112961645498256,3.402154252869035,0.0005093032998163,-4.029885277518154,-1.8395285698527164,53.994059646351175,26.07537736702933,39.10294299101936,3234.343,0.982312652854852,179,1.551981762888213
B0034,19,1.4629049605190707,4.187676357576053,2.1659225933828385,3.407206655670774,-0.000847804665056,-4.030097149456043,-1.8047483945772265,53.39429065914855,24.96278744254723,37.80351021576893,3218.25,0.9426044786741749,178,1.551981762888213
B0034,20,1.423079450854989,4.186173516948595,2.148786443036186,3.404574250610661,0.0009245072505436,-4.02996569432633,-1.7959916493195849,53.38470633939791,24.26600284958175,37.3560600006649,3203.5,0.9169434106021072,177,1.551981762888213
B0034,21,1.4051040863603437,4.183451670510337,2.176304604588501,3.4067467727915552,-0.000794744491181,-4.0298811337146,-1.781271140675487,53.12872869294344,23.967397296313447,37.06076524279572,3194.39,0.9053612097512458,176,1.551981762888213
B0034,22,1.6329463925070862,4.171109136894672,2.11932965334224,3.327594909243545,0.0002069060341666,-4.030453302813839,-1.9422323790824167,55.80847324293826,25.94194242418557,39.94613025797719,3225.219,1.0521685444732285,175,1.551981762888213
B0034,23,1.5687138208259117,4.183529138373987,2.1509974200024624,3.387012528508769,0.0077518991191248,-4.030924782950583,-1.868815237704764,55.579127556921776,24.878675048008976,38.71835153377607,3252.985,1.0107810918515954,174,1.551981762888213
B0034,24,1.5149520966053402,4.188330656095053,2.1142806141482584,3.39384813983459,0.0016138509377502,-4.030804599251528,-1.8406021933680257,55.5590605953301,24.035500904263305,38.131331549186825,3245.25,0.9761403985740392,173,1.551981762888213
B0034,25,1.4855182940634626,4.186643866753638,2.1801548663736754,3.4020764335853744,0.0092071637848371,-4.029122762673436,-1.812590614553316,55.43438713431678,23.87898230327721,37.90482918212311,3235.031,0.9571750967607616,172,1.551981762888213
B0034,26,1.480771929049074,4.187573632919629,2.109657199964041,3.400466282848084,0.0018007448672871,-4.031180461653834,-1.811039196281484,55.91432751133226,23.895338331970752,38.06681078125698,3228.141,0.9541168359436012,171,1.551981762888213
B0034,27,1.484026357317059,4.187294591248425,2.1306422513355594,3.4030809584663944,0.0013966005260102,-4.029200659426091,-1.8097841749979184,55.78439633575717,24.088396057852904,38.24251669378549,3217.875,0.9562137860146692,170,1.551981762888213
B0034,28,1.4922153055506522,4.183701675158018,2.178786799179312,3.4070525055582563,0.0015349291811905,-4.029558842148895,-1.8021093934434649,55.819046085150106,24.59952870388799,38.56098530062726,3220.219,0.9614902321878211,169,1.551981762888213
B0034,29,1.473312924099279,4.187348905123759,2.1208148015326507,3.406027699483825,0.0012019585661013,-4.030202721256365,-1.800815649461131,55.81813101636483,24.44665229230036,38.38922286871294,3210.234,0.9493107195779592,168,1.551981762888213
B0034,30,1.441593178980006,4.186484904879302,2.1326343880232206,3.408174888188947,0.0021805105234386,-4.029145604132163,-1.7788779160462762,55.50852980614408,23.9305444060256,37.90831705954933,3210.546,0.9288724993116056,167,1.551981762888213
B0034,31,1.4225873198015788,4.1865382627627215,2.080806437045425,3.405126191511401,0.0026354607172676,-4.029781810783222,-1.7776506180150589,55.810474269938815,23.58710381562971,37.78900459955153,3200.969,0.9166263121250644,166,1.551981762888213
B0034,32,1.4266489379486664,4.187164525329423,2.153621018125857,3.409764436063523,0.0032105483742513,-4.02948709506646,-1.7757913058945811,55.5580463265768,23.74742029854323,37.868460669545925,3188.625,0.9192433648792984,165,1.551981762888213
B0034,33,1.4596775560238575,4.185560165483177,2.16386574936286,3.410480218060336,0.0035777890364691,-4.029440202415485,-1.781934305037178,55.7456104997617,24.23819721668537,38.32719437027863,3191.735,0.9405249410324392,164,1.551981762888213
B0034,34,1.4396159938545154,4.187111715287616,2.110862355108561,3.4102489283524573,0.003273882745326,-4.029706632370836,-1.7740392922449235,55.88273287086187,24.181214445850472,38.222749634083,3190.313,0.9275985248534192,163,1.551981762888213
B0034,35,1.4195512657848512,4.187953553733828,2.188936134619456,3.414435733868324,0.0022661854147259,-4.028819839160079,-1.758159329896538,55.52091947034592,23.726559353782505,37.70866248800648,3182.156,0.9146700687662008,162,1.551981762888213
B0034,36,1.4118101714470452,4.186573417418747,2.076995222056859,3.408669177651725,0.0023926972642869,-4.030420227631053,-1.764462484778239,56.03798112972515,23.648177442106743,37.8703638417689,3180.156,0.9096821916384438,161,1.551981762888213
B0034,37,1.4044196701845313,4.187350410759027,2.138330613016186,3.411832235289692,0.002772341179092,-4.0299718848239205,-1.7624729823299456,55.7872631992585,23.69135775675516,37.83489284744581,3171.953,0.904920214765236,160,1.551981762888213
B0034,38,1.4735059098606866,4.18502843595743,2.163289759388807,3.412313772481234,0.0014464038221226,-4.029529486082554,-1.7852228610575491,56.29505678813318,25.32908222546193,39.269306296372,3192.172,0.9494350675348888,159,1.551981762888213
B0034,39,1.492658600645149,4.186257969039418,2.011759892668098,3.4055246588869954,0.0007416018320286,-4.029713711390202,-1.806117173524204,57.203641711448896,26.070815185624948,40.1506450904851,3194.735,0.9617758638267342,158,1.551981762888213
B0034,40,1.4820260149945934,4.186398813067427,2.162343975515107,3.412772999015033,0.0043151690787858,-4.029290691786796,-1.7898966673086716,56.48442346523092,25.981415328866547,39.44313364004617,3178.75,0.9549248905068104,157,1.551981762888213
B0034,41,1.423575357658995,4.185933256660042,2.1921995805381784,3.415930751375281,0.0025134328913695,-4.029022667107852,-1.7588595515353411,55.71155596776208,24.453681426245662,38.29706396735563,3165.359,0.91726294193673,156,1.551981762888213
B0034,42,1.403825219724535,4.187334986366342,2.16034888083278,3.414462463305671,0.0019647285616452,-4.028805365009421,-1.7569483309674612,55.725184853786985,23.948796481551096,38.00009263186772,3155.25,0.904537188060792,155,1.551981762888213
B0034,43,1.5363173478836123,4.176473851854755,2.165521364045302,3.3922002422487143,0.0014215255618606,-4.029740881630216,-1.853554274466124,56.68734909187956,25.30964655368589,39.66453202372922,3173.766,0.9899068304930017,154,1.551981762888213
B0034,44,1.5440367168176732,4.186547012412841,2.0714906018792005,3.397211952063909,0.0069278895267026,-4.029196217915029,-1.846905843453128,57.523569542125074,26.320500253494163,40.50364795032053,3199.485,0.994880709129111,153,1.551981762888213
B0034,45,1.507892155360249,4.186836439169428,2.160000438530016,3.407734218697208,0.0013066539770738,-4.029145491224896,-1.809719941535708,56.64647124225468,25.813463506700813,39.602225792574906,3196.015,0.97159141390559,152,1.551981762888213
B0034,46,1.8203060058691087,4.267804722238553,2.07023691471502,3.305027554247318,-0.0007573629710346,-4.031177810117895,-1.951674467634044,61.22071154968515,27.492078726346985,43.00893271743553,3595.281,1.1728913634149596,151,1.551981762888213
B0034,47,1.5936575758226643,4.183147061073988,2.051324967440629,3.350291194323394,-0.0006195680264069,-4.031361471284143,-1.920877053556144,58.28488787096781,25.863505806925243,40.64495633031262,3198.0,1.0268532877969476,150,1.551981762888213
B0034,48,1.533070464968097,4.186094144264648,2.126099692893142,3.378826251452736,0.0002504953623738,-4.030853452091916,-1.8756315967871,57.592019665372526,24.86563259253257,39.63966215341089,3183.516,0.9878147421752416,149,1.551981762888213
B0034,49,1.4862143093107285,4.1869069503681295,2.1895562891910765,3.390518073285361,0.0017152482598011,-4.030490983913811,-1.837523884399117,57.28443182001311,24.50767925297907,39.16680148065847,3183.797,0.9576235654631068,148,1.551981762888213
B0034,50,1.5029318848267783,4.185562043793452,2.074340759266504,3.387526907959532,0.0018221767622858,-4.031249179709422,-1.8376918380374707,57.87208806126728,24.90487757765792,39.82254974386062,3191.516,0.9683953257478016,147,1.551981762888213
B0034,51,1.5202185406928062,4.186540363518264,2.1265733975652816,3.3911818711119515,0.0026883098926745,-4.030674776051926,-1.84473194943584,58.01475740778219,26.165502867251245,40.67552783597674,3189.985,0.9795337658244796,146,1.551981762888213
B0034,52,1.5118194735004464,4.182887718757515,2.062739747604538,3.390835631837091,0.002423109346653,-4.032090463706321,-1.8363552560101448,58.312052179468594,26.434837838562657,40.58253841712968,3189.734,0.9741219321333872,145,1.551981762888213
B0034,53,1.464601301820905,4.183577669537621,2.1030377322448675,3.396934021472626,0.001233836454666,-4.031760335593384,-1.804847667473282,57.74556007237976,25.237731252945544,39.684346755235566,3176.016,0.9436974949340292,144,1.551981762888213
B0034,54,1.4546140961511749,4.186336344550888,2.1244761059896846,3.39949065298916,0.0015573133323275,-4.030702202371792,-1.7965264889900276,57.59063118746153,25.00928434925411,39.47995207463314,3171.36,0.9372623641170638,143,1.551981762888213
B0034,55,1.4333400490204142,4.184762302875813,2.0601307559265187,3.3981483429417363,0.0001083350557118,-4.030830787176179,-1.7880255809187031,57.76023731619168,24.86229074949996,39.48992781243277,3170.843,0.9235546984476104,142,1.551981762888213
B0034,56,1.449326234639616,4.185022396532557,2.066307670696809,3.398881941115953,0.0011304715634254,-4.030375180809054,-1.794490448292537,57.84385498440773,25.247118919096376,39.85231027058981,3164.672,0.9338551968178048,141,1.551981762888213
B0034,57,1.495199821798908,4.183906394520297,2.063118102136468,3.3979295593430394,-0.0009828799985898,-4.031301873680901,-1.810046150714452,58.50818415025991,26.38591994823214,40.87369030754749,3177.453,0.9634132678314242,140,1.551981762888213
B0034,58,1.4720590241846008,4.18478065365082,2.015578277968309,3.3987236708202504,0.0002298309157088,-4.030996805872695,-1.801573806556355,58.39804679399696,26.519533331724425,40.55984735939729,3172.375,0.9485027848813912,139,1.551981762888213
B0034,59,1.4097383014648728,4.184572904357356,2.182520865570816,3.4080267118315724,0.0006099706214633,-4.0309191249132565,-1.7534517505866212,57.19671566450291,24.70011610941673,38.98866212208888,3158.406,0.9083472081794134,138,1.551981762888213
B0034,60,1.3861944181384176,4.186221928288161,2.177635067318021,3.4076313780555267,0.0009541085502518,-4.030301776910108,-1.751322126092017,57.09358220904711,24.28294354559445,38.71511147644418,3141.578,0.8931770020020932,137,1.551981762888213
B0034,61,1.3624125407550536,4.185645972879193,2.167549772117144,3.407885887358127,-0.0001367770439569,-4.032926354694966,-1.7425277851045473,57.056434523826645,24.03220467889417,38.51149851182021,3138.187,0.8778534473366657,136,1.551981762888213
B0034,62,1.4471377445077278,4.184966155089575,2.0235981843621835,3.400387541194186,0.0007842316136241,-4.030419099923807,-1.7826705089192836,57.99096942950453,25.38960807118112,40.1124792854564,3157.969,0.93244507062675,135,1.551981762888213
B0034,63,1.4554483390450048,4.181330176160959,2.184010507272112,3.407662296724597,0.0013241893499252,-4.031508370151624,-1.7740815054978625,58.16328313862759,26.542766505120174,40.84012758949483,3159.281,0.9377998980712496,134,1.551981762888213
B0034,64,1.4423952167302958,4.186951481965634,2.0392577121107047,3.4032529056881784,-0.0003952233410601,-4.030927087953748,-1.7809841749397886,58.29542391419101,26.31336016927672,40.348969230016365,3150.375,0.9293892822851356,133,1.551981762888213
B0034,65,1.377541945989605,4.1857251578423,2.0999808615526177,3.406174357529073,0.0004669539506793,-4.030689142794633,-1.747182095051256,57.375182540416354,24.522516405936003,38.95729074496056,3134.078,0.8876018900028965,132,1.551981762888213
B0034,66,1.3539935892900532,4.18361645238679,2.063136946201327,3.404973694436225,0.000404425070258,-4.030890080533704,-1.73814436809975,57.42041259082052,24.159247368089208,38.73711200799833,3129.797,0.8724288014636802,131,1.551981762888213
B0034,67,1.5509038861664448,4.17325067272426,2.120762756881349,3.3580774287935817,0.0012788914489122,-4.031115880527916,-1.8824146171130407,57.71520595046742,24.8612656938652,40.231060876384255,3161.89,0.9993054836419196,130,1.551981762888213
B0034,68,1.5562932697752867,4.184028931910909,2.19170788700899,3.38250056099739,-0.0001740371244319,-4.031336520715659,-1.8524024614367005,58.17136403259683,26.211618143788463,40.929553501935686,3196.859,1.0027780654323215,129,1.551981762888213
B0034,69,1.5067526605064707,4.185455613390746,2.1203887966971293,3.390086865994553,0.0006646404810077,-4.031483697642067,-1.826530681368946,57.753084428922655,25.616990124167888,39.99370931902224,3171.906,0.9708571946763268,128,1.551981762888213
B0034,70,1.444138733302766,4.183582231077479,2.0630039985317543,3.392978809154906,0.0018050189062082,-4.030940436431335,-1.7929643530908497,57.5103657978898,24.43317412120245,39.1022619385273,3160.842999999993,0.9305126953394396,127,1.551981762888213
B0034,71,1.4144103811292437,4.1831604654402685,2.1811524820912926,3.400527096110287,0.0019812169597072,-4.0314913055403885,-1.7679531131415926,56.86348453612092,24.01694812582096,38.63703610404588,3147.141,0.9113576041622092,126,1.551981762888213
B0034,72,1.3897574212362729,4.184589576893444,2.155432405052415,3.4009920061492966,0.0146311694909085,-4.03046907957885,-1.758494914822024,56.97607576818629,23.76449388619055,38.457946337552535,3141.203,0.8954727783978316,125,1.551981762888213
B0034,73,1.449968311475299,4.1839152437949645,2.0671609840346776,3.395963139634734,-0.0002489305736548,-4.030848804967881,-1.7913624328840858,57.956995411354825,25.126150529911,39.98853422500312,3151.047,0.9342689109805848,124,1.551981762888213
B0034,74,1.4678653068012166,4.184717109573573,2.1233368877812127,3.399629787670528,0.0017035076717763,-4.032550539055774,-1.7913224989214869,58.3663921180059,26.33782978068625,40.84025138634754,3159.172,0.9458006156396728,123,1.551981762888213
B0034,75,1.4290644310445066,4.184251380689682,2.032509026773449,3.3983167205445777,7.260499407977222e-05,-4.03311369700898,-1.7734088198098006,57.883249801186295,25.148680870013376,39.64173378499159,3141.047,0.9207997575854504,122,1.551981762888213
B0034,76,1.376744834668327,4.182749347441237,2.010095847748964,3.398539512076107,0.0018931841045314,-4.031189054300734,-1.7476951824023108,57.62604602919208,24.01574907362869,38.82196729294636,3135.0310000000027,0.8870882813121638,121,1.551981762888213
B0034,77,1.3515813262521057,4.182152014334447,2.184505347565892,3.40654652300618,0.0010066000987554,-4.031129358826585,-1.729077993258934,56.803768142247485,23.678020825543207,38.27601981086532,3117.984,0.8708744900048533,120,1.551981762888213
B0034,78,1.353993472828928,4.183323525954108,2.1991319506434475,3.406778113087296,0.0011354193755573,-4.031338830626604,-1.7290902219307398,56.88027382398077,23.472541130716568,38.30615482092432,3125.328,0.8724287264234136,119,1.551981762888213
B0034,79,1.3577165116893766,4.18535045289718,2.1256164107912863,3.404421419209012,0.001154777599894,-4.03103413513416,-1.7360856942372698,57.11228470728586,23.74537741226268,38.50347850214561,3120.172,0.8748276198572643,118,1.551981762888213
B0034,80,1.334169315351027,4.182766239696235,2.059592858883293,3.4020136665550305,0.0013806992719649,-4.030805323363095,-1.7266849618679287,57.23777746505438,23.344185929602297,38.25735173096823,3116.641,0.8596552789822475,117,1.551981762888213
B0034,81,1.3372147888783987,4.181823483700895,2.196715966153447,3.408929572366065,0.0013891789726567,-4.03117795823907,-1.7171675465127405,56.79550408983589,23.58283501183717,38.29433048905591,3110.844,0.8616175916847525,116,1.551981762888213
B0034,82,1.339045224276927,4.1857303262234575,2.179169443366329,3.407512024075691,0.0011128765557092,-4.031972732432733,-1.7243425380133646,56.74357378980126,23.456477601865824,38.19006452807094,3101.406,0.8627970097953892,115,1.551981762888213
B0034,83,1.3439244604756322,4.180937577273335,2.0729178734316847,3.4012246723873067,0.0009343179831969,-4.031005726868246,-1.7314023398283604,57.1850535860252,23.39396422716183,38.326737735855446,3099.563,0.8659408844950668,114,1.551981762888213
B0034,84,1.3454786192090245,4.185670680684665,2.058553622170445,3.4019343263921806,0.0011101596079035,-4.031139103540076,-1.7315370302816349,57.13163600499266,23.39996123171042,38.326112920062165,3104.64,0.8669422871987299,113,1.551981762888213
B0034,85,1.3482263029682544,4.184780807786567,2.1859283824053053,3.4080993396118826,0.0062758414715402,-4.030804616834862,-1.7217927604432464,56.68621589748299,23.6086778568682,38.2504483640825,3099.875,0.8687127227959347,112,1.551981762888213
B0034,86,1.3373192299576058,4.184776951807234,2.047929270109934,3.4012585484878985,0.0010934428723549,-4.031692434428726,-1.728989688622418,57.14457415944487,23.276456947851614,38.2552215314073,3093.25,0.8616848869853189,111,1.551981762888213
B0034,87,1.3402523341553034,4.184920385211051,2.0282334120244614,3.400118948427692,-0.0002687342222298,-4.031825763441962,-1.7363791085179334,57.28985408720813,23.49685572481665,38.4827926779255,3086.688,0.8635747959184232,110,1.551981762888213
B0034,88,1.329096568237912,4.181326694340018,2.128944717359417,3.4044380735101045,0.0034678236592646,-4.0305186641831545,-1.7191649059489624,56.90074118043176,23.29711680803585,38.208311929566015,3094.281,0.856386717949884,109,1.551981762888213
B0034,89,1.3323485655766352,4.184466822637345,2.080780257241255,3.4027761465827293,0.0016669359763762,-4.031628581091327,-1.7265467227383982,57.126183132620525,23.401728136234176,38.37963443029051,3088.328,0.858482101682146,108,1.551981762888213
B0034,90,1.3501541310555516,4.185698992912854,2.18178697368346,3.407661438923026,0.0026485048966212,-4.0312424408295175,-1.726628901233422,57.09006956503022,23.983632918812404,38.847888287026734,3095.687,0.8699548946650871,107,1.551981762888213
B0034,91,1.381523441054128,4.188177492671976,2.1600430451609207,3.406219322901771,0.0013378449788513,-4.031736173757563,-1.7439767424511523,57.56129571557157,24.79113634686574,39.55793696996327,3102.062,0.8901673164529557,106,1.551981762888213
B0034,92,1.3835971952817807,4.181899265811891,2.0578741386350488,3.403483836522725,0.0010649532583859,-4.03159610294282,-1.7438949547598264,58.12885115554352,25.6128390117907,39.99598965677591,3107.141,0.8915035140019485,105,1.551981762888213
B0034,93,1.33011618620809,4.180083219210065,2.054577698980584,3.401643655881062,0.0059369355182463,-4.031093567396651,-1.7239330841004026,57.35750604508094,23.785855051860043,38.63711136364424,3090.719,0.8570436960114564,104,1.551981762888213
B0034,94,1.3176982121703231,4.1821779958572005,2.0610721424538947,3.401100143150002,0.0003390728794783,-4.031192505233378,-1.7215733668196036,57.07647448385972,23.1569815322644,38.17458507378806,3069.812,0.8490423300581238,103,1.551981762888213
B0034,95,1.3063657719651272,4.1841115419161925,2.1769630360366774,3.406245698013471,0.0011136677193194,-4.030588508612238,-1.7115169207570662,56.56265009891403,22.908599756234555,37.84309122903104,3064.437,0.8417404142262609,102,1.551981762888213
B0034,96,1.3381567383793782,4.182953933920961,2.123117073996824,3.404609654515602,0.0012646505805006,-4.031702600821983,-1.7218255733894667,57.16856231635899,23.68472050512781,38.7849806497393,3083.25,0.8622245250415121,101,1.551981762888213
B0034,97,1.3563258092165067,4.185231964742196,1.992728560786441,3.3978374456616303,0.0015946623938485,-4.031682841427148,-1.7464028089407726,57.902838661735686,24.22073602275369,39.47058624854092,3076.484,0.8739315381466894,100,1.551981762888213
B0034,98,1.3648997529550058,4.183603781291225,1.9677573642714887,3.39586477636226,0.000102227635361,-4.03092026898644,-1.7536342273893653,58.11517890209301,24.762876860329897,39.61654428235802,3081.297,0.8794560513487925,99,1.551981762888213
B0034,99,1.3337639975535058,4.1847480185320505,2.12435243753564,3.4029256137765205,1.4190786375877196e-05,-4.031386898885472,-1.726531730710585,56.98035659049231,23.61904245521269,38.42381623938057,3065.953,0.8593941175387219,98,1.551981762888213
B0034,100,1.3060123668658763,4.18481289618272,2.1817137827751827,3.4052852363977686,0.0042214131704376,-4.031919192937977,-1.7162971244779048,56.67208442551173,23.139606352661183,38.11461669687029,3055.828,0.8415127020793133,97,1.551981762888213
B0034,101,1.3101868361375808,4.182816385597531,2.087539695609617,3.4007629589889867,-0.0002054587509037,-4.031463869357844,-1.7241037426046355,57.04472631715234,23.227905756844947,38.33391837467719,3051.468,0.8442024690414817,96,1.551981762888213
B0034,102,1.3567668941696105,4.182086976575588,2.068960188840925,3.4011297944340977,0.0024620812789465,-4.031164018221237,-1.734239204579505,57.64730160708694,24.36549586778333,39.42514383600653,3069.0,0.8742157457086925,95,1.551981762888213
B0034,103,1.3916857433587717,4.181559459677035,2.059628573127648,3.399331416433363,0.0005944525944014,-4.031125638208525,-1.7519633999941742,58.29336025761747,25.426031784942506,40.315066740163225,3079.235,0.896715268592375,94,1.551981762888213
B0034,104,1.3629935079344777,4.182529313505233,1.9953872570984856,3.3981521617785853,0.0006963918211712,-4.03058191664693,-1.741661014368029,57.95445943311949,24.759695537233807,39.53448316157278,3070.344,0.878227786258241,93,1.551981762888213
B0034,105,1.3211711973900628,4.184076900714323,2.1529421051579973,3.4035091903916523,0.0007119561611779,-4.030694821958155,-1.721352036820181,56.91514213395795,23.5538506722797,38.37203224972586,3051.4839999999967,0.8512801045621725,92,1.551981762888213
B0034,106,1.3074869015593356,4.184435637134828,2.0405401202035574,3.399021879453416,0.0020566252105106,-4.031009817979993,-1.7213249052728743,57.19634917626827,23.15733332811672,38.3101923015924,3054.812,0.8424628000306675,91,1.551981762888213
B0034,107,1.3105881895483489,4.182198079486951,2.197033181830859,3.4057934055092884,0.0012203049914854,-4.031095809579006,-1.7112135934528914,56.74944920850043,23.32029692884593,38.27774779605142,3046.532,0.8444610760820832,90,1.551981762888213
B0034,108,1.376312668196664,4.18257252176705,1.9756647286286777,3.3956244120578263,0.0003728726761709,-4.03243604396475,-1.756910982199254,58.60834889757344,25.493869536085327,40.334191485925615,3071.782,0.8868098202619136,89,1.551981762888213
B0034,109,1.391764929132287,4.184144535847567,2.083403258487322,3.400151892919731,-0.0008283772149644,-4.0311681176814105,-1.757472358582005,58.69313490028398,26.140582124289093,40.79229920392578,3074.532,0.89676629095321,88,1.551981762888213
B0034,110,1.3649746353453525,4.183745596310435,1.9776004444482065,3.395401002342427,0.0013465670361033,-4.032104651105574,-1.7545668980958755,58.287617732907975,25.236639467278017,39.99900717802979,3053.656,0.8795043008786112,87,1.551981762888213
B0034,111,1.3219093937291897,4.182564922322223,2.064842829300876,3.397818814080149,0.0025558473834459,-4.031108958105936,-1.7345909430155575,57.38456939785952,23.815588368305107,38.793911542282345,3031.953,0.8517557521224589,86,1.551981762888213
B0034,112,1.3090033888073913,4.184886457411625,1.966575784508242,3.392562018908607,-0.0007536815005631,-4.031562836873329,-1.7419815147499944,57.58115209169171,23.39868713351051,38.67005005769116,3023.5,0.8434399295848406,85,1.551981762888213
B0034,113,1.3327005721973733,4.182256888930097,2.1711822809863026,3.40172041057263,0.0008522774553233,-4.03093916292613,-1.7240295509078702,57.13289738293001,23.541409033500173,38.826649526191886,3042.703,0.8587089127369892,84,1.551981762888213
B0034,114,1.7423975189669398,4.444767752853825,2.069253006874651,3.483606791060758,0.0001730030754003,-4.031271454898872,-1.5139109254949328,61.43732341776916,27.19642353763937,40.05350414099234,4424.203,1.12269200620268,83,1.551981762888213
B0034,115,1.37734756281946,4.182008963324631,2.1429326564674485,3.4027541068274787,-0.0001183641265615,-4.031083297465372,-1.7448643036753848,57.73883179659806,25.38698510964008,39.89751111071057,3066.766,0.8874766416431584,82,1.551981762888213
B0034,116,1.34875988767775,4.183084128990252,2.066165629002469,3.399518032588874,0.0014922973901564,-4.030963240325162,-1.7422768724138988,57.386080612263264,24.44989369954168,39.197243061406944,3046.125,0.869056531416793,81,1.551981762888213
B0034,117,1.3501504559881146,4.183718969246597,2.1996082620797504,3.4048948132853294,0.0004034421702229,-4.031380713903483,-1.731761904660173,56.89633685865634,24.22534035257945,38.90698912730004,3033.625,0.8699525266814387,80,1.551981762888213
B0034,118,1.3387814875085953,4.184086373500983,2.0698222657269465,3.3989458032986057,0.0025707885124276,-4.0308516181486045,-1.7394457190997812,57.238769179765264,24.023029688289228,38.91493347992841,3028.562,0.8626270743137757,79,1.551981762888213
B0034,119,1.3253371210402685,4.180084668986179,2.1637591808058576,3.402552549263599,-0.0008015260124667,-4.030838932270787,-1.7291852801439969,56.92287178370967,23.95603789933229,38.753372299612906,3020.984,0.8539643652602189,78,1.551981762888213
B0034,120,1.3308160596334049,4.182272685375916,1.96657603413028,3.3917372089469744,-0.0001784030931222,-4.030667531854442,-1.7552053099717762,57.63060311370659,23.932184060717763,39.09185442815456,3017.391,0.8574946506824781,77,1.551981762888213
B0034,121,1.333083376618503,4.183571382297645,2.0993400599564533,3.399163910018903,0.0001480784536688,-4.031261774539943,-1.737147942355728,57.01462861282404,23.91270646251569,38.79791433490267,3022.14,0.8589555679685671,76,1.551981762888213
B0034,122,1.3333226534895923,4.183893272585923,2.051523215347617,3.396151910618556,-5.40381873575575e-05,-4.031883079901577,-1.7450526641182944,57.17373710163345,23.85270122718953,38.87342544692156,3009.016,0.8591097430219157,75,1.551981762888213
B0034,123,1.3264281097516477,4.184006388641318,2.127535513157563,3.3999185413871995,0.0009352255589694,-4.0317878151340585,-1.7341883809096077,56.96912010183172,23.83759353886068,38.72429474171124,3014.672,0.85466733016449,74,1.551981762888213
B0034,124,1.323971040986857,4.181910454160974,2.0823277676119383,3.397850235603045,0.0017111395988959,-4.031344486974082,-1.734400276547127,57.10359458618797,23.7486501338944,38.693927613601694,3010.703,0.8530841486970622,73,1.551981762888213
B0034,125,1.3249364225071156,4.181304092373182,2.1365617064803337,3.399278705498605,0.0004752250330031,-4.031165844112306,-1.7344615887918813,57.068326741336485,23.86209603003965,38.83689474258564,3011.75,0.853706180181802,72,1.551981762888213
B0034,126,1.3283067675570923,4.181467747221002,1.9941210557405096,3.393991029909916,0.0013017595633574,-4.031283330684273,-1.7422565015843707,57.42601185667435,23.93772227630433,38.98262569198278,3005.734,0.8558778197787162,71,1.551981762888213
B0034,127,1.314584348909226,4.184933925854431,1.9772527709370784,3.3920728040875394,0.0005343769692278,-4.031390232489055,-1.7506020276231054,57.61101162387096,23.891588699661355,39.051031869034375,2993.75,0.8470359512877301,70,1.551981762888213
B0034,128,1.3166841798543305,4.183605741258281,2.126873333723975,3.3991110461098466,-5.6992644977724535e-05,-4.030190775657842,-1.7318011089547245,57.13778358983724,23.825855363413623,38.79001119015603,2998.125,0.8483889510428283,69,1.551981762888213
B0034,129,1.3041727649654071,4.18498220766507,2.039511489521072,3.395190942431077,0.0011172089435373,-4.030832991804198,-1.739970121407176,57.23603082155364,23.78659177259518,38.89401391225135,2990.859,0.8403273776480225,68,1.551981762888213
B0034,130,1.3534450073572306,4.181710702444723,2.0358214749013905,3.3964846031258618,-0.0016396833932214,-4.031156962815287,-1.7427011000827153,58.39093066235441,24.95061784926869,40.17157466315805,3024.453,0.8720753295699114,67,1.551981762888213
B0034,131,1.371294082513786,4.184181072689387,1.973042506261499,3.394474869519725,0.0129900052809774,-4.031505060697891,-1.7609977485305528,58.90073826779548,26.378354883462126,41.036063659744045,3030.765,0.8835761574683905,66,1.551981762888213
B0034,132,1.357699321922511,4.18330455406694,2.0280193684749017,3.396433031795198,0.0006744131176185,-4.0310979373493865,-1.7510064310910844,58.27129279916865,25.80947699877746,40.43961489235273,3020.813,0.874816543846401,65,1.551981762888213
B0034,133,1.3286903090919502,4.183090426902681,1.9435482703621487,3.391155270712207,0.001149387990926,-4.0324414576282885,-1.7476615383639926,58.03064804249352,24.614714162928127,39.65187768260208,2998.156,0.8561249499602874,64,1.551981762888213
B0034,134,1.3143943268181724,4.184001846460157,2.0636905936063763,3.395487164367482,-0.0001919878967601,-4.030608268179589,-1.737132841849628,57.376456720947886,24.072109280815287,39.17910732689237,2986.766,0.8469135129346531,63,1.551981762888213
B0034,135,1.3866783030110723,4.173319870139646,1.9437968709766944,3.379530577955077,-0.0015555056759469,-4.030934744594092,-1.7833514969895126,58.48728985101988,24.68063964955075,40.11810121003218,3032.328,0.8934887871559046,62,1.551981762888213
B0034,136,1.3868330458429208,4.181768359109135,2.071041778175654,3.392303218262864,0.0052667295000626,-4.031180224182523,-1.7701661084313474,58.63748276638773,25.7688641707561,40.80596825835928,3047.703,0.8935884937604207,61,1.551981762888213
B0034,137,1.3548037379291014,4.182301042571854,2.185338383273266,3.4001334063326003,-0.0009786783734257,-4.031782992778244,-1.7401783923806775,57.63608525053667,25.05089715718802,39.68459882372221,3034.968,0.8729508105867387,60,1.551981762888213
B0034,138,1.3255787669951669,4.178121720093713,2.0310061849780774,3.393642423268678,0.0024516130735203,-4.030909285227107,-1.7373219803903293,57.60594379182819,24.408294212643,39.35391690299883,3011.7339999999967,0.8541200668030313,59,1.551981762888213
B0034,139,1.3119728676377551,4.181856458554027,2.1906611266270994,3.401001567788519,-0.0010278873533065,-4.031391102007752,-1.726421739308256,56.80159282025973,24.14656059452256,38.774974385595264,3002.922,0.8453532760566688,58,1.551981762888213
B0034,140,1.3064487948795198,4.183618050676316,2.142279706628003,3.400303147037451,0.0012119641403227,-4.032301237199556,-1.724198613794499,56.21047251769452,24.028629657676618,38.265844006523615,2986.718,0.8417939090007344,57,1.551981762888213
B0034,141,1.3418431880549024,4.180694864027114,2.160163197204225,3.4014259376568985,-0.0017035894811182,-4.032232493006905,-1.7352631240732408,57.153953136576106,25.64171815965767,39.684480872315234,3006.203,0.8645998426925803,56,1.551981762888213
B0034,142,1.3609210170759327,4.184699791551839,1.955449063066795,3.3937688197583187,-0.0013554576262431,-4.032459345523554,-1.7542912065406973,58.22840707938393,26.3348099497268,40.52184920089412,3011.609,0.8768924027453007,55,1.551981762888213
B0034,143,1.329960367739497,4.184264442346774,2.186393196562525,3.40281516420186,0.0005444198934238,-4.031899555003315,-1.7326282784227318,56.896536733279625,25.473281057610205,39.34384441360489,2985.953,0.8569432963338837,54,1.551981762888213
B0034,144,1.299069387625936,4.1832269410899645,2.1725626411969494,3.402086089777065,-0.000550080205776,-4.031537675655013,-1.7211553304454028,56.43024249534344,24.52168448405072,38.61214478628688,2976.312999999994,0.8370390804131543,53,1.551981762888213
B0034,145,1.2984544371955695,4.18242247093296,2.107521375414201,3.3974407926386454,-0.0007401702915018,-4.031552007887981,-1.7293251908726686,56.60428484008346,24.138492108667336,38.61589548680076,2964.75,0.8366428448097011,52,1.551981762888213
B0034,146,1.317648609161009,4.181677931125044,1.972495650379372,3.3900153291758635,-0.0001737419832885,-4.031822718744165,-1.748688834226016,57.47493245382511,24.571172921635785,39.405725006770766,2969.953,0.8490103689806806,51,1.551981762888213
B0034,147,1.3360648564106594,4.184377456853175,2.15288424756184,3.4000590460263824,-0.0010567842076357,-4.038795954400871,-1.7409400126466616,57.43585109945852,25.76431651292588,39.93466601122023,2988.453,0.8608766471097342,50,1.551981762888213
B0034,148,1.3635797361860138,4.182088306746119,2.175170885643991,3.3987353103697178,0.0013857851637352,-4.033056340172318,-1.7514562329904435,59.12207312090748,26.671290557787994,41.55493252456659,3001.235,0.8786055150857017,49,1.551981762888213
B0034,149,1.3333112541544827,4.181101635503988,2.0442124222047857,3.3928187346829195,0.0010305303744507,-4.031676887900432,-1.7489863545731503,58.23289082409849,25.513516910165443,40.30936955838523,2976.234,0.8591023980031904,48,1.551981762888213
B0034,150,1.3023273463118925,4.179766813903975,2.030057772957424,3.3901374196096965,0.0001529455766672,-4.031008497658909,-1.7463412570660508,57.69877961341635,24.51313258314012,39.63376472877464,2950.39,0.8391383052648005,47,1.551981762888213
B0034,151,1.2888728444455877,4.180263086800403,1.960005305735824,3.38449140744984,0.0003317240571986,-4.031145578011882,-1.7543675539321288,57.777112656377554,23.991098161620744,39.397264101530574,2941.719,0.8304690655945699,46,1.551981762888213
B0034,152,1.2902746194203034,4.1809918219864,2.097517979952191,3.3921220546792745,0.0014412797914432,-4.0312307343283,-1.7346999432389854,57.23966158430743,23.823475184494256,39.0556543100656,2946.969,0.8313722817329523,45,1.551981762888213
B0034,153,1.292407565676824,4.181979956691477,2.063176636612858,3.389816955641987,0.0007410934488356,-4.0307864323142,-1.7433417157972704,57.39229514777536,23.894911918833603,39.19214857830457,2936.171,0.8327466189239713,44,1.551981762888213
B0034,154,1.295409150510234,4.1832960690677,2.050195394002453,3.3881964986011384,0.0017829159370712,-4.031891788952559,-1.7522140323058732,57.49397345620112,24.00219310383197,39.3246784315448,2927.281,0.8346806524965207,43,1.551981762888213
B0034,155,1.283229881592695,4.182349252301679,2.142448068324373,3.392372693620385,0.0003275571455353,-4.030519452398561,-1.7406561651353163,57.117778050999135,23.83249797750721,39.020958953665634,2924.422,0.8268330931960339,42,1.551981762888213
B0034,156,1.4557454024367815,4.166622490761778,2.132265781269793,3.3581270184036267,-0.0001609721600351,-4.031364436387261,-1.8482512574133536,59.0081622348613,25.459930209970125,41.16886509114223,3023.859,0.937991307145042,41,1.551981762888213
B0034,157,1.454676342673242,4.183046790056729,1.984934774787036,3.3640532409111272,0.0036147752466289,-4.031501683106394,-1.849395364079893,59.53806687629183,26.41787688613133,41.53076127734769,3056.172,0.9373024718835052,40,1.551981762888213
B0034,158,1.423427718198495,4.180727864826346,2.13940846198312,3.38037517618057,0.0001542425834273,-4.030744595022684,-1.799535657719212,58.40787633507069,25.361558074214376,40.35674808373947,3045.078,0.9171678123005252,39,1.551981762888213
B0034,159,1.392551210363313,4.182665046607197,2.04587233974925,3.379746726032651,0.000975305696298,-4.031671799370217,-1.788342260509134,58.34388806897325,24.65660109918399,39.90529016402678,3034.25,0.8972729214110079,38,1.551981762888213
B0034,160,1.3765732493746907,4.183546703480425,2.0970875648564333,3.383744830197482,-0.0009271395457984,-4.030922111155082,-1.777540080046501,58.00881689774913,24.371185974131794,39.6263343523975,3022.609,0.8869777224784587,37,1.551981762888213
B0034,161,1.3810190828982352,4.184556412259601,2.0432611124631137,3.382914022586479,0.002021422137762,-4.0316407463870965,-1.7773805764791355,58.52325787492752,24.759439309467485,40.25111705064472,3028.828,0.8898423395956541,36,1.551981762888213
B0034,162,1.4007568321672863,4.183306721542989,1.961939116178396,3.378266732241365,0.0031371441291032,-4.031325299834524,-1.7969239114736186,59.50837827191452,26.00755386497896,41.28365494023095,3037.875,0.9025601109902868,35,1.551981762888213
B0034,163,1.374645303479972,4.186122527731293,2.0966495970812926,3.386601516930242,0.0001191795836789,-4.034378256939229,-1.7752050021088217,58.58184665309335,25.389868561154977,40.27720417425089,3023.187,0.8857354747015707,34,1.551981762888213
B0034,164,1.3345924114397838,4.187372242173173,2.126944667717326,3.3873478555743035,0.0014550892592896,-4.031792301917485,-1.763847205060641,57.97580640887124,24.14009992070368,39.45873788590029,2996.922,0.859927895644939,33,1.551981762888213
B0034,165,1.336396621564738,4.194441292072135,2.0654092965524384,3.3839254722198504,0.002013019928346,-4.031054086064945,-1.7725760652080311,58.05700140061033,23.636769576161004,39.29135666075848,2986.469,0.8610904158291947,32,1.551981762888213
B0034,166,1.3069152971756248,4.178978876708447,2.148229610932935,3.389334235413473,-1.7827195123559607e-05,-4.030876471673389,-1.7406273194455326,57.78193242469556,23.69154549197298,39.19247737595363,2979.219,0.8420944939091787,31,1.551981762888213
B0034,167,1.341539456674081,4.180760079138194,2.1586251956084066,3.3898762516669514,0.0020439084875339,-4.03123362422716,-1.7523330419103598,58.20713739139197,24.53360766699073,39.892115077092285,2995.047,0.8644041371836082,30,1.551981762888213
B0034,168,1.346388970161922,4.1815749331430805,2.095346963555327,3.387534636174606,0.0098719521293504,-4.0317407805438,-1.7613727505178345,58.6134064492062,25.024094844009905,40.35117578100876,2989.828,0.8675288604270155,29,1.551981762888213
B0034,169,1.344989807277774,4.182056202732491,2.062626550286472,3.3867620663269333,0.0009511836818361,-4.031049977481575,-1.7612926148605923,58.64476637032693,25.2038212754756,40.23284401135697,2989.391,0.8666273273564565,28,1.551981762888213
B0034,170,1.3158760805047784,4.185552990507065,2.076505393409293,3.3856540718379167,-0.0004212297346912,-4.031503094164638,-1.7587841210720874,58.05107392892897,24.090800554767387,39.47675997912519,2967.2810000000027,0.8478682623537754,27,1.551981762888213
B0034,171,1.2972766889740088,4.185152280694706,1.9787021969242389,3.380989577809656,0.0003042600688147,-4.030548710192742,-1.7582529402290834,58.291445432401005,23.686728239155272,39.32483875925542,2962.609,0.8358839775022857,26,1.551981762888213
B0034,172,1.2851255211005648,4.178887193827684,2.0077745341235347,3.381603206447632,0.0018527847988831,-4.030657074815704,-1.7466107935226565,58.02893221948005,23.36039105497894,39.06556270503843,2957.016,0.8280545247574088,25,1.551981762888213
B0034,173,1.3190209156530253,4.18021178705338,1.984631695912844,3.382650731485884,-0.0006307259244115,-4.032180179891317,-1.758399711843396,58.80693345869639,24.721890051754144,40.25366972386004,2973.281,0.8498945974715247,24,1.551981762888213
B0034,174,1.3410097849290994,4.185160711724249,2.120505374633019,3.3872757037197703,0.0008213886992541,-4.030907491504972,-1.76779626471083,58.770145898372334,25.33473748420509,40.60644361981523,2968.016,0.8640628498323987,23,1.551981762888213
B0034,175,1.326126983882746,4.179746730828125,2.082697161198142,3.3863391572789534,4.448411826823029e-06,-4.031263715522782,-1.7560445058115577,58.49257429310864,24.986634278526385,40.11087407785343,2959.281,0.854473303484472,22,1.551981762888213
B0034,176,1.3091442679990724,4.185599509953072,1.9993127386412168,3.3808981042387045,0.0002461556123676,-4.031557050834733,-1.7648997839310985,58.33204656703581,24.07455734981176,39.61213844688629,2942.797000000006,0.8435307033265493,21,1.551981762888213
B0034,177,1.363001289617145,4.169799130983922,2.016671623451248,3.374995921079025,-0.0016669420690973,-4.031997801811629,-1.7884175858149567,59.3603280691461,25.549931315958624,40.95422192099372,2978.89,0.8782328002879503,20,1.551981762888213
B0034,178,1.329285701687194,4.180217693900072,2.1864172793825265,3.385047602248052,-0.0015896817703753,-4.031055760751357,-1.7651175661948966,57.712318998766975,23.91355659365435,39.368332915328914,2948.891,0.8565085837177717,19,1.551981762888213
B0034,179,1.2969085930621855,4.179741845595007,2.166880233541012,3.385789471179037,-0.0017403656231145,-4.031015029033163,-1.7533361843271522,57.633102922228126,23.65071423499487,39.15337098937444,2938.547,0.8356467995143574,18,1.551981762888213
B0034,180,1.2986285924941396,4.181172769902619,2.073777619248528,3.380809465968222,-0.0003398965407408,-4.031067192634773,-1.7623544327636462,57.87686984231968,23.552587136457177,39.24398503314861,2925.484,0.8367550595938786,17,1.551981762888213
B0034,181,1.2840657611821942,4.179417995861986,2.1762844479074928,3.385818012946154,0.0013676027285972,-4.03051089021253,-1.7501681024171156,57.47417762924851,23.5135610948924,39.03574242025546,2917.297,0.827371681734564,16,1.551981762888213
B0034,182,1.3021015914136362,4.192681708507562,2.178495224886361,3.3852891991053005,0.0010157279401352,-4.031529673129687,-1.7716218211716075,57.69186868894567,23.712232797870413,39.36260041780968,2918.938,0.8389928429251939,15,1.551981762888213
B0034,183,1.3089076351731337,4.1874346087886645,2.003802772888259,3.375861800258899,-0.0007594908005194,-4.031358409625566,-1.780846752486292,58.2351265327566,23.502096175144807,39.45158799429391,2918.25,0.8433782319305593,14,1.551981762888213
B0034,184,1.2722519696513912,4.179967885403278,1.978757159009704,3.376645798254285,-6.493150394815281e-05,-4.030358918119561,-1.759346907121942,58.159040648414255,23.488992556072905,39.280231448753895,2915.4839999999967,0.8197596132081802,13,1.551981762888213
B0034,185,1.276011534360331,4.180528142405268,2.137223761530643,3.383954937211064,0.0007250912623261,-4.031297723634209,-1.747503198768216,57.66508009332591,23.45701039792058,39.093994194844335,2906.015,0.8221820416147766,12,1.551981762888213
B0034,186,1.2605053003103004,4.179166028461803,2.026812719380422,3.378072965642498,0.0007221596857929,-4.030974316014234,-1.7569231795305054,57.950977227160536,23.391621160517428,39.19231540051725,2894.14,0.8121907940235846,11,1.551981762888213
B0034,187,1.2660681251347117,4.18010360467577,2.1955750105431733,3.386411304876093,0.0010262867658515,-4.031011123253645,-1.744613516148423,57.50629199129354,23.54834819824031,39.05035096355298,2892.031,0.8157751304877315,10,1.551981762888213
B0034,188,1.265829016865281,4.177719373483749,2.198015566541252,3.3853753800263027,0.0009427282285409,-4.0313116805798215,-1.7445998152904736,57.45114086897508,23.343690136372405,38.99238106302636,2888.719,0.8156210640707489,9,1.551981762888213
B0034,189,1.2655873898206993,4.180691683259775,2.174156473878748,3.3831949117830207,1.677159198194939e-05,-4.030793702940819,-1.7538809660262522,57.51486337636169,23.29290349706347,39.013996139611024,2875.641,0.8154653747125621,8,1.551981762888213
B0034,190,1.2663598323027554,4.184107730812699,1.959703796663527,3.3703776888462564,0.00122794919761,-4.030759976825486,-1.7847975615409868,58.24937682662199,23.33829372111869,39.39352264576831,2860.7810000000027,0.8159630883458837,7,1.551981762888213
B0034,191,1.2868479432728903,4.19339113872627,2.0588486889378887,3.37385872825505,0.0009202299184524,-4.030879107970756,-1.795215000770536,57.97580626211991,23.283013385861324,39.40321172109691,2852.844,0.8291643458993274,6,1.551981762888213
B0034,192,1.270026164613209,4.184650326377129,2.147269943612274,3.3788676910292508,0.0013121603439115,-4.030910228339476,-1.7732811378527673,57.6936935982226,23.33153677192807,39.209002406361016,2854.64,0.8183254436248727,5,1.551981762888213
B0034,193,1.34598253292492,4.179142866728917,2.046243465893371,3.3775187954558987,-0.0014355308035773,-4.031161376886709,-1.7981891817251408,59.714275603056464,26.511755128565657,41.7029996329405,2897.844,0.8672669776866889,4,1.551981762888213
B0034,194,1.3286875315413778,4.183823497630528,2.015214032916916,3.3764102425962137,9.23736436573037e-06,-4.031304782841973,-1.7979821246857843,59.59622829096066,26.12189208281959,41.54042703429465,2896.063,0.8561231602803835,3,1.551981762888213
B0034,195,1.31203071983408,4.183386852109095,2.022057967188541,3.374457339617825,-0.0015289764213798,-4.031456327316925,-1.795586068723611,58.94389183765572,25.0758275583086,40.70765268927143,2866.234,0.8453905523943863,2,1.551981762888213
B0034,196,1.295125492961198,4.193391153250369,1.9943823501630709,3.369493571122545,-0.0019108158552334,-4.031480010018408,-1.815444212082474,58.684673836382025,24.09832956344647,40.21142863220933,2836.609,0.8344978813095009,1,1.551981762888213
B0034,197,1.2802601605963335,4.182734512107648,1.961659201159055,3.367176389426344,0.0012449192634425,-4.030531863908069,-1.8021484216322965,58.63989407541342,23.936615230134,40.0046687891377,2829.516,0.8249195906875799,0,1.551981762888213
B0036,1,1.001982588175331,3.848136609578083,2.692363558999662,3.3100621558905616,-0.0021557335495844,-2.0038601695058262,-1.9773749348609408,25.25510878948548,23.91297719702689,24.892073733003087,1819.406,0.5600385996125435,196,1.789131300714882
B0036,2,1.8011007566288924,4.176656530010924,2.685636595881031,3.4631992414146664,-0.0014904376706625,-2.00280826348544,-1.985644566395396,26.547068220384585,24.871232330891456,25.959062630105592,3260.531,1.0066900936276884,195,1.789131300714882
B0036,3,1.8044229856020628,4.183288040976774,2.662489466857697,3.469957616335228,0.0048115658921882,-2.004317840985689,-1.9861546605764795,26.495839445842005,24.538499428336,25.802571879383937,3265.75,1.0085469886313378,194,1.789131300714882
B0036,4,1.804388833772829,4.184161485400415,2.6573808763123017,3.4705857000702847,0.0010493128090912,-2.006820885715504,-1.987051011427963,26.383869073507284,24.215023797122345,25.60229945293067,3264.109,1.00852790013335,193,1.789131300714882
B0036,5,1.7989248871784247,4.18413822475754,2.663543957344219,3.4698672359538234,0.001041145580557,-2.009500231963076,-1.9874522127800511,26.03851372178769,24.005347474868884,25.340807182068417,3253.531,1.0054739338916208,192,1.789131300714882
B0036,6,1.792996521672392,4.184490871998835,2.6678994227263173,3.463667726287471,-0.0017522780694575,-2.010118970470753,-1.9875372326723808,25.52893924273116,23.75001010674364,25.066700521969093,3242.578,1.0021603897690268,191,1.789131300714882
B0036,7,1.7885507985621891,4.18002707662199,2.6568692251182435,3.462675648195213,-0.0039807052186177,-2.010514808331086,-1.9873918540732367,25.434898613415253,23.784786109809392,24.87901399238054,3234.625,0.99967553965857,190,1.789131300714882
B0036,8,1.7890856930727703,4.184814968147981,2.682881821919537,3.466538555244563,-0.0036168914571835,-2.0087014787729163,-1.987498665939276,25.49992828339642,23.78662493765738,24.96217883459453,3235.36,0.9999745084991284,189,1.789131300714882
B0036,9,1.7893137312833287,4.184936056128164,2.643495320901669,3.465990459572376,-0.0065078565398521,-2.0083926934667744,-1.9873121102019284,25.538807420659257,23.8496017472102,24.97176766201835,3236.125,1.0001019660034869,188,1.789131300714882
B0036,10,1.7860759459480868,4.185159966585472,2.652914601502536,3.466849428071611,-0.0044622590452139,-2.0080365229044976,-1.9871920484366128,25.42021899627584,23.786532133081383,24.904899107239256,3230.25,0.9982922691221296,187,1.789131300714882
B0036,11,1.7836324249650817,4.185259470361049,2.664007043795248,3.467879751690846,-0.0036112981424873,-2.01068659468518,-1.986994298783672,25.3761734466722,23.69216396775264,24.82894570331574,3226.078,0.9969265107890052,186,1.789131300714882
B0036,12,1.782972873807272,4.180678430986266,2.652869862545629,3.4680189335962623,-0.0016420511811444,-2.008652299030336,-1.9872186588415872,25.60916730388725,23.99601046516096,25.10525347823647,3224.5,0.9965578675499394,185,1.789131300714882
B0036,13,1.7813775963259668,4.185452668161143,2.668361985066912,3.470195201959518,-0.0047199890552655,-2.0085875375423945,-1.986822691116423,25.488141454729305,23.89737560676488,24.95115480952997,3222.188,0.9956662183564632,184,1.789131300714882
B0036,14,1.7785359545932946,4.185644073979811,2.6856316852084854,3.471307979909313,-0.0047794471827175,-2.007649933368399,-1.9870379004309504,25.39250622395775,23.79897282368755,24.904434158959223,3216.546000000002,0.9940779382053436,183,1.789131300714882
B0036,15,1.7759043090943398,4.1855690457286165,2.683085255855837,3.4716713367418284,-0.005399955268143,-2.008607853673341,-1.9869312681166185,25.45190297763985,23.80605296345269,24.88717044444944,3211.859,0.9926070313479748,182,1.789131300714882
B0036,16,1.7780426649905914,4.185513751822039,2.682117615527785,3.474226898019182,-0.001618876386249,-2.0086196509255365,-1.986804032971213,26.00580839279124,24.386810794306925,25.527212929862493,3215.859,0.993802223615528,181,1.789131300714882
B0036,17,1.7830029333591657,4.18175155698921,2.659668132739057,3.4759464645675298,-0.0041009719323332,-2.0076953086780285,-1.9866252110882103,26.845307972510515,25.365330747425137,26.409994049975936,3225.125,0.9965746687494276,180,1.789131300714882
B0036,18,1.7883000424613875,4.18601707914653,2.6726649868851067,3.4817927176696424,-0.0035166108245872,-2.008081368217133,-1.986809242917904,27.81505202908745,26.03181712440799,27.24956363748299,3234.343,0.9995353844331256,179,1.789131300714882
B0036,19,1.779294712578026,4.185429868468947,2.650694350880205,3.4752876993515778,-0.0058559600044479,-2.008162082198497,-1.9866026335678093,26.20275128566912,24.900330198963143,25.79213906476866,3218.25,0.9945020311628748,178,1.789131300714882
B0036,20,1.7709235500451854,4.183946382168659,2.6668651734647586,3.47360641557491,-0.0060972582175709,-2.0075377155882173,-1.986324437708088,25.704404765618435,24.317997749356834,25.237865068781456,3203.5,0.9898231333483344,177,1.789131300714882
B0036,21,1.7659050180801104,4.184483195811819,2.699376305602087,3.474225056890293,-0.005047995363321,-2.00834385013558,-1.9862809909576005,25.46083879423276,23.95825314852513,24.99097283085835,3194.39,0.9870181229150196,176,1.789131300714882
B0036,22,1.7826929241469245,4.166505229896513,2.627373237504619,3.476093760887936,-0.0056781123344003,-2.0057770721024144,-1.9858147027956168,37.62543555779899,25.98116570641668,32.801252523370806,3225.219,0.9964013951545172,175,1.789131300714882
B0036,23,1.7964662072920203,4.181691190398081,2.6486517814110364,3.478693083596387,-0.0067396375453893,-2.004156260870839,-1.9840774818957672,36.14360152332376,24.91553718736853,31.56958368042232,3252.985,1.0040997027854843,174,1.789131300714882
B0036,24,1.7909083533422898,4.184954917937507,2.6240374089622858,3.475053597106604,-0.000910117273234,-2.0004115908491005,-1.9825278870850225,35.625609247013934,24.10403521801464,30.90999308530252,3245.25,1.0009932488614437,173,1.789131300714882
B0036,25,1.78518002808874,4.186460975475055,2.626618792448541,3.473958373265381,-0.0008404572387634,-2.0072075263014764,-1.982424743717115,35.57170100720283,23.899334199769086,30.76520980990786,3235.031,0.9977915133313228,172,1.789131300714882
B0036,26,1.7811343176546524,4.186163586614144,2.6336670386490053,3.473907031933396,-0.0027244276470207,-2.0011835530290827,-1.9820980837755804,35.70160875626844,23.939509531112268,30.82787135623777,3228.141,0.9955302424942014,171,1.789131300714882
B0036,27,1.7755577789223569,4.186271381082588,2.663548100827095,3.4760652075601257,0.000197081420739,-1.9997810779112133,-1.9821566894712763,35.94641088579465,24.135279436191613,31.04477819361822,3217.875,0.9924133450758468,170,1.789131300714882
B0036,28,1.776885870616115,4.182325498451744,2.645759955186599,3.476269658668885,-0.0018657644893758,-2.001353888897329,-1.982140773642328,36.334410213773005,24.66851129856288,31.495558048290054,3220.219,0.9931556559913328,169,1.789131300714882
B0036,29,1.7713083410378214,4.185344353963488,2.682232775431839,3.4773296157781552,0.0003035352857562,-2.002938928489475,-1.9819851541329787,35.97981353599547,24.48086368805618,31.22858520243483,3210.234,0.9900382047589582,168,1.789131300714882
B0036,30,1.7713348840874137,4.186613141003604,2.636976729427503,3.474183420151812,-0.0010680230127308,-2.0014781325623847,-1.981820086973132,35.59540889841283,23.99013246453752,30.77808307184711,3210.546,0.9900530404781598,167,1.789131300714882
B0036,31,1.766084286640505,4.185053437368516,2.625473231549502,3.4723504122251145,-0.0043481610713857,-2.0000787195640046,-1.9817861525113647,35.45428075393079,23.68833522844092,30.558421734854203,3200.969,0.9871183215758575,166,1.789131300714882
B0036,32,1.7592793663412327,4.184793481944206,2.6876812013759497,3.4751627339527484,-0.0020521382665166,-1.9998831268277344,-1.981725294195708,35.64366066127881,23.84698767974936,30.72558468538039,3188.625,0.9833148442701096,165,1.789131300714882
B0036,33,1.7610368813762425,4.182513698980909,2.68500337747393,3.476326267904414,-0.0014919923607548,-2.000169457336012,-1.9817660120442024,36.101132129359335,24.35424355585658,31.23295964013785,3191.735,0.9842971729758382,164,1.789131300714882
B0036,34,1.760242767365706,4.185287638546102,2.6519664988321767,3.475057563311369,-0.0007792749665022,-2.00085802240166,-1.9816902385826145,35.918627450147724,24.284029986491724,31.072817634800376,3190.313,0.9838533184581628,163,1.789131300714882
B0036,35,1.7555899416034395,4.1849685069062055,2.6336440877825646,3.4727432532131424,-0.0024844181487435,-2.001185036651928,-1.981485223109768,35.53291026153138,23.8251596372819,30.6408857593701,3182.156,0.9812527123649112,162,1.789131300714882
B0036,36,1.7545602176655593,4.186322425483099,2.627746605322606,3.472459772164966,0.0008784309957855,-2.0031177298192384,-1.98155009393224,35.58661163053266,23.73510248476304,30.615000516436165,3180.156,0.9806771682796512,161,1.789131300714882
B0036,37,1.7499108336094895,4.184832493551693,2.635679662070204,3.4727100432360887,-0.0026708746645632,-2.00104997373674,-1.9813008900975515,35.60387176093939,23.74110080497865,30.62198587167864,3171.953,0.9780784858608638,160,1.789131300714882
B0036,38,1.7610225525303758,4.182846104868844,2.6450931525551966,3.4792060334218475,-0.0002240802861137,-1.9993340625649576,-1.9813367014782528,37.150900989394586,25.41189377127626,32.233363947568954,3192.172,0.9842891641472736,159,1.789131300714882
B0036,39,1.7624094574337117,4.185109686462477,2.6704116794436663,3.483370799287766,-0.0029864506743152,-2.000008736535748,-1.9812253431229576,37.80882382148786,26.16261893951937,32.95844838713035,3194.735,0.9850643475576706,158,1.789131300714882
B0036,40,1.7536170397120676,4.184971879756314,2.6837393111584085,3.481411230676488,-0.0002557494380831,-1.999145364864924,-1.9811725960467887,36.91705917872692,25.993641606583484,32.33796562819801,3178.75,0.98014999738218,157,1.789131300714882
B0036,41,1.746204477519168,4.184935582810448,2.654784886935533,3.4750001030504976,-0.0005059656371537,-2.0009460733693505,-1.981126497626356,36.08766208839117,24.46990910977973,31.201004004004968,3165.359,0.9760068905068278,156,1.789131300714882
B0036,42,1.7406176172769725,4.184405459993748,2.650821200008131,3.4729861560107773,0.001119287087026,-2.000441618004775,-1.981010008821274,35.833124475553674,24.017669040862195,30.844212128034435,3155.25,0.9728842240820867,155,1.789131300714882
B0036,43,1.750690404425682,4.173893175797129,2.676194561155316,3.4793522768123,-0.0001276888620584,-1.9997650450659448,-1.9808915610510245,37.01706025174733,25.40809541953553,32.19294879984907,3173.766,0.9785142117440792,154,1.789131300714882
B0036,44,1.765112055153915,4.18216296627966,2.679442027657799,3.486359894946784,-0.0012834905345373,-2.00201926010616,-1.9811169585618569,37.72356956982813,26.397551344426933,33.06146735060497,3199.485,0.986574911773457,153,1.789131300714882
B0036,45,1.763188826756488,4.185045339068736,2.656640378340114,3.483386467433144,-0.0027788900754442,-2.001610275127748,-1.9811266494742923,36.98324646085538,25.848956125552924,32.35366819628823,3196.015,0.985499960820076,152,1.789131300714882
B0036,46,1.985492952897096,4.290021871695731,2.697143455219266,3.521360251690921,-0.00454230353492,-2.002785284914044,-1.9836817212075872,39.35953919640877,27.55943104455396,34.70040609904863,3595.281,1.1097525106758537,151,1.789131300714882
B0036,47,1.765355730813324,4.182247008545814,2.661271238713629,3.481761447167762,-0.0038952925483865,-2.002300585252637,-1.9822350506501856,37.02707505372143,25.88469734380239,32.421923396380706,3198.0,0.9867111095244616,150,1.789131300714882
B0036,48,1.7571880383127276,4.184685800633224,2.6908838763824483,3.4797578588851743,-0.0025851565313182,-2.001465969186636,-1.9820268271645949,36.34456840908186,24.90505136004141,31.609192155405943,3183.516,0.9821459373108108,149,1.789131300714882
B0036,49,1.7573770661844437,4.184560765856749,2.6365640724626367,3.4759650916373124,-0.0031563091467514,-2.001496102641748,-1.9820222805220724,36.1535770040422,24.558403453621903,31.31596403602263,3183.797,0.9822515907481189,148,1.789131300714882
B0036,50,1.7617376127979814,4.186186804679722,2.6235919177171154,3.4781154314639453,-0.0001064424632339,-2.0024012820224604,-1.982100802215032,37.00649086775502,25.078566873029445,31.9985882653494,3191.516,0.9846888331192044,147,1.789131300714882
B0036,51,1.7606892547636663,4.184681735978706,2.66145718134933,3.483051428470332,-0.0024367835461289,-2.002520901659237,-1.981813383736276,37.85686718856992,26.22323533635798,32.98892411466723,3189.985,0.9841028738696532,146,1.789131300714882
B0036,52,1.760669562156983,4.182356069295079,2.640601067759597,3.480917325023753,-0.0033660552902839,-2.001235039662058,-1.9819214923373465,37.45005504798,26.454390087547,32.83558656237567,3189.734,0.9840918670717312,145,1.789131300714882
B0036,53,1.752963802649152,4.1845961576838935,2.6732282064652693,3.478940078791892,-0.0037185791689478,-2.0006531469147206,-1.981676320977873,36.77795934417618,25.272284146546227,31.97863874379167,3176.016,0.9797848832831452,144,1.789131300714882
B0036,54,1.750535708024147,4.184643118766144,2.668754575341305,3.4777534118948465,-0.0015116373381807,-2.0032893275629737,-1.9818237973110904,36.644215074090106,25.01160769069484,31.7958885352369,3171.36,0.9784277472115585,143,1.789131300714882
B0036,55,1.7500761995337284,4.184427133733743,2.658195971284472,3.476664780837021,-0.0057477979859649,-2.002146271467598,-1.9816263251080133,37.138598100953445,24.8990725500416,31.80464939918448,3170.843,0.9781709139147317,142,1.789131300714882
B0036,56,1.7465957802278385,4.184330747490862,2.684649370373972,3.4791247798630294,-0.0018781312203425,-2.002911547065684,-1.98151142532868,37.11821986816654,25.306975358284788,32.18425444090601,3164.672,0.9762256015139597,141,1.789131300714882
B0036,57,1.753614286788707,4.182320523596824,2.668665957651981,3.48183929896558,-0.0011481531699829,-2.000461299971232,-1.98146227926716,38.21028860245779,26.479829417070007,33.27019350164624,3177.453,0.9801484586894302,140,1.789131300714882
B0036,58,1.750725029920349,4.1847408536372885,2.6672344803975685,3.4813626313858914,-0.0016813145481529,-2.0031635045230707,-1.9813436819375347,37.5096400873081,26.534409792431426,32.91813190932092,3172.375,0.9785335649881108,139,1.789131300714882
B0036,59,1.743305349081011,4.184091920673459,2.627654590987336,3.473301690187071,8.695280144856796e-05,-2.0017017371036148,-1.981529747622425,36.38797733722857,24.761400322269875,31.48100878915281,3158.406,0.9743864792843544,138,1.789131300714882
B0036,60,1.733662505277619,4.184211671090554,2.6888969070187216,3.4736758521826694,-0.0033018660291645,-2.0016383842160304,-1.9810876831465265,36.0550831310012,24.30343547298514,31.12710039879232,3141.578,0.9689968000587216,137,1.789131300714882
B0036,61,1.7319207051538927,4.184175746614407,2.6648936078550007,3.4715154587275445,-0.0033073689308803,-2.001704970232084,-1.981234977739969,35.91912656959304,24.06443080280952,30.925481627228724,3138.187,0.9680232548957532,136,1.789131300714882
B0036,62,1.7428604522751463,4.181891771142459,2.652977190328466,3.476844269698795,-0.0048742914368897,-2.001207887684657,-1.981257059180996,37.598391918046985,25.5007081189472,32.53816915596416,3157.969,0.9741378129032524,135,1.789131300714882
B0036,63,1.743306971099712,4.184541597131144,2.69728379874788,3.4828021334350594,-0.0045212762054846,-2.0007340815697723,-1.980916655360661,38.473409883226125,26.63398425317728,33.5082870689835,3159.281,0.9743873858800302,134,1.789131300714882
B0036,64,1.738524506272696,4.1846109764992505,2.666438804228148,3.4787179923634985,-0.0026297144536298,-2.001098234478312,-1.981005969530253,37.37835847467748,26.302146120200465,32.72223824057796,3150.375,0.9717143205633008,133,1.789131300714882
B0036,65,1.7295622663746972,4.184012676032451,2.644225504233063,3.47116141622232,-0.0022415066029294,-2.002809251194904,-1.9809786114709511,36.32515383321495,24.5519901037265,31.339643544788583,3134.078,0.9667050515988498,132,1.789131300714882
B0036,66,1.7273036765742085,4.184121216441852,2.6270672485920983,3.469009856426531,-0.004911278653584,-2.002674380722973,-1.981059447271351,36.17136327433497,24.243039011774524,31.09122546658414,3129.797,0.9654426569386108,131,1.789131300714882
B0036,67,1.7449370491071912,4.17154857381778,2.681073460503821,3.4757008802735143,-0.0010534684502271,-2.0008253955001223,-1.98101776318219,36.94271187003511,24.99063146218997,32.074525923461515,3161.89,0.9752984861479804,130,1.789131300714882
B0036,68,1.7642432071133691,4.182622974222649,2.6173518629094725,3.4820950413929173,-0.0034921534069396,-2.00150652363236,-1.9810749842802888,37.96104323229247,26.334527256392604,33.167208512161885,3196.859,0.9860892861292136,129,1.789131300714882
B0036,69,1.7504882032049596,4.184454856344911,2.6882522902609858,3.480244357608362,-0.0024508433424748,-2.002256958212359,-1.9809975649315257,36.73214755581345,25.62527092014997,32.14047774193924,3171.906,0.9784011953206108,128,1.789131300714882
B0036,70,1.7442710815479925,4.184476537283623,2.639398647353621,3.473582906957752,-0.0023801341397132,-2.001756985222924,-1.9807582643680768,36.08238955313576,24.49741942756075,31.245399132402053,3160.842999999993,0.974926256586666,127,1.789131300714882
B0036,71,1.7365413923373951,4.184024889589791,2.6623791019309224,3.4722242034096427,-0.0025909202303662,-2.0013369678430784,-1.980528240608172,35.84834420893077,24.10678905352516,30.941808328244683,3147.141,0.9706058977580496,126,1.789131300714882
B0036,72,1.733223093105756,4.184261427009467,2.6561014633579925,3.470077493790648,-0.0040213618256525,-2.0049715818869926,-1.9804746484714413,35.70394071930231,23.84585647748256,30.729579296950984,3141.203,0.9687511992066838,125,1.789131300714882
B0036,73,1.73860622908762,4.182041097453936,2.6878503046332485,3.4765508294649767,-0.0028814269596924,-2.0012836292683827,-1.98039190119071,37.23120350609712,25.23465822627832,32.241219078736684,3151.047,0.9717599979347108,124,1.789131300714882
B0036,74,1.7432134953746192,4.183342596486669,2.606635521236163,3.478023823464381,-0.0002493425725089,-2.0018795801112828,-1.980509113557296,38.21827936701842,26.407899480785915,33.273484981762124,3159.172,0.9743351394490078,123,1.789131300714882
B0036,75,1.7332698214832971,4.184140679167282,2.684954312438798,3.474897805691004,-0.0004622856587363,-2.0029462861761083,-1.980502519343172,36.626274908995,25.18414995184089,31.82186022608825,3141.047,0.9687773171207366,122,1.789131300714882
B0036,76,1.7298906291663272,4.184248094436303,2.62963250026716,3.468132135397358,-0.0019607522641065,-2.000410764991185,-1.9804477654001484,36.01597323994527,24.067371525766912,30.95348529915088,3135.0310000000027,0.9668885835685262,121,1.789131300714882
B0036,77,1.7204403348841348,4.183757537025025,2.676552998785705,3.4677152773874327,-0.0006791444227451,-2.0017891626777025,-1.9802957447258616,35.64214686208444,23.719534460860785,30.594113322213,3117.984,0.9616065261374052,120,1.789131300714882
B0036,78,1.724420729012913,4.18290280302208,2.62514939238803,3.464870080840597,0.0007794104654733,-2.002006842786516,-1.980207910561322,35.82141559167005,23.55001276848148,30.621050708667628,3125.328,0.9638312897012576,119,1.789131300714882
B0036,79,1.7214872814061166,4.183818903348512,2.628502877540015,3.465854361802758,-0.0018689242947708,-2.002435123952101,-1.98008330523316,35.84687241575459,23.802368517349294,30.73760557478901,3120.172,0.9621916964497034,118,1.789131300714882
B0036,80,1.7197448773569262,4.183839437859511,2.619866867748,3.463489697714707,-0.0034961969893167,-2.000876302512133,-1.980268967910438,35.6948403215532,23.415512262900588,30.475687104433288,3116.641,0.9612178137343912,117,1.789131300714882
B0036,81,1.7164304142145894,4.183940441185628,2.6612878285284127,3.4657104202129614,-0.0020282970988756,-2.001371004807907,-1.980057929657538,35.819676472043525,23.64601820888219,30.665478038053948,3110.844,0.9593652592902244,116,1.789131300714882
B0036,82,1.711202925329962,4.184066892064025,2.6699917743429817,3.4645909946616262,-0.0034411191506008,-2.0017748549858165,-1.9800230190313004,35.629734084261784,23.507407936426883,30.48169086494209,3101.406,0.9564434564675148,115,1.789131300714882
B0036,83,1.7102343231599222,4.181908017913433,2.6688661295694205,3.4629772764216105,-0.0028923461324505,-2.0016093124428225,-1.980014000735708,35.66196676336087,23.4688262073781,30.501790386236014,3099.563,0.9559020752007218,114,1.789131300714882
B0036,84,1.713096882151029,4.1838810012271175,2.6222751020303923,3.4616288821771044,-0.0040076930978587,-2.000651458121082,-1.980072672691808,35.75183992747387,23.435517106060782,30.48295279202987,3104.64,0.9575020466449432,113,1.789131300714882
B0036,85,1.7103708617208135,4.183938680731157,2.643376209522438,3.4628964155593924,-0.003629720342359,-2.001660451447316,-1.9799210298032588,35.77783462667514,23.660746588520688,30.59200258167193,3099.875,0.9559783907628254,112,1.789131300714882
B0036,86,1.7064617296121434,4.183997413375148,2.6362266436030413,3.4611295820153054,-0.0006243787020377,-2.0021616961773727,-1.979644970256497,35.713721223369035,23.341986399299063,30.42456904927656,3093.25,0.9537934577134132,111,1.789131300714882
B0036,87,1.7029429979110946,4.183680554471844,2.6753943315026825,3.4632231738970973,-0.0023388287273444,-2.003300958949492,-1.9797208473969017,35.725860691702124,23.54622898059731,30.570652220376168,3086.688,0.9518267313475824,110,1.789131300714882
B0036,88,1.7072612643840062,4.182869408506432,2.626280067476453,3.4594353969848526,-0.0021733468925487,-2.000588867008761,-1.9798193556242385,35.768527567848494,23.334482034397343,30.460459721443804,3094.281,0.9542403420597678,109,1.789131300714882
B0036,89,1.7038637196766078,4.18373987583806,2.6699754309728454,3.461932376251164,-0.0009222301194144,-2.0009417894069323,-1.979670824336116,35.84926876193408,23.46007919041173,30.547691944309644,3088.328,0.9523413507973372,108,1.789131300714882
B0036,90,1.7079617948422274,4.183750461912779,2.6485692977117936,3.4640211108291785,-0.0047761334836207,-2.0016782403661075,-1.979698634175692,36.56783936040424,24.024871409762568,31.189572257243857,3095.687,0.9546318898785005,107,1.789131300714882
B0036,91,1.711302283362779,4.183786894340978,2.652784779103966,3.4674082899150327,-0.0024605619526676,-2.000349526256562,-1.9795447080949824,37.22026804863562,24.80543230121374,31.8980817857202,3102.062,0.956498990699562,106,1.789131300714882
B0036,92,1.714122057472244,4.183945554245884,2.61112320884266,3.467669094088933,-0.0030759705658622,-2.000050219919945,-1.9794620575291968,37.24354714231705,25.65915220022702,32.32306890954346,3107.141,0.95807504836975,105,1.789131300714882
B0036,93,1.7053324925701605,4.182910559206333,2.6171931724123265,3.4590063160949422,-0.0007540310103105,-2.002235017468337,-1.979668515306621,36.101954503621805,23.84060461795071,30.83436798904695,3090.719,0.9531622927220388,104,1.789131300714882
B0036,94,1.6934609472531408,4.183616020558508,2.6630699292303373,3.4580229191527696,-0.0032963368283269,-2.0029223930258224,-1.9792552718561545,35.590895284221084,23.221692679840743,30.287043848864634,3069.812,0.9465269243104102,103,1.789131300714882
B0036,95,1.6905244127230223,4.1835063699815285,2.659720848238619,3.4563349020618155,-0.0027089901018091,-2.001361539543119,-1.9792443099751136,35.41708929698686,22.97359506516038,30.07200041452377,3064.437,0.9448856056833508,102,1.789131300714882
B0036,96,1.7007774858498304,4.1862295732164165,2.6273527452578365,3.460450149170936,-0.005557317484979,-2.0008765508581288,-1.9791194191351384,36.54228598490352,23.74244827227352,31.093661069729663,3083.25,0.9506163606719372,101,1.789131300714882
B0036,97,1.6971104467944576,4.183727110735532,2.679397409659904,3.463960681885895,-0.0045419022944025,-2.00062745119498,-1.9791613878366447,37.06815080209899,24.28894167306704,31.607623511235108,3076.484,0.9485667408067504,100,1.789131300714882
B0036,98,1.6997924522951835,4.182211079560967,2.6638409912727004,3.463067414256741,-0.0030068529543121,-2.002252540622426,-1.979091763193608,36.82684422999281,24.805322638103345,31.68782676208534,3081.297,0.950065795403612,99,1.789131300714882
B0036,99,1.691270477395412,4.183505107711148,2.638750759665419,3.456673276206162,-0.0042730279709984,-2.002183949867592,-1.97907668272778,35.92988720620677,23.657995953412048,30.64130472367544,3065.953,0.9453026039618402,98,1.789131300714882
B0036,100,1.6857127009469863,4.183301376056718,2.6521564133104056,3.455027058159508,-0.001943993446773,-2.001526634621741,-1.979038060944376,35.781290058222865,23.208814738328577,30.35775664232519,3055.828,0.94219619335564,97,1.789131300714882
B0036,101,1.6832093771286156,4.183248853903273,2.6736629264226712,3.456388317029322,-0.00199887680676,-2.0011249665699338,-1.9788327303856923,35.83938701624516,23.311978085092868,30.46760275047682,3051.468,0.9407970093955972,96,1.789131300714882
B0036,102,1.692886364169521,4.183494017304386,2.665966871855665,3.462072409842235,-0.0004738434346515,-2.0009993271431443,-1.9788745442826563,37.17156479403066,24.450687551804663,31.690335464880064,3069.0,0.9462057723170432,95,1.789131300714882
B0036,103,1.6984668174144633,4.181646831165721,2.6818321771597287,3.466006130026554,-0.0019848066777768,-2.0019187157474807,-1.9787981178503085,37.84191340591018,25.50907751971739,32.58002111430288,3079.235,0.949324857675794,94,1.789131300714882
B0036,104,1.6935813413828429,4.183467994187793,2.6354438765341697,3.4601239314707923,-0.0043213062592026,-2.0007727144601377,-1.9788051627908367,36.94021929474592,24.7925097645142,31.69291039725797,3070.344,0.9465942162579906,93,1.789131300714882
B0036,105,1.6830951253781283,4.1834014802387,2.633581331346773,3.453593464720813,-0.0033340496688171,-2.000751773750977,-1.978575532876541,35.979852438003704,23.5892157742052,30.608400390292736,3051.4839999999967,0.9407331506109224,92,1.789131300714882
B0036,106,1.6850462226942986,4.18648088216282,2.6164895194312585,3.451979519474444,-0.0027260749270207,-2.001600027914263,-1.9787606413982344,35.91143435448471,23.19246986040044,30.39965202271101,3054.812,0.9418236783521734,91,1.789131300714882
B0036,107,1.6803098840017598,4.18650094380192,2.662037646915503,3.454434064432584,-0.004967540283571,-2.002715175952081,-1.978525529830046,36.0224357923641,23.35262786120078,30.54731557479617,3046.532,0.9391763943374976,90,1.789131300714882
B0036,108,1.6944038437227715,4.182814594549196,2.670589438884728,3.4638257834252806,-0.0032333175700642,-2.0021347290579303,-1.9786658818521448,37.65075812929836,25.55119070794383,32.47851626978816,3071.782,0.9470539378779744,89,1.789131300714882
B0036,109,1.6955686127180103,4.183640043729965,2.668638829617292,3.466921993505528,-0.0019410976716811,-1.9999099102761289,-1.978303548943712,38.27191158762031,26.190517564703,33.085111849545555,3074.532,0.9477049627607058,88,1.789131300714882
B0036,110,1.6841854728350405,4.1835457131046185,2.6931351824491827,3.4626538753824714,-0.0009657742279999,-2.002549456337823,-1.9783071872539104,37.26845925037034,25.29793925465708,32.12056072268224,3053.656,0.9413425790282088,87,1.789131300714882
B0036,111,1.6722180144870118,4.183400261585032,2.6913462011853904,3.4554390863736857,-0.0031204605903022,-2.001711879687912,-1.978252788411394,36.23919416621716,23.88766002302783,30.90915966232928,3031.953,0.9346536019010148,86,1.789131300714882
B0036,112,1.6675976965747183,4.183219724741507,2.6988025346836504,3.453636642746737,-0.0038189754391683,-2.001654493324268,-1.9782840417249767,35.989930424393194,23.46091272019914,30.58649949351644,3023.5,0.9320711654356488,85,1.789131300714882
B0036,113,1.6781873787039017,4.182242945113323,2.6523436778902467,3.4530724754532334,-0.0017572444489996,-2.0002866611264074,-1.978213800283229,36.752805224654765,23.65385210161776,31.078305845971443,3042.703,0.937990061452365,84,1.789131300714882
B0036,114,2.444062432078656,4.519252349646744,2.691307184686052,3.626510481777051,-0.0029581275082323,-2.0022312748692235,-1.9837057741381123,38.49714613607372,26.964036538169903,33.98757612493629,4424.203,1.3660609655099567,83,1.789131300714882
B0036,115,1.6913403148932205,4.181498148571605,2.6565288043863395,3.466145279289297,-0.0001811796778301,-2.0014196256892336,-1.978144058461348,37.31224141481378,25.485015028975592,32.26010764297862,3066.766,0.9453416382673608,82,1.789131300714882
B0036,116,1.6802787096613283,4.183547797387942,2.680162151919943,3.4640146950069006,-0.0010211685513373,-2.001357263558416,-1.9784600594573567,36.59740421257035,24.536217553074003,31.42619925446257,3046.125,0.9391589700487272,81,1.789131300714882
B0036,117,1.673147301023026,4.183620162153654,2.686423419926791,3.462625925831448,-0.0024966397016684,-2.0017591814515625,-1.9781834973907693,36.44126696853565,24.30375532630907,31.20956154006514,3033.625,0.9351730084619768,80,1.789131300714882
B0036,118,1.6704292090032429,4.183446864929328,2.672431142055385,3.4609363258654184,-0.0005521842606962,-2.001103261123144,-1.97816336280146,36.32670051789851,24.149625651831865,31.0781102211744,3028.562,0.9336537840100336,79,1.789131300714882
B0036,119,1.6659903350115992,4.183128389159035,2.690675565426353,3.461644951143493,-0.0018083512991288,-2.0028682109184794,-1.977839029963216,36.29811998606583,24.11047746783248,31.053614094154145,3020.984,0.9311727620806368,78,1.789131300714882
B0036,120,1.664241575272447,4.180942847373935,2.697829479340451,3.46014320685645,-0.0039979272394485,-2.000358859987671,-1.9780641124929104,36.31566540517328,24.03644264099394,31.06053283354067,3017.391,0.930195326976543,77,1.789131300714882
B0036,121,1.6668450767774965,4.182939031295494,2.6506127411002423,3.4580980197093147,-0.0025025601664729,-2.0016029724530995,-1.9780348126637537,36.31712206468977,23.98215698310198,30.97728291917627,3022.14,0.9316505032981516,76,1.789131300714882
B0036,122,1.6594501560667536,4.183242834674278,2.690672074169337,3.459389982444422,-0.0006119110035916,-2.001572594962202,-1.977793145466696,36.228571111440864,23.93192130983737,30.93918723715448,3009.016,0.9275172567847249,75,1.789131300714882
B0036,123,1.662412523067319,4.183686841202558,2.62722492525996,3.455631406481116,-0.0015244830444558,-2.0029223519412267,-1.9775654046883249,36.35810336081934,23.916275195556413,30.926289651305336,3014.672,0.9291730139666496,74,1.789131300714882
B0036,124,1.66035260832257,4.183358354217051,2.6243035932050947,3.4549175745634897,-0.0029032140060993,-2.0012842672903166,-1.9777096278151205,36.29901438256062,23.85422362012047,30.86305492747556,3010.703,0.9280216648488258,73,1.789131300714882
B0036,125,1.6610231379633236,4.182728484057378,2.6669662761212,3.4567232383364708,-0.0014710310351002,-2.001199210852871,-1.977833418220376,36.42868217427085,23.96717086274464,31.038017243387284,3011.75,0.9283964442965308,72,1.789131300714882
B0036,126,1.6575187557321611,4.183421219857983,2.657342749492438,3.4566056806279244,-0.0030488089250544,-2.002800542011826,-1.977513435934886,36.39664144336581,24.03491351977783,31.04050751190746,3005.734,0.9264377382866577,71,1.789131300714882
B0036,127,1.6507877959674548,4.183196106021016,2.6914302974482167,3.457263997632369,-0.0008001800237581,-2.000941324904744,-1.9773123626836613,36.31743524658528,23.933794489972804,30.957302786226403,2993.75,0.9226755997773056,70,1.789131300714882
B0036,128,1.653257006211014,4.183209699462281,2.641029666264374,3.4540018182289085,-0.003019727840678,-2.000552819210372,-1.9773999985000368,36.40596657880105,23.88250032193216,30.945276932009087,2998.125,0.9240557166209228,69,1.789131300714882
B0036,129,1.6494214846772686,4.183138406019062,2.6663067674348446,3.454729708764956,-0.0018854037312985,-2.0053749047084093,-1.9775454272489617,36.28093983069052,23.848900090304696,30.888914324823496,2990.859,0.9219119267647994,68,1.789131300714882
B0036,130,1.6678591915666705,4.182486390609512,2.652024511951085,3.4602322781016106,-0.0020680080163753,-2.001066605318924,-1.977556174123632,37.95295717388789,25.077183710470603,32.321489418619095,3024.453,0.9322173229545788,67,1.789131300714882
B0036,131,1.670862764324967,4.183464386226038,2.650846498933422,3.4653467037084007,-0.0023996198522401,-2.002186569861677,-1.9769835735935624,38.41829396059596,26.42733491449977,33.23510488083581,3030.765,0.9338961112900666,66,1.789131300714882
B0036,132,1.6658118164053368,4.1834582213062665,2.636443131108017,3.461296122749012,-0.0043835369334266,-2.0017749202505266,-1.9774113966642075,37.82488704281872,25.91192188569918,32.67238408946712,3020.813,0.9310729825920152,65,1.789131300714882
B0036,133,1.6532998517617,4.183218486473692,2.6573768263158466,3.4568319834213184,-0.002298803142105,-2.000716988237041,-1.97731996096966,36.92206046060923,24.73120133685052,31.627875999689845,2998.156,0.924079664304734,64,1.789131300714882
B0036,134,1.6468787023528522,4.183226539078387,2.661750337550587,3.454274871932744,-0.0013303278426566,-2.001325557175692,-1.977107322001012,36.61884081007243,24.18334864460208,31.23409274500793,2986.766,0.9204906882434006,63,1.789131300714882
B0036,135,1.6718953249703756,4.174285560234163,2.676647507144037,3.459039144301172,-0.0019620289252411,-2.001284732598154,-1.9761775564887945,37.26760229905419,24.797361685163395,31.95070753872921,3032.328,0.9344732408976008,62,1.789131300714882
B0036,136,1.6807743463585727,4.181276067644604,2.683234032060573,3.466556169993412,-0.0015259772825198,-2.008795403935178,-1.977538265237745,38.25722659181597,25.87778521308508,32.94223311807837,3047.703,0.9394359965011996,61,1.789131300714882
B0036,137,1.6737717086703074,4.18302191595724,2.622356052772389,3.4591810827626084,-0.0028642591518349,-2.0031957722825595,-1.977527154273711,37.22999793294153,25.11699860570447,31.94185255567136,3034.968,0.9355220089221622,60,1.789131300714882
B0036,138,1.6605773762487392,4.183316981130492,2.6656468752025866,3.457787665529456,-0.0015053323805725,-2.002178261848821,-1.9769664559960936,36.750095375605376,24.51381023129178,31.44720711271493,3011.7339999999967,0.9281472944915912,59,1.789131300714882
B0036,139,1.655987781146086,4.183031434193402,2.6416903037262225,3.454417180570097,-0.0038429179715728,-2.0011693562380435,-1.9771854714072985,36.46133969406453,24.24149688736979,31.12482497372082,3002.922,0.925582029940678,58,1.789131300714882
B0036,140,1.646862318389844,4.182347238057592,2.6595878021770023,3.4527482715790674,-0.0030488079854527,-2.000533909313961,-1.9768884059107223,36.121581178683655,24.09094831485414,30.75545169222773,2986.718,0.920481530747245,57,1.789131300714882
B0036,141,1.6574621175432849,4.181133837276345,2.687257575540443,3.460599249296477,-0.0011704315649406,-2.0017889891565974,-1.9767960110088925,37.62901534109348,25.751254773128128,32.32491302674166,3006.203,0.9264060814770912,56,1.789131300714882
B0036,142,1.6603991175216894,4.18258237874211,2.6749338603361448,3.4634741461937795,-0.0010409585022826,-2.002031476486703,-1.9766590715947008,38.17206500603514,26.42231250462465,32.9527098749988,3011.609,0.9280476602573802,55,1.789131300714882
B0036,143,1.6460789092837111,4.182469644453435,2.6883490982654625,3.458931693641407,-0.0041704094001706,-2.00172153934365,-1.976344103596115,37.0744174656725,25.54974799891278,31.963338156822648,2985.953,0.9200436595268264,54,1.789131300714882
B0036,144,1.6408366462659327,4.182289875103196,2.6341133806914536,3.4515443093644445,-0.0023119550613622,-2.000574694144919,-1.976398819741924,36.55596040748888,24.61584576794527,31.19256089394869,2976.312999999994,0.9171135989909208,53,1.789131300714882
B0036,145,1.63444089202816,4.182381246517502,2.6535520046660226,3.451340191696518,-0.0035314589379686,-2.001491940619484,-1.976356012908432,36.35822055804636,24.26140709640571,31.01189616418059,2964.75,0.9135388170645092,52,1.789131300714882
B0036,146,1.6374039186504212,4.18080325573756,2.682065697865543,3.4541105051819967,-0.0015601440410522,-2.001201969879881,-1.9764726236625385,37.04815005782166,24.684444542047743,31.59342641124915,2969.953,0.9151949429290992,51,1.789131300714882
B0036,147,1.64738207540524,4.18244856617256,2.623022825320866,3.456542656900933,-0.002970810119388,-2.000826197482675,-1.976197129950984,37.78142773101782,25.81686632541692,32.451352345308976,2988.453,0.9207720387804946,50,1.789131300714882
B0036,148,1.6545646441622357,4.182854046942437,2.638877668106794,3.462836576734922,-0.0020907788648273,-2.001980663837512,-1.976435899887901,38.98412239569435,26.755245728305425,33.70907658061942,3001.235,0.924786595316466,49,1.789131300714882
B0036,149,1.640896560729935,4.182728439067422,2.6345026369215763,3.455642847223531,-0.0031137480951454,-2.001594188579669,-1.9764723723079625,37.65911041193654,25.580751385885005,32.3628652503866,2976.234,0.9171470870104856,48,1.789131300714882
B0036,150,1.6265229979339637,4.182876278594965,2.6856425973144904,3.453765407751183,-0.0030006636295462,-2.0004095548319234,-1.9762622330108464,36.92167189475025,24.616276565969724,31.55894118217472,2950.39,0.9091132647917204,47,1.789131300714882
B0036,151,1.6217349144630455,4.180649883777921,2.68786797873656,3.4500406564088526,-0.0029080857736414,-2.000900382690503,-1.976187816481524,36.59954969750561,24.0965294768098,31.135887556686384,2941.719,0.9064370590437102,46,1.789131300714882
B0036,152,1.6248200059639546,4.182879997125387,2.6302060684262494,3.447400483446299,-0.0031118252397211,-2.0016097915484665,-1.9763905482451505,36.62217023847058,23.94058877670859,31.04112225235265,2946.969,0.9081614106883752,45,1.789131300714882
B0036,153,1.61880119736137,4.182616597040702,2.6641914790243417,3.449026045033965,-0.0025608664380762,-2.0020912722122786,-1.976325638287052,36.59089881260896,23.999137351199927,31.054879323980543,2936.171,0.9047973151632566,44,1.789131300714882
B0036,154,1.6137350490334217,4.182506766966863,2.689303373660729,3.450376630404453,0.0007789786857402,-2.001445817763721,-1.975971961224962,36.59234456560626,24.08150574103411,31.10833607101402,2927.281,0.9019656904938296,43,1.789131300714882
B0036,155,1.612012823654141,4.182535478785295,2.65147651386545,3.447000121773302,0.0004392437380041,-2.000167970309902,-1.975805020364728,36.48018480302178,23.8987484084228,30.944663670795183,2924.422,0.9010030862519872,42,1.789131300714882
B0036,156,1.6671032556887178,4.1690491680104165,2.6896892125914618,3.4669760884346075,-0.0008371923327228,-2.003950808278935,-1.9763325577592548,38.23567263982747,25.52595713846892,32.6791979812127,3023.859,0.9317948073585178,41,1.789131300714882
B0036,157,1.6850133383886254,4.181271830692525,2.6628469651561684,3.4736386683731344,-0.0014894364732493,-2.0015010947067746,-1.9764828677632524,37.930952706812825,26.480844385435898,33.03296653786076,3056.172,0.941805298311726,40,1.789131300714882
B0036,158,1.6786654987614698,4.1830606408887965,2.626900680068646,3.467958204671299,-0.0040983584981171,-1.9999016673464969,-1.9762113672371755,37.19257582780181,25.44849328171353,32.14080730031082,3045.078,0.9382572973211784,39,1.789131300714882
B0036,159,1.6729763502191373,4.182456210343196,2.6081515730092875,3.463276070075,-0.0016991841945674,-2.000618099416812,-1.9764506704962272,36.76201438343683,24.73353722031328,31.54659714469647,3034.25,0.935077458848698,38,1.789131300714882
B0036,160,1.666489034299654,4.182764774519028,2.635733198142088,3.462827633531536,-0.0009205007233992,-2.003239061725877,-1.976336702286546,36.54833629882202,24.45996796354211,31.32211217550974,3022.609,0.9314515003084324,37,1.789131300714882
B0036,161,1.6698420840710908,4.183320176415955,2.629018498984386,3.4646012546935614,5.250120440164863e-05,-2.002639753916218,-1.97617710696132,37.37954300419149,24.83899714715284,31.94447620925181,3028.828,0.9333256219953634,36,1.789131300714882
B0036,162,1.6746744228027035,4.180963257164536,2.6266603184816235,3.467937221948996,-0.001012742397909,-2.003823480038933,-1.9760041905736137,38.17965570439169,26.090290835837656,32.95970790517297,3037.875,0.9360265633570634,35,1.789131300714882
B0036,163,1.6665045335145643,4.182710427278442,2.602450788874241,3.462497796397771,-0.0007372799377547,-2.0015896507781563,-1.975873938296025,37.06880928199277,25.36250476506597,31.94954978552722,3023.187,0.9314601632919172,34,1.789131300714882
B0036,164,1.652222084834727,4.182466447324255,2.662872873818505,3.459755583566824,-0.0019442928063618,-2.0013924851522065,-1.976044015388604,36.3207199175235,24.102557617438656,31.016509562928245,2996.922,0.9234772675289676,33,1.789131300714882
B0036,165,1.6462718275099526,4.182351343336321,2.6641259048235493,3.4575027462160053,-0.0030023031428759,-2.00099190176043,-1.975755170606888,36.10688426616758,23.71117850596633,30.717850318637232,2986.469,0.9201514874018206,32,1.789131300714882
B0036,166,1.642399234692521,4.182757605057146,2.6980994427054057,3.4593887120996203,-0.0002785761550558,-2.000855609900936,-1.9758263113357128,36.31248307899438,23.74485238540804,30.879779806825745,2979.219,0.917986977275658,31,1.789131300714882
B0036,167,1.651178607099992,4.180861110367055,2.649240292513478,3.459697403340653,-0.0005096135001277,-2.0021284907747647,-1.9759776263748128,37.07549861586275,24.590294260015632,31.650221324336044,2995.047,0.922894036027558,30,1.789131300714882
B0036,168,1.6481683120281931,4.182794520703595,2.691344905562854,3.4641295904583864,-0.0032974206774092,-2.000822145661288,-1.975719002321735,37.414877687125575,25.086817061257825,32.06625589927076,2989.828,0.9212114903862202,29,1.789131300714882
B0036,169,1.6478887725428395,4.182556061512275,2.6312837349184783,3.460169463632063,0.0001796546715131,-2.0017549416670004,-1.975704650691821,37.09639528593206,25.19916169623783,31.8959520624968,2989.391,0.9210552472501004,28,1.789131300714882
B0036,170,1.635843650915682,4.182810830291452,2.6584363442335084,3.456175671622812,-0.0022731191807438,-2.000542886554803,-1.97576290545864,36.36605166703309,24.061942151606782,30.985495506316067,2967.2810000000027,0.9143228617497492,27,1.789131300714882
B0036,171,1.6332362811945516,4.182635286848819,2.623199819387988,3.452053305545746,-0.0045015903300775,-2.001933129636368,-1.9757208321303017,36.234238027710575,23.6917775909498,30.72140290899611,2962.609,0.9128655233643056,26,1.789131300714882
B0036,172,1.629926467682987,4.180865480888278,2.633671931011382,3.449870661213464,-0.0036397116383007,-2.000836252082105,-1.9753838232885887,36.13330283566238,23.39948513363078,30.525764579406868,2957.016,0.9110155677404552,25,1.789131300714882
B0036,173,1.6387862629287224,4.182371604193263,2.613160298710749,3.4562888987795763,-0.0010630342319161,-2.0005565957229483,-1.9753747226034408,37.40631592104371,24.79128852238989,31.861104818689885,2973.281,0.9159675772671988,24,1.789131300714882
B0036,174,1.6359654863840771,4.182870580087216,2.664776371262019,3.460624066431264,-0.0007685296487351,-2.001606404211715,-1.9753588071492805,37.77076533558071,25.34874315954792,32.31201872670814,2968.016,0.9143909593054436,23,1.789131300714882
B0036,175,1.631137043967566,4.1827611176443975,2.632939371611515,3.456019242182233,-0.0028543974289036,-1.999731674892746,-1.975257971644178,37.14813436098321,25.01914314738702,31.793010248024903,2959.281,0.9116921957129774,22,1.789131300714882
B0036,176,1.6220189720888465,4.182395237195288,2.628283415842944,3.450712115143618,-0.0015357841271437,-2.0012097377908966,-1.9752191259041323,36.53239990681521,24.04607328305981,31.01748043918613,2942.797000000006,0.9065958275061968,21,1.789131300714882
B0036,177,1.6416044978422155,4.174632559195338,2.638269533539896,3.457628617948717,-0.0033089380262914,-1.999992294356964,-1.974872083562542,37.81511547301817,25.605066892024084,32.52627247756125,2978.89,0.9175427746338576,20,1.789131300714882
B0036,178,1.6253090231457803,4.180584396863127,2.666855394758346,3.453055943057908,-0.0014955979453696,-2.00062580916902,-1.9750892690302664,36.404593910301536,23.948538947503835,30.971239918679984,2948.891,0.9084347372919788,19,1.789131300714882
B0036,179,1.6196134522239485,4.182361662503121,2.645771603606621,3.450668341610227,-0.003690534190557,-2.001497955462088,-1.975042993393988,36.31178502135717,23.695424055229687,30.76463270446893,2938.547,0.905251309155902,18,1.789131300714882
B0036,180,1.6124236174774371,4.1825612222864805,2.6749192828697232,3.450902810317066,-0.003230829878985,-2.0001940144005674,-1.9749799926549043,36.180551238597374,23.590840566457,30.660177115279623,2925.484,0.9012326914369908,17,1.789131300714882
B0036,181,1.6077701029913394,4.18253016588314,2.6772635289500464,3.4500594839606094,0.0022762121368579,-2.001710053938121,-1.9747546184485705,36.10348020899565,23.53886307350785,30.586674094126863,2917.297,0.8986317003950038,16,1.789131300714882
B0036,182,1.6088077531981582,4.1821683496152,2.651409246777448,3.449110812692783,9.414651952537692e-05,-2.001450125981973,-1.974928052566551,36.39815845242428,23.77839028946409,30.83253477381729,2918.938,0.8992116747134925,15,1.789131300714882
B0036,183,1.6083556258734268,4.180085195716553,2.6359845840555653,3.4458169090139847,-0.0031374798441234,-2.0003216371109183,-1.9747449903353,36.34867749615663,23.5423470621367,30.68860522383244,2918.25,0.8989589669750774,14,1.789131300714882
B0036,184,1.606820251901154,4.18247008024948,2.6203632515294,3.445379962024912,-0.0014564852965377,-2.000496172241536,-1.974727042918428,36.30340414585353,23.51878651291176,30.620490468656016,2915.4839999999967,0.8981007996780996,13,1.789131300714882
B0036,185,1.601770977206713,4.182402126830995,2.6353503124760125,3.445133112798374,-0.002270068460296,-2.000440096213439,-1.9748519715505968,36.26566178605087,23.47888485326248,30.598226708173872,2906.015,0.8952786061965908,12,1.789131300714882
B0036,186,1.594911734692208,4.182271283338991,2.665160202735034,3.4458558996634645,-0.0037513954755897,-2.002385208107432,-1.9743987343803493,36.17313667131571,23.39662363977643,30.52240497522136,2894.14,0.891444766549515,11,1.789131300714882
B0036,187,1.5938139125387372,4.182247103438741,2.6439462094074133,3.4444897117952333,-0.0006192413144748,-2.000686110880547,-1.974395376907044,36.20038317528244,23.49715874641186,30.572012594415884,2892.031,0.890831160296563,10,1.789131300714882
B0036,188,1.5920273129504596,4.182668785784587,2.680823910703161,3.4452529094036595,-0.0018800532779207,-2.001943170893987,-1.9745565504466327,36.12974352283867,23.384507843620888,30.525594309542488,2888.719,0.8898325753477871,9,1.789131300714882
B0036,189,1.5847361549778751,4.182325389472558,2.6584332895177942,3.443368297762313,-0.0023929488624675,-2.000646231962556,-1.9743485288471665,36.15128962766672,23.33389160673618,30.460152624234137,2875.641,0.8857573249904371,8,1.789131300714882
B0036,190,1.5763429363936798,4.181890851070748,2.68581364438656,3.444044633354944,-0.0014623570581874,-2.0006735329251524,-1.9740794817151763,36.06503580876304,23.310385140399045,30.42634729502671,2860.7810000000027,0.881066099376732,7,1.789131300714882
B0036,191,1.5720229174642286,4.1819812339971225,2.686590802386354,3.443665704277284,-0.000861565175127,-2.000079772723629,-1.9739791964844613,36.12802521407918,23.35165903463095,30.4779328809806,2852.844,0.878651509163188,6,1.789131300714882
B0036,192,1.5729874285512353,4.182031710997783,2.656968060548768,3.4414697554582165,-0.0018305771025404,-2.00109190486848,-1.9739892815959976,36.26774799217623,23.28005395267094,30.47370962894708,2854.64,0.8791906037990157,5,1.789131300714882
B0036,193,1.596985400389019,4.1803143719336,2.676038889381632,3.4563046908197936,-0.0037600574303138,-2.0025068680909213,-1.9743635806531243,38.43630283495838,26.389386766495186,33.14386747805384,2897.844,0.8926038014934469,4,1.789131300714882
B0036,194,1.595726023703856,4.182098322143219,2.6188084347235887,3.452089547010762,-0.0029516203780227,-2.0019322952392344,-1.9739686530082488,38.52063845392343,26.030348585874783,32.934539010545976,2896.063,0.8918998974900573,3,1.789131300714882
B0036,195,1.579500338340559,4.182097383940862,2.645949573946669,3.4477573593842226,-0.0021436476173649,-1.999949850664628,-1.9740791048008228,37.489412293667954,25.061429711988,31.95402446844253,2866.234,0.8828308675329973,2,1.789131300714882
B0036,196,1.5629469877520186,4.181667072254369,2.6883439532038187,3.4451953986146564,-0.0044825735905738,-2.000910525563825,-1.9736801463901483,36.78751789975617,24.1698569125778,31.19189073934152,2836.609,0.8735786954973696,1,1.789131300714882
B0036,197,1.5591129431541175,4.182118777318184,2.67894320816739,3.443258433637848,-0.0024811523923965,-2.0009899510970475,-1.9737323749924904,36.62637340717898,23.93189858203684,30.99297651094941,2829.516,0.8714357311456928,0,1.789131300714882
B0038,1,0.8980573709676724,4.053116638334503,2.1981645845929387,2.883239659655731,-0.0030103888131135,-4.035077323306341,-3.952127452371893,51.693778100061,25.045828878659496,38.8265055747093,982.938,0.5029093291128799,46,1.7857242229962689
B0038,2,1.1026236331914077,4.1851064801192095,2.173538006790758,3.1713316750997853,-0.0002537687218058,-4.032209213478597,-2.99722690705762,51.136880141242045,26.196493190799377,40.49651673815248,1489.953,0.6174657984654058,45,1.7857242229962689
B0038,3,1.0885801879473431,4.18694152805074,2.191128315273502,3.180373261287265,-0.0022272240870321,-4.0325975109048535,-2.957884019744667,51.3517572303697,25.227701500387003,40.3082686076966,1479.703,0.6096015128925188,44,1.7857242229962689
B0038,4,1.0613249847591086,4.187310082648276,2.174928379064222,3.2014600077361552,-0.0004141252425239,-4.032449948762388,-2.890891500138237,49.541551118224994,25.640112774955472,39.93347404849829,1468.172,0.5943386840428866,43,1.7857242229962689
B0038,5,1.0347062057983545,4.185977695675653,2.162304775163232,3.2011146598082543,-0.0019194298017491,-4.032706809614358,-2.875691989787786,49.94400434434952,25.752349228851504,39.949996492029705,1457.0,0.5794322507773455,42,1.7857242229962689
B0038,6,1.0269978594353013,4.187105297284753,2.1523889970129018,3.192805696957516,0.0017620786390275,-4.0346441626746445,-2.899456239004,50.47284162905345,25.941735119508724,40.03056196708513,1437.047,0.5751156008356656,41,1.7857242229962689
B0038,7,1.078501971098942,4.18045914385637,2.1947161370182617,3.056138016052641,-0.0005388688051485,-4.031721347243717,-3.65723892716497,49.83589725328242,25.583477326453725,39.44913263410249,1170.531,0.6039577428643054,40,1.7857242229962689
B0038,8,1.0638897478802845,4.183492564102866,2.1463956973341785,3.181450544509047,0.0012198322246428,-4.032751905126723,-2.9674515029911404,50.058224679961086,25.519767465182188,40.0585677462874,1436.141,0.5957749433981371,39,1.7857242229962689
B0038,9,1.0366551223324425,4.186120317256443,2.1983669967426582,3.192741049083457,-0.0009508024211317,-4.0320532789938826,-2.9319888511060146,49.70254627455938,25.592470904914823,39.9160708614622,1420.172,0.5805236379629983,38,1.7857242229962689
B0038,10,1.030941327482094,4.185843165124554,2.1858064268526136,3.167665290347624,-0.0014249040431507,-4.032203977721678,-2.994495446145827,51.35429552288885,25.91369561512289,40.27645391572808,1397.0,0.5773239306527838,37,1.7857242229962689
B0038,11,1.0140084541034655,4.185966509890458,2.151862863027953,3.1781927267469925,-0.000414012222447,-4.031826212038417,-2.9580193436340854,50.44246795838984,25.84377597561884,40.1754669430076,1393.25,0.567841574328907,36,1.7857242229962689
B0038,12,1.008516095994519,4.186351056855524,2.164578187429903,3.1613474600189155,-0.0012602313332138,-4.031995207198451,-3.001260117107958,51.33205933952721,26.26427337557343,40.41336717515726,1380.938,0.564765870903811,35,1.7857242229962689
B0038,13,1.7419245088095905,4.177730241404494,2.180206803089782,3.608926624109929,-0.000806453185672,-1.012296953255635,-1.0022813853258807,49.52801806570102,29.07978656830067,44.29688064198706,6375.828,0.9754722965491353,34,1.7857242229962689
B0038,14,1.779741859708433,4.186620638463225,2.1921466685430167,3.6118191487524745,-3.3240669506730966e-05,-1.013910723004294,-0.985523491989515,49.28701938671706,45.44827006920707,47.195451017988766,6574.671,0.996649895201736,33,1.7857242229962689
B0038,15,1.7815666306452766,4.188933311711306,2.16658130125341,3.614149636005495,-0.0005600544899219,-1.0102287651459148,-0.9870171236405828,49.17905905171433,45.41243979878821,47.146072926598166,6571.156000000003,0.9976717612398088,32,1.7857242229962689
B0038,16,1.7834859577156017,4.189402399305119,2.1366453580856253,3.6144683724527336,-0.0011494683518749,-1.010971995271496,-0.9884125593394552,49.1809104842522,45.37067300223374,47.127641701987,6569.11,0.9987465784179644,31,1.7857242229962689
B0038,17,1.7864411650415677,4.189825570933335,2.1909799678189845,3.616588343572285,0.0003421780312953,-1.0107718854484014,-0.9883512949484964,49.05688408240341,45.33488321338891,47.09918641441624,6558.75,1.0004014853111507,30,1.7857242229962689
B0038,18,1.7859997608067948,4.191065310739852,2.166402675362294,3.6160610851845374,-0.0008776861119403,-1.010981301037933,-0.9884509077751612,49.13032050804125,45.3666883339061,47.133209565495285,6567.516,1.000154300315232,29,1.7857242229962689
B0038,19,1.7769523773001608,4.18123625379194,2.145739105715045,3.6257089708628913,-0.0022401737059374,-1.011456158958353,-1.003966417823918,49.23198595690627,45.349153657647605,47.15436113022586,6430.172,0.9950877937460076,28,1.7857242229962689
B0038,20,1.781428917321899,4.185716420658905,2.139096537674337,3.613285312724596,-0.0005589055147479,-1.0106507915352578,-0.9879674131883376,49.16417337699806,45.3907377329746,47.16342394557887,6554.327999999994,0.9975946422078752,27,1.7857242229962689
B0038,21,1.7859452772697195,4.189329902417763,2.1550256706410824,3.615119723068454,0.0003825127180461,-1.0102198577009358,-0.9878892583593684,49.04035070342245,45.42249530680692,47.14213994735863,6560.922,1.000123789704258,26,1.7857242229962689
B0038,22,1.785208429691551,4.189967846272303,2.1776344857025127,3.615836568872989,-0.0003419484616123,-1.011735169153586,-0.9878187430421664,48.97912041843542,45.33971152172204,47.07812277465954,6559.047,0.999711157356732,25,1.7857242229962689
B0038,23,1.783596609584544,4.18974503175606,2.1804158381574807,3.615503145763946,-0.0005054169823109,-1.010295900186465,-0.9877368963424068,48.978872169562095,45.319344488667305,47.07326100880018,6553.781,0.998808543119746,24,1.7857242229962689
B0038,24,1.7796783152744713,4.188353739927258,2.1075006723313274,3.6139392243174577,-0.0007226677466988,-1.0110939875613183,-0.989295381650384,49.04045996790738,45.31900735151199,47.08146790123274,6540.187,0.996614310516742,23,1.7857242229962689
B0038,25,1.7841102592788645,4.1880636486598535,2.193151747067992,3.61791112455575,-0.0006897029922488,-1.0105864257560286,-0.9906537351245918,48.95885334502884,45.31876546218911,47.087615537529175,6535.922,0.9990961853478716,22,1.7857242229962689
B0038,26,1.7833032331592191,4.18971330698209,2.1577326042974923,3.615792342161085,-0.0008946981733087,-1.010810008103469,-0.989093271752985,49.01777260309724,45.35489550495648,47.09422579980021,6544.078,0.9986442532358174,21,1.7857242229962689
B0038,27,1.7796186141356956,4.188131880621521,2.162189918911785,3.615154082059872,-0.000922028239492,-1.011662328995332,-0.9890153352338132,48.99249018111872,45.341699750585455,47.08318511534191,6531.187,0.9965808780650752,20,1.7857242229962689
B0038,28,1.7816592334352586,4.188924695577913,2.199945094089768,3.616195897791123,-0.0010699216590885,-1.0098072976535653,-0.988880336257258,48.94618497316047,45.32783985141095,47.06402084308688,6528.562,0.9977236185136192,19,1.7857242229962689
B0038,29,1.7775911304124037,4.187542870745614,2.1302151249881103,3.613550650827938,0.0009597423739816,-1.0104773124547506,-0.9888372175373163,49.0209427982368,45.31544167688482,47.07142767555465,6525.187,0.995445493498308,18,1.7857242229962689
B0038,30,1.777701881971679,4.1857951584704445,2.164304791761506,3.615401963428833,-0.0014884668911372,-1.0109802413886324,-0.990311695204241,49.014180829264426,45.332649875333296,47.094941474493815,6515.938,0.9955075140263656,17,1.7857242229962689
B0038,31,1.7789547618270618,4.187443417451479,2.103101288221301,3.612528735484352,-7.184433314482893e-05,-1.0098115227107507,-0.9886847879265132,49.08755174393166,45.32159821729143,47.0995133510692,6532.015,0.9962091228410126,16,1.7857242229962689
B0038,32,1.7807753731135043,4.1900372622396045,2.1449886066523933,3.6160020417093457,-0.0018832819877408,-1.0118882343579725,-0.9902725483840612,49.000307836809725,45.32533979160533,47.07452189489319,6527.922,0.9972286594878236,15,1.7857242229962689
B0038,33,1.778415319026661,4.188861157517333,2.1205293855533207,3.614593015604058,-0.0012851043492373,-1.0109780766463656,-0.99028074692211,49.05042538685695,45.36512164731064,47.12153419194554,6519.328,0.9959070365538616,14,1.7857242229962689
B0038,34,1.7789773899108463,4.190060028748116,2.1339834463152427,3.616664144234103,-0.0005079937987579,-1.0107722282787006,-0.9919115001416684,49.08198729235301,45.41868911230955,47.15829653400459,6510.063,0.9962217944974155,13,1.7857242229962689
B0038,35,1.7792479347236043,4.187583021759709,2.1093887147366805,3.616763225911199,-0.0010152302017764,-1.0108021856673532,-0.9933993302020114,49.13279687311376,45.40774909091807,47.161612217353984,6501.718,0.9963732987494576,12,1.7857242229962689
B0038,36,1.777920457368508,4.1891099360693005,2.098244904990502,3.6149940792944446,-0.0001092968414661,-1.010302645629404,-0.9915864068538186,49.13552693190528,45.41557788830881,47.155567707969865,6509.047,0.9956299155674402,11,1.7857242229962689
B0038,37,1.779227040224144,4.18915400521565,2.1367946107881166,3.6159145027179576,-0.0002991584401245,-1.0140415606547912,-0.99155669196471,49.04172173314357,45.37303438235529,47.13225621283967,6502.438,0.9963615978948736,10,1.7857242229962689
B0038,38,1.7760634320079352,4.188887533318818,2.103206542363035,3.614661054786224,-0.0001433288490751,-1.0115553715036771,-0.9916693008676862,49.09468753497383,45.39506516049286,47.13346886842004,6502.047,0.994589987152594,9,1.7857242229962689
B0038,39,1.775103937963957,4.187944942179681,2.1895312972615004,3.615082794707676,0.0012032850265985,-1.012686564574278,-0.9899169847459928,49.057064718364046,45.39781385019533,47.17638554289952,6498.86,0.9940526734780514,8,1.7857242229962689
B0038,40,1.733064100138742,4.182064571336064,2.1594623220347016,3.438902336521698,-0.0015044782014178,-2.0155210780038173,-1.998396970742944,54.42193934195762,45.33453649038701,50.154407994251926,3162.047,0.9705104953052782,7,1.7857242229962689
B0038,41,1.7394892806215223,4.186725946685351,2.023065783993831,3.437169559941295,0.0009989389996633,-2.017960233668404,-1.9984033983725649,54.61602412701822,45.36495505272962,50.1979427615177,3173.141,0.9741085763527536,6,1.7857242229962689
B0038,42,1.7378064360392924,4.189706586585002,2.0028176202456365,3.4370308930893247,0.0015932062780928,-2.016707594147861,-1.99868797664225,54.621843575697525,45.39942528400046,50.18895736512512,3169.844,0.9731661886309774,5,1.7857242229962689
B0038,43,1.730028145799833,4.188139594837195,2.061244397117138,3.437230626486004,-0.0026688295855706,-2.017081976460273,-1.9982781324264287,54.57283441287881,45.35268592716676,50.178407502665095,3156.563,0.9688103703364772,4,1.7857242229962689
B0038,44,1.7290404566542985,4.189030830558383,2.030738155835073,3.4363115548278413,-0.0008139552240412,-2.015865822308184,-1.998355971599052,54.65884815489962,45.359535861802165,50.182509844874,3155.047,0.9682572674929276,3,1.7857242229962689
B0038,45,1.7286072907068817,4.189306425000166,2.1901431826977382,3.439407570423965,-0.0022924199527469,-2.016758163836068,-1.998333813768599,54.51993729622157,45.3694541622979,50.173666427799,3142.312,0.9680146959122552,2,1.7857242229962689
B0038,46,1.52573884649634,4.17467236177005,2.11587711023423,3.0455602167949416,-0.0010768430588176,-4.032121081634592,-3.967012008013358,69.28796559754325,45.3789326962188,58.41948951650429,1485.047,0.8544089993561833,1,1.7857242229962689
B0038,47,1.5301475534434217,4.186501078488458,2.052769819032336,3.0241360171924403,-0.0020020085571102,-4.032714355951809,-3.9673854309358174,69.86974573152932,45.41210422504674,58.954810986890266,1489.313,0.8568778615076326,0,1.7857242229962689
B0039,13,1.7461791006389626,4.197294023274615,2.4987062304520014,3.6461406726770127,-0.0011695682960674,-1.0009808343171922,-0.993177146982576,48.10057733769074,29.83967185844212,44.00752434501855,6375.828,0.9862303619832816,34,1.770559057954214
B0039,14,1.7695250734505363,4.204972433209606,2.473002904156423,3.64392186740937,0.0005016857859861,-1.0025756987118928,-0.9751829593896584,48.36094927051516,45.22052156277777,46.67611297517316,6574.671,0.9994160124176414,33,1.770559057954214
B0039,15,1.7715391419501945,4.208448210539393,2.489434465017692,3.646350059209468,0.0010422942506089,-1.0031061081836674,-0.9751939760319924,48.20507797013392,45.172746251072255,46.6383045331837,6571.156000000003,1.0005535449334928,32,1.770559057954214
B0039,16,1.770625483958279,4.206898230242775,2.473981445559395,3.645585479395615,-0.0004797660937087,-1.0000100485815209,-0.9750119009804334,48.18149876688975,45.15084488167503,46.624310116631904,6569.11,1.000037516966049,31,1.770559057954214
B0039,17,1.7704040639447296,4.207946244454896,2.4673788761032256,3.6468115454863126,-6.075481354176288e-05,-1.0011404247002111,-0.9763225329640914,48.22285805925047,45.1191966855263,46.60181681852236,6558.75,0.9999124604125528,30,1.770559057954214
B0039,18,1.769508178880176,4.207227267233697,2.458737817987512,3.6451349051966417,-0.000962449630036,-0.9997689271977604,-0.9746122484452724,48.3111327307896,45.1673095285089,46.64079559317347,6567.516,0.9994064704764763,29,1.770559057954214
B0039,19,1.7638356274269416,4.197666044398925,2.4562277920171924,3.656102607057432,0.0002923840287762,-1.0007520082133683,-0.991639778772074,48.31988246057892,45.15832762738876,46.65269866016946,6430.172,0.9962026510795742,28,1.770559057954214
B0039,20,1.7715725869786123,4.2045074487347165,2.437931364664341,3.6458870173477007,-0.0005688615748229,-1.0001244493615749,-0.9776620652375614,48.19161251147565,45.17501487963026,46.637301691869546,6554.327999999994,1.0005724344634792,27,1.770559057954214
B0039,21,1.7701196454489685,4.208084129481043,2.4476008226100348,3.645766068703999,-0.0003949523212586,-1.0009890843051303,-0.97593374546125,48.22746339794149,45.15954092267382,46.62385161772923,6560.922,0.9997518227345924,26,1.770559057954214
B0039,22,1.766756975286052,4.207142953751636,2.467377500135635,3.644697144460997,-0.0005866536966315,-0.999878987544532,-0.9744225907364068,48.171946839870586,45.131813326335774,46.59535143073503,6559.047,0.9978526089536064,25,1.770559057954214
B0039,23,1.7648743629092642,4.207099547920701,2.457416820096295,3.643834980413122,-0.0006151380058416,-0.9998571461225196,-0.974188913140975,48.20204512091098,45.13197762708079,46.59281927437507,6553.781,0.9967893219831264,24,1.770559057954214
B0039,24,1.763838685943225,4.2078293027865055,2.470228395185217,3.645521171370088,0.0003303976924341,-1.0000003263864057,-0.9756114349265528,48.20808548312476,45.11313471306944,46.595538716376765,6540.187,0.9962043785092636,23,1.770559057954214
B0039,25,1.7657225752056789,4.20415549392574,2.47756542534469,3.644286750227157,0.0011008007880939,-1.0004178749173285,-0.9755764719558602,48.216947901934525,45.12955206478469,46.61592285314662,6535.922,0.9972683866562896,22,1.770559057954214
B0039,26,1.7645632809383045,4.2074857099225,2.480137502417058,3.6438395995465793,0.0003694782278517,-0.999529179518921,-0.9738254896234412,48.23861432117145,45.16875516476576,46.61306744285817,6544.078,0.9966136249514108,21,1.770559057954214
B0039,27,1.7608991948479125,4.207192516257174,2.4411463439008707,3.6432430775983096,-3.1553697800508864e-05,-1.0024734646700488,-0.9753455155568392,48.2409468668017,45.18295040299445,46.60739102749507,6531.187,0.9945441734558896,20,1.770559057954214
B0039,28,1.7598362095817717,4.207616345532635,2.4393843779206725,3.6429596917730014,0.0022691672645365,-1.0005732751031589,-0.9751784320040702,48.28638353591076,45.108504377146026,46.59731896053421,6528.562,0.9939438064354476,19,1.770559057954214
B0039,29,1.7590955400143164,4.207147287931799,2.49689484054888,3.6431420009845095,-7.198941599677714e-05,-1.0008157279135228,-0.973600435800719,48.23633627651948,45.16546978995064,46.60563234024716,6525.187,0.9935254811815524,18,1.770559057954214
B0039,30,1.7560495443976525,4.204165409407158,2.465533668800099,3.6420393576004138,0.0033658045043937,-1.000236431675222,-0.974958053723422,48.2681944116944,45.13479828788775,46.62474216211915,6515.938,0.9918051230816742,17,1.770559057954214
B0039,31,1.7571677199949287,4.206316214831835,2.487866062972102,3.640582218662237,0.0022141183427778,-1.0006688784958595,-0.9716546701373576,48.25892855404056,45.10814217138539,46.6386326424737,6532.015,0.992436661234696,16,1.770559057954214
B0039,32,1.7558911269459976,4.20729233602744,2.480376897645346,3.640101281169697,0.0013320318981198,-1.000189600537282,-0.9715222945577336,48.27406092264485,45.20463502495329,46.62408082494751,6527.922,0.9917156499568196,15,1.770559057954214
B0039,33,1.7533419072229914,4.207400407989978,2.423512955443349,3.6389138404319192,0.0012971817137517,-1.002543132516972,-0.9730192985244436,48.37743085469793,45.1700879241391,46.6573959514452,6519.328,0.99027586758325,14,1.770559057954214
B0039,34,1.7506673845335168,4.207172779835573,2.4421166575524973,3.63909638863756,0.0007773495445484,-1.0002377370623996,-0.9728763615065116,48.34229218799801,45.24998047297183,46.69850634609825,6510.063,0.98876531492619,13,1.770559057954214
B0039,35,1.7510006664162403,4.203796739473216,2.48916723023537,3.639310178523211,-0.0011187376859917,-1.000266726704825,-0.972717486490948,48.35205523072366,45.20331722543048,46.70366699259687,6501.718,0.9889535503206696,12,1.770559057954214
B0039,36,1.7496058853847871,4.207405098710311,2.486277943958813,3.63829664652786,-0.0009319974467701,-1.0005563283787111,-0.9708770463110532,48.36227474052515,45.18954217479895,46.69858207228199,6509.047,0.9881657872549944,11,1.770559057954214
B0039,37,1.7477359172183355,4.206949746343375,2.4621592876012923,3.6368192187368806,0.0010895719436704,-1.0033647356784487,-0.9707953984260252,48.39407566049798,45.19191150961026,46.68478011498361,6502.438,0.9871096416505588,10,1.770559057954214
B0039,38,1.7444225468099093,4.20717367641765,2.419307605326947,3.634846725471178,0.0013117121933103,-1.001627835766793,-0.9707512160925148,48.40712816602448,45.220409788288535,46.69163118215516,6502.047,0.9852382720435746,9,1.770559057954214
B0039,39,1.743308366083936,4.206902271296153,2.498091152649448,3.635905813888798,-0.0003821110311148,-1.0019022091888887,-0.9689523533406328,48.476824345274245,45.36177950492806,46.75241395535343,6498.86,0.9846089901673402,8,1.770559057954214
B0039,40,1.6556691733888471,4.196674813894532,2.4729033909981424,3.470841442961561,7.902741237672961e-05,-1.99287097541368,-1.897442497029331,52.90221489344579,45.15281912576537,49.300859599002976,3162.047,0.9351109560287042,7,1.770559057954214
B0039,41,1.64297669457593,4.204257320385259,2.482404434239833,3.4717307267626065,0.0003057882594655,-1.9925221850874488,-1.876238961994232,53.04880173105535,45.17576479400661,49.34643167372232,3173.141,0.9279423282690732,6,1.770559057954214
B0039,42,1.6343822729361266,4.206474730273981,2.4529055944220666,3.470065952813119,0.0027498022915199,-1.9931619036045067,-1.8688554169399536,53.017440171542674,45.20062768854706,49.35236153077406,3169.844,0.9230882559910584,5,1.770559057954214
B0039,43,1.62650670621656,4.206865048530781,2.442965370421763,3.468937839466871,-0.0012061721648373,-1.993232599772215,-1.867958006398749,53.07430485716129,45.16518433014672,49.34646841409122,3156.563,0.918640188199032,4,1.770559057954214
B0039,44,1.618865991735961,4.206889463177472,2.450251182214539,3.468115577491925,0.0011741617808049,-1.9927135137255616,-1.8602935835155208,53.15177003577248,45.16598961095791,49.35565140520816,3155.047,0.9143247633922326,3,1.770559057954214
B0039,45,1.6114968339209264,4.206575007421019,2.447037438010891,3.467077155738093,0.0001810123644782,-1.993347127383864,-1.859391615307256,53.01718592680281,45.25749466770681,49.36828427378848,3142.312,0.9101627119870964,2,1.770559057954214
B0039,46,1.3240805773461226,4.189178895374635,2.4740907394153795,3.2199500199575746,0.0017821461933156,-3.979768153681504,-3.2987153931778748,63.94078057196598,45.18802524583172,55.97390404609549,1485.047,0.7478319186235034,1,1.770559057954214
B0039,47,1.3153386221697692,4.204083091786472,2.442276380666166,3.22661988786129,-0.0002871382535949,-3.979638522408062,-3.2988222829259044,64.14381595669508,45.21433150575771,55.95647115817562,1489.313,0.7428945203836196,0,1.770559057954214
B0040,1,0.6734628137095633,4.068028641979544,2.689034363728547,3.2570770872838057,0.0036077535780029,-3.998404971746896,-2.496194310605518,40.67740211970284,24.62082872256712,34.520854008155766,982.938,0.3885031407003622,46,1.733481002226903
B0040,2,0.7913062105760345,4.181329419378459,2.69442244998024,3.435168668765134,0.0024089033291458,-3.996235657636858,-1.9461397110184733,41.121867004450536,25.99419899782565,34.02922924081149,1489.953,0.4564839242884629,45,1.733481002226903
B0040,3,0.7865824034601745,4.182169713231169,2.6769978869674524,3.430975803350849,0.0048604022792831,-3.995936989432765,-1.9452201291903763,41.63283156392668,24.88728837893684,34.01209072363896,1479.703,0.4537588831084376,44,1.733481002226903
B0040,4,0.7795871426061582,4.1821186375364,2.675172001926867,3.4348636528845424,0.0027428245834986,-3.9961379781309794,-1.944743573667828,41.715752737182754,25.42046748387045,33.978388906178346,1468.172,0.449723499481487,43,1.733481002226903
B0040,5,0.7628241523125163,4.181769825430115,2.69268420954805,3.445308801417867,0.0035880866169174,-3.99493304951291,-1.9174672773069688,41.61695629052659,25.576799073105835,33.83721613724266,1457.0,0.4400533673761409,42,1.733481002226903
B0040,6,0.7405021514606399,4.181957861733809,2.695919341909784,3.458759767508341,0.0033590979024455,-3.9985251055256814,-1.88809363687247,40.41568117134027,25.76953787956401,33.67935609685469,1437.047,0.4271763869978151,41,1.733481002226903
B0040,7,0.7783970881100656,4.177687640263026,2.6973035934049494,3.344897364124835,0.0038215675734787,-3.995894881418469,-2.416067705479376,41.6427020562054,25.41159586254524,34.856675647434145,1170.531,0.4490369880662688,40,1.733481002226903
B0040,8,0.7733165409025605,4.181217465945281,2.680482862570943,3.435394313904374,0.0025829022233452,-3.9948545437295775,-1.9695300241186464,41.666127528934624,25.317526212535544,33.93437846177736,1436.141,0.446106152827245,39,1.733481002226903
B0040,9,0.7589575236409498,4.182275640250018,2.686758150797836,3.440732886251633,0.0023557305933629,-3.99613146519462,-1.9553056005388323,41.55823578501682,25.42650888158869,33.87341008861747,1420.172,0.4378228100948098,38,1.733481002226903
B0040,10,0.7407399462256391,4.181827468882669,2.674688015022009,3.4424940628831777,0.0039967216695236,-3.996235079267833,-1.940116864690524,41.25451200429936,25.416232096852188,33.801632457231946,1397.0,0.427313564598662,37,1.733481002226903
B0040,11,0.7446218752617147,4.181567286734688,2.686289969564933,3.444187585576417,0.0043031154407747,-3.995317141166538,-1.954173143017623,40.05463707446548,25.68729592812578,33.841214598826475,1393.25,0.4295529482614127,36,1.733481002226903
B0040,12,0.7149875629820736,4.181983804533861,2.6945279873006065,3.458256040593686,0.0025259929997769,-3.995361067358871,-1.8954416195145705,40.76452850374992,26.07991442635004,33.68915739169769,1380.938,0.4124576860453448,35,1.733481002226903
B0040,13,1.7075144448533202,4.175387518911088,2.682915069119874,3.624872673514505,-0.0006022647688212,-1.0054061310164104,-0.9641877110703866,47.45925542600303,30.40793876001898,44.27504698193625,6375.828,0.9850205699743896,34,1.733481002226903
B0040,14,1.730880859428193,4.183371957728605,2.689363384223108,3.6219123150772736,0.0014828910539338,-1.0045560878148372,-0.9482972559679383,47.733284854985534,45.24547633823752,46.49678002084372,6574.671,0.9985000454026496,33,1.733481002226903
B0040,15,1.7328212845233328,4.185403574589526,2.663011590614207,3.621615017492515,0.0026229121250043,-1.0039916444953547,-0.949781513793672,47.68533526444168,45.20853223341701,46.4678468881245,6571.156000000003,0.9996194260550172,32,1.733481002226903
B0040,16,1.7317734323431513,4.185139783184118,2.6936866986118786,3.622864388629409,0.0018042054143051,-1.0035412359730254,-0.9494868615948264,47.67231335727975,45.19187664376986,46.45190241544343,6569.11,0.9990149474487704,31,1.733481002226903
B0040,17,1.7341296392350067,4.185518450705473,2.644136217828117,3.62204941999102,0.0008606575749141,-1.0033495846328242,-0.9521447667439508,47.70025798751115,45.15940070800291,46.440231939332925,6558.75,1.0003741817806313,30,1.733481002226903
B0040,18,1.7334756929990074,4.185427919430507,2.674388924129352,3.622162963654601,0.0007631387427286,-1.0030055331887324,-0.9505422244648803,47.70250785089967,45.19743736166483,46.46522207706391,6567.516,0.9999969372448336,29,1.733481002226903
B0040,19,1.7243057179457877,4.176190564871368,2.6812131139529,3.629361907913309,-0.0001414437506866,-1.0027747249074537,-0.9652916551188272,47.77567590438216,45.18169844616087,46.49072067213048,6430.172,0.9947070176890728,28,1.733481002226903
B0040,20,1.7318975861687205,4.182711714289401,2.6999262584848243,3.6234871903936696,0.003000111482582,-1.0034382664884212,-0.9515172757333836,47.68448077336878,45.20988132812326,46.47888431603475,6554.327999999994,0.9990865685541704,27,1.733481002226903
B0040,21,1.7333691208377455,4.185107481198763,2.67095044814488,3.622293288379937,0.0040058894381698,-1.00341328437475,-0.9513915692974558,47.66868390973605,45.19343516358526,46.45480276183313,6560.922,0.9999354585432354,26,1.733481002226903
B0040,22,1.732175650153278,4.185322736341408,2.677767553221005,3.622128684193048,0.0018124880766567,-1.004224655039593,-0.9510427335186784,47.63553822379171,45.15545804699397,46.423098338329766,6559.047,0.9992469764180004,25,1.733481002226903
B0040,23,1.7334832776102866,4.185286474015191,2.6464594317551624,3.621278400117821,0.0007810721939,-1.0021217239246465,-0.9524743606309494,47.64097688926351,45.14764232961771,46.417883981463206,6553.781,1.000001312609357,24,1.733481002226903
B0040,24,1.732372495746513,4.185544800435261,2.654408689336339,3.622221485198725,0.0015347884549426,-1.0037473971660458,-0.95386146065853,47.67660695857828,45.14860423174442,46.41962937983974,6540.187,0.9993605315091624,23,1.733481002226903
B0040,25,1.7338175297202416,4.182805883908282,2.6386466599890395,3.621600293236707,-0.000704159031792,-1.0028648893332504,-0.9551274962002,47.670062907549664,45.16610812882766,46.437216774742105,6535.922,1.0001941339379583,22,1.733481002226903
B0040,26,1.7329630786357868,4.184959782592119,2.650918288963567,3.621303558836112,0.0021767645170841,-1.0029366943014713,-0.9535557918067024,47.67504818462313,45.177374606616574,46.44051551612336,6544.078,0.9997012233820556,21,1.733481002226903
B0040,27,1.731883908457334,4.184990348881109,2.6471595195723987,3.621731433466836,0.001907260217935,-1.0055702938792732,-0.9547864424869568,47.66226480407664,45.18566175572965,46.4382460934528,6531.187,0.9990786782390364,20,1.733481002226903
B0040,28,1.7306960059812662,4.1849433685502655,2.669669356026842,3.6224802575418096,0.0019278382707148,-1.0035201801507372,-0.9544935502891164,47.65776484346084,45.14987742963427,46.41979996894506,6528.562,0.9983934082680692,19,1.733481002226903
B0040,29,1.7296011601947467,4.184970988659253,2.6833023579431665,3.622791333634808,0.0022952094998644,-1.0023712414422137,-0.95437046004151,47.65588226485245,45.14126548416964,46.41925960985013,6525.187,0.9977618202754044,18,1.733481002226903
B0040,30,1.7296187381064656,4.182014111969684,2.664835318499988,3.621903998865623,0.0026929044163282,-1.0031895155635666,-0.9556526843949636,47.68924379895171,45.210947731053686,46.442880190211326,6515.938,0.9977719605144356,17,1.733481002226903
B0040,31,1.7307198617163877,4.185325352263018,2.695190974478952,3.6231487093601,0.0033121149468496,-1.0022727458635838,-0.9540072055241992,47.68013294716548,45.29230424711769,46.455010751151,6532.015,0.9984071700197648,16,1.733481002226903
B0040,32,1.729274556175907,4.18476201200528,2.659441128426158,3.620727454558004,0.0016503654453088,-1.004096237718038,-0.953764383801166,47.69683888709109,45.14346566445202,46.42899601057106,6527.922,0.9975734109311888,15,1.733481002226903
B0040,33,1.7297962212599596,4.184831315830137,2.645724055946119,3.620851281939705,0.0006494295255993,-1.0023111389899824,-0.9552956614335978,47.68346890250753,45.16684104417798,46.44608315517329,6519.328,0.9978743459188708,14,1.733481002226903
B0040,34,1.7268942069037494,4.184646274630554,2.686333486141192,3.6223530356435982,0.0028312707466933,-1.0020932273329095,-0.9549687460528704,47.72656082449746,45.19247918799889,46.477279245422224,6510.063,0.9962002494895,13,1.733481002226903
B0040,35,1.7272191689306016,4.182435522794885,2.67226557137279,3.621799074855713,0.0021612198677544,-1.0026245473984143,-0.9564508369268612,47.7336433887077,45.23103470317428,46.50566493668475,6501.718,0.9963877116113432,12,1.733481002226903
B0040,36,1.7285674981160106,4.184925895802646,2.6426430588133014,3.620827200366945,0.0025490018406792,-1.0031176329618126,-0.9560639609053612,47.73354479118836,45.21392325686796,46.489529302216496,6509.047,0.9971655275687588,11,1.733481002226903
B0040,37,1.726636381605547,4.184718733685154,2.6490836320353925,3.6206286090197306,0.0001232110301356,-1.007180550602924,-0.9559267781293634,47.74132595782936,45.17367040602925,46.47422502580763,6502.438,0.9960515167962252,10,1.733481002226903
B0040,38,1.7262424141835069,4.184688819147048,2.65252579490315,3.620461858040284,0.0002453278658436,-1.0057632619161987,-0.955732355842102,47.73740327080965,45.19280387716116,46.467598009037445,6502.047,0.9958242472608024,9,1.733481002226903
B0040,39,1.72527259276029,4.184286661063821,2.6675427612038987,3.620785095741869,0.0040074697295788,-1.0036710316885369,-0.9557348422192878,47.780084445812335,45.20413606865606,46.50711933936233,6498.86,0.9952647825640616,8,1.733481002226903
B0040,40,1.666802687745505,4.176406009176324,2.6781395492001447,3.4599911073457075,0.00144630049205,-1.9993456181076448,-1.8959184882594955,51.74025766413764,45.1751358194724,48.82111604731087,3162.047,0.9615350186152948,7,1.733481002226903
B0040,41,1.666754853762041,4.182388453906596,2.637555628457468,3.459413541721385,0.0008960653767449,-1.999341108890042,-1.888918960223662,51.80596353207629,45.18740322087872,48.86273917281783,3173.141,0.9615074244372204,6,1.733481002226903
B0040,42,1.6583274448761054,4.184674961031428,2.654677503869026,3.4606411813742883,0.0017468007386395,-1.9995292630247647,-1.8816448898300144,51.79140734732303,45.212555741247925,48.859668212563015,3169.844,0.9566458719453792,5,1.733481002226903
B0040,43,1.65032263550715,4.184986819959415,2.6785586854358763,3.4619795504624093,0.0008982892019353,-2.000878662224101,-1.8804793058771856,51.7543308845732,45.18333405509115,48.84759659003841,3156.563,0.9520281060981204,4,1.733481002226903
B0040,44,1.6493406341242296,4.184706989313181,2.619691419158041,3.4582381856512225,0.0001074086444772,-2.0047864831033904,-1.8804459095886616,51.86320043661648,45.16768712846928,48.86015453747502,3155.047,0.9514616151001464,3,1.733481002226903
B0040,45,1.641919055037739,4.184343189730703,2.6631019561941023,3.460434749861773,0.0004340977551532,-1.999637685107115,-1.8794616528353505,51.81917888349145,45.18411272626061,48.85593683732135,3142.312,0.9471802995985884,2,1.733481002226903
B0040,47,0.5569902643736575,4.1824060069381375,2.535468112391112,3.653849277043623,0.0035436985419924,-3.995770620186177,-1.3616845329264926,55.67880428959517,45.22140256063253,50.17313973556242,1489.313,0.3213131633159661,0,1.733481002226903
B0041,43,1.2156494086360898,4.146039771927649,1.9984945380049617,3.3112454225976364,0.0021262684951209,-1.0084814254402212,-0.854360956636137,14.806765885071044,5.275702046718262,9.1548468826093,5608.781,1.1286043093565463,24,1.0771263219162883
B0041,44,1.1476416320946563,4.165360918422926,1.9980483774045472,3.3541760641303275,0.0015325716425561,-1.0102145854313622,-0.7981740885950975,13.99744937533934,4.780035939927946,8.881539906101905,5703.296,1.0654661470466302,23,1.0771263219162883
B0041,45,1.1194574527298191,4.187489255858448,1.969259944196061,3.3570606628058544,0.0015277751086007,-1.0150463617879395,-0.7810567570267977,14.356275659290002,5.919482194028105,8.750669611128531,5668.032,1.0393000616104342,22,1.0771263219162883
B0041,46,1.0841325641850128,4.186438859109176,1.9711826686049976,3.360601023233454,0.0034353988646014,-1.012201146303343,-0.7613195099194562,14.518586105925962,6.049196307789685,8.86215516188506,5634.047,1.0065045688014194,21,1.0771263219162883
B0041,47,1.0607784232892656,4.186571406423036,1.992456853950006,3.376453566741124,0.015402344614667,-1.0155779321659608,-0.7425489892830268,12.628628797798616,4.402765756364194,8.671218071184748,5582.375,0.9848226727966886,20,1.0771263219162883
B0041,48,1.0170312865626592,4.187026822244992,1.986081394208005,3.367042030219088,0.0030485900875226,-1.0096426599672783,-0.7321893718076325,14.249076739876308,5.9538134669429805,8.757399436040695,5567.329,0.9442079966565892,19,1.0771263219162883
B0041,49,1.0000374999808574,4.163770340966965,1.9641170559105663,3.364330094542419,0.0023277121884124,-1.0091487810629698,-0.7199523659573055,13.400963787224589,4.303002687643618,8.639658664137915,5528.453,0.9284310295209532,18,1.0771263219162883
B0041,50,0.991506494786248,4.187200947787786,1.9738816345942325,3.375116220071129,0.0021672121754227,-1.009833327026415,-0.7118463228821923,13.143596987494345,4.413148229926141,8.65548107609068,5513.39,0.9205108765908566,17,1.0771263219162883
B0041,51,0.9655644425371016,4.186784389157799,1.96202217374659,3.3621759630641312,0.0047756786715939,-1.009193591238253,-0.7087128423143153,14.777209247015293,4.203006390025938,8.759984675272241,5486.187,0.8964263734817008,16,1.0771263219162883
B0041,52,0.9383311962439672,4.186125026049552,1.9654140118768373,3.368210631607209,0.0034603801387855,-1.0088082268326934,-0.6979025722864983,14.304402604245366,5.6046085183707,8.830297151200996,5461.922,0.8711431307096884,15,1.0771263219162883
B0041,53,0.9298903389240268,4.186746028379296,1.986312676889039,3.370853913355754,0.0022272824153911,-1.010320954977875,-0.6933558264284685,14.331273599738246,5.733998101884978,8.799768115250679,5438.157,0.8633066707251961,14,1.0771263219162883
B0041,54,0.9072117399448598,4.163158535852763,1.9630747982406385,3.3581793261108124,0.0038054577068425,-1.0124340477235452,-0.6902880247189804,14.563719307573445,4.264205845763913,8.745105198865453,5402.875,0.8422519452786764,13,1.0771263219162883
B0041,55,0.9176870676937324,4.186772472927074,1.977943150303272,3.37598164284238,0.0028049895931582,-1.0090835879550415,-0.6857268851295145,13.829855263617011,5.566480675648516,8.946917298516645,5384.438,0.8519771999082691,12,1.0771263219162883
B0041,56,0.9157430721963028,4.186831658425379,1.963939885812909,3.375216189144452,0.0036906484090062,-1.0105284011067648,-0.6851603503311268,13.737164003906685,5.435374069240047,9.040543925569375,5344.859,0.8501724018470992,11,1.0771263219162883
B0041,57,0.9111662690050432,4.186655518987532,1.9702983324374248,3.378276210248986,0.002033510934024,-1.0086893503366123,-0.6819162824683657,12.81091218035467,4.471969426664863,8.532733645586704,5305.156,0.8459233150889953,10,1.0771263219162883
B0041,58,0.8968901443572698,4.18742749688236,1.9730383300739127,3.357682549706656,0.0018133685396086,-1.0089940440238492,-0.6894186362655551,14.671197747849568,4.586417910662455,8.782675041661408,5284.547,0.832669415005693,9,1.0771263219162883
B0041,59,0.8862133472800153,4.162787419492519,1.9838761544280687,3.372443445163586,0.0039332100550204,-1.0115567754248007,-0.6747860827784834,13.038382746716444,4.658353957704231,8.560357801003482,5267.843,0.8227571170142564,8,1.0771263219162883
B0041,60,0.8931124136187014,4.187165554713402,1.9788346452939312,3.3616482008091766,0.0021419900201196,-1.0167179389820475,-0.6895848665473618,13.71449439237538,4.736231487596505,8.764133478033603,5229.688,0.8291621840879233,7,1.0771263219162883
B0041,61,0.880898507091054,4.187045396695641,1.981400280220432,3.355787384613788,0.0054826376889736,-1.0092383149208406,-0.6897175362541831,14.575589138075149,4.393076091050365,8.765404824218605,5206.954,0.817822839501192,6,1.0771263219162883
B0041,62,0.8798879382023741,4.186293612544601,1.9709138772975625,3.372760796455529,0.0015529494938448,-1.009966218358327,-0.6799724655286791,13.067203225526349,5.137510763440577,8.755093905294753,5179.062,0.8168846311702674,5,1.0771263219162883
B0041,63,0.8682347537115443,4.187093036345873,1.963309434324626,3.3509928631825083,0.0011829916275836,-1.0090929337978087,-0.6917951426190972,14.838581695723231,4.616943449397521,8.893802155578395,5144.109,0.8060658588000056,4,1.0771263219162883
B0041,64,0.8443569490395516,4.16227646506248,1.969632856814267,3.3532732844068915,0.0021540940419955,-1.0114348379697002,-0.6809063812932633,14.14400886283852,5.200284242753549,8.81827276383748,5142.891,0.7838977953276429,3,1.0771263219162883
B0041,65,0.8657093203148538,4.186536627382842,1.9745500537070804,3.3628002392609977,0.0023120161465997,-1.0109225916210234,-0.68532451408367,13.627764711730384,5.497464666888083,8.817889726396931,5109.734,0.8037212559940898,2,1.0771263219162883
B0041,66,0.848696904019178,4.186463574636571,1.9757714925691647,3.3571560938046225,0.001279352101969,-1.008247978169289,-0.6877787777947552,13.996072333026769,5.49154401528712,8.813349159884925,5078.937,0.7879269931026126,1,1.0771263219162883
B0041,67,0.8364948433646345,4.186593388980786,1.9845398354520496,3.353212474513757,0.0014094178166973,-1.0087841111125984,-0.6879305049076954,14.227945473001952,5.016845959500307,8.798028132789177,5051.672,0.7765986461796305,0,1.0771263219162883
B0042,1,1.7287126633755356,4.186140431282269,2.129158438168119,3.4614155612128847,0.0017182819450348,-2.014638801503157,-1.8939211913974323,36.71744985096319,22.916770992915133,30.57466734048236,3360.922,1.0132191991074482,111,1.7061586129619046
B0042,2,1.7314706281853145,4.187001880186287,2.1712317301519577,3.4852386922159138,-0.0002011662056241,-2.0148053114573066,-1.919584179064593,35.70113647811508,22.539912627969,29.95773352180402,3289.406,1.014835675318292,110,1.7061586129619046
B0042,3,1.7282350363146088,4.187021318592124,2.095290280372333,3.488650146996854,0.0020564914579724,-2.015434761164688,-1.9414451091961449,35.604456217007545,22.25330254927013,29.6573718499772,3244.797,1.012939256165861,109,1.7061586129619046
B0042,4,1.720344742291621,4.186893543931745,2.1366970037230573,3.4946031502677606,-0.000184558167696,-2.0155565107237616,-1.952411218384564,35.76285352997919,22.14576006233928,29.58111945436258,3211.438,1.0083146603263862,108,1.7061586129619046
B0042,5,1.7221734367707635,4.187506351946306,2.168073033459323,3.5041466859903747,-0.0003839805140552,-2.015995237854003,-1.9696086717857544,36.007677297437105,22.50193566756556,29.852452033753185,3175.594,1.0093864800653305,107,1.7061586129619046
B0042,7,1.708669577331945,4.186160728297307,2.139145470034486,3.511927235956774,-0.0016426030143646,-2.0146673758608302,-1.9934476128094072,36.26317829568585,23.133782244082017,30.133153080135425,3121.672,1.0014717062944585,105,1.7061586129619046
B0042,8,1.7036476485918646,4.185572306171051,2.0578186631112567,3.509889497883845,-0.0016062938841261,-2.016448918600222,-1.9997503053848376,35.7623078299739,22.667392403357333,29.74045370897805,3102.937,0.998528293705542,104,1.7061586129619046
B0042,9,1.6958375743577971,4.185230831091511,2.0659696365057045,3.508503301766948,-0.0022447772973436,-2.016370882539026,-1.9995857055614807,35.6522927277619,22.397436866058804,29.503354124651093,3089.437,0.9939507156452528,103,1.7061586129619046
B0042,10,1.6949064846676911,4.185842765241663,2.128700063525188,3.509373848655516,-0.0001720142145016,-2.0173293605362743,-1.999480712152978,35.46408341742395,22.15647191474241,29.324509292718897,3077.75,0.9934049928249756,102,1.7061586129619046
B0042,11,1.6874768094352457,4.181929749098425,2.0313187007109774,3.5046118772654107,-0.0032857606579941,-2.0179688284834034,-1.9994501505976243,35.57686579319408,21.97680688887855,29.22569193760115,3074.875,0.9890503711760849,101,1.7061586129619046
B0042,12,1.685989172917945,4.185220171197086,2.1649043558777703,3.5095049490219243,0.000490573238557,-2.018830939124682,-1.9994421818851504,35.388257294125744,22.039358695383665,29.23821053272865,3061.891,0.9881784495938832,100,1.7061586129619046
B0042,13,1.6782864747774933,4.185080917700821,2.0349571700229223,3.505007993364287,-0.0028296503882772,-2.019325717882185,-1.999407899212143,35.480764002425865,22.00429647370857,29.20609205353922,3058.469,0.9836638059482494,99,1.7061586129619046
B0042,14,1.6739647640901527,4.184485186999273,2.181544114739576,3.508074728787427,-0.0012797017519862,-2.0198651097991984,-1.9990854937416904,35.44318242068533,21.97729047549452,29.18392032247409,3040.75,0.9811307995474916,98,1.7061586129619046
B0042,15,1.6722378801237066,4.184791585601031,2.113769860085841,3.505745200469688,-0.0026521214547926,-2.019707495930309,-1.9991858462433607,35.53526888191109,21.937196310338024,29.15371412789473,3037.641,0.9801186521695592,97,1.7061586129619046
B0042,16,1.675989790049197,4.184774909668599,2.098421577709346,3.5048985290607786,-0.002175708409508,-2.019811604847253,-1.9989914019015809,35.63389752973798,21.827025575894588,29.10632507144163,3044.828,0.982317691518531,96,1.7061586129619046
B0042,17,1.6618247672847988,4.183886479555269,2.037616415551784,3.5020910209596536,-0.0028485703598498,-2.019941517456099,-1.9988805936646044,35.59922975777694,21.89229814678285,29.12674242401516,3030.25,0.9740154020028994,95,1.7061586129619046
B0042,18,1.6606710352566112,4.185135902762495,2.187174985653482,3.5056874475759354,-0.0001594504107652,-2.020188403345957,-1.998923841150207,35.43687423276839,21.904699326684245,29.11535255703125,3017.578,0.9733391858413876,94,1.7061586129619046
B0042,19,1.6530644874507203,4.1851821245426,2.072733153164181,3.501789524982507,-0.0007384060495031,-2.0200971028016084,-1.9987415414363177,35.61618852753751,21.879984390778024,29.12272547212756,3015.0,0.968880897058561,93,1.7061586129619046
B0042,20,1.649953986270456,4.1837159565353605,2.153538168709435,3.5025833976800564,0.0006422289496137,-2.0220817004003178,-1.9984049924032647,35.607533152172905,21.894505247973274,29.13774561916092,2999.454,0.9670577950581764,92,1.7061586129619046
B0042,21,1.681297805444492,4.180907860399083,2.0832977472531726,3.503798387367924,-0.0013752044979968,-2.02087074020935,-1.998790931331189,35.78017086282214,22.055422569884072,29.35747712988229,3054.859,0.9854287829229113,91,1.7061586129619046
B0042,22,1.6700520424481298,4.1839131722082135,2.199482829433638,3.512523395065813,-0.0009057434365643,-2.0221682438178825,-1.9987942581899856,36.29735151754127,22.902106092162704,30.058298726634376,3034.875,0.9788375065252032,90,1.7061586129619046
B0042,23,1.667181860354792,4.186499199755687,2.053610599291471,3.509324438333478,-3.264133466017354e-05,-2.019460626145152,-1.9986644728662533,36.77407258413331,23.25558148148619,30.33555213624584,3030.0,0.9771552584202892,89,1.7061586129619046
B0042,24,1.6568865613275168,4.185720302344454,2.0842633816547624,3.507216525411572,-0.0001220087296782,-2.0196503096891822,-1.9984721935924128,36.6898808416456,23.13255340128993,30.22790176989086,3011.781,0.9711210603398408,88,1.7061586129619046
B0042,25,1.6449819446579936,4.183888714545253,2.1599889328107214,3.505518579562988,-0.0016208708068343,-2.0197092405916743,-1.9985308662699577,36.474588298798025,22.93357506899713,30.04068826163031,2990.25,0.9641436219123216,87,1.7061586129619046
B0042,26,1.639214585000014,4.18402917199016,2.1678081694534352,3.5041328171645443,-0.0017287035571895,-2.021433558764001,-1.9984054053915887,36.53730084509967,22.75566941167782,29.995148407588697,2980.234,0.9607633033334017,86,1.7061586129619046
B0042,27,1.6410599890208055,4.1826825462923845,2.0092759412003707,3.500597395262485,-0.0008327829483928,-2.0209567624857296,-1.9983882415644911,36.91332213005366,23.09265902488124,30.299545316589416,2994.844,0.961844916734859,85,1.7061586129619046
B0042,28,1.643269651219848,4.185893529479634,2.0586265993400703,3.504252997343204,-0.0011614647093873,-2.0209872934269897,-1.998374293478694,37.19792815636057,23.575970837477485,30.68092451180232,2987.672,0.9631400262177964,84,1.7061586129619046
B0042,29,1.6298673102402297,4.185186392104773,2.043267705708337,3.501278659398817,-5.594487778162568e-05,-2.0191972634782047,-1.9981525515062304,37.30788971906059,23.502479291188067,30.66343528779561,2975.1100000000006,0.9552847536318838,83,1.7061586129619046
B0042,30,1.6238536344658807,4.184091250625792,2.192115165922968,3.501431066556208,-0.0020558705875255,-2.0193297812824187,-1.9980383822206629,36.91850317978018,23.25101099435588,30.40848004603748,2953.219,0.9517600662267022,82,1.7061586129619046
B0042,31,1.6186308887044174,4.185322505991986,2.009457332273357,3.4934993616796306,-0.0013207371739492,-2.021266928188253,-1.9979232246026064,37.047150483309736,22.971790357139568,30.239404481904074,2955.484,0.9486989523760992,81,1.7061586129619046
B0042,32,1.6193418112441196,4.184033603294302,2.022898050960585,3.491928488990642,-0.0004212906719527,-2.019754051447638,-1.997803306177237,37.11898525927804,22.750486671200427,30.138707501965232,2957.016,0.9491156325922884,80,1.7061586129619046
B0042,33,1.614593271326993,4.186164958491378,2.0786601580627257,3.4957274527798257,-0.0010122095977501,-2.0194164856966417,-1.9980185647316373,37.20592886199134,23.20335228956989,30.49092272629849,2948.219,0.9463324564672488,79,1.7061586129619046
B0042,34,1.6072040891927848,4.18461988628569,2.0245603644426806,3.4919326250007057,-0.0028809767398297,-2.018937306071589,-1.9977650982407589,37.36855348711016,23.33268094876225,30.52916769412123,2935.5,0.9420015683082746,78,1.7061586129619046
B0042,35,1.6012663590062357,4.184040894709915,2.1378818450405794,3.4900059195673445,-0.0009847832694445,-2.0197870445936115,-1.997573162796484,36.95276259711366,22.939046141588143,30.17961904981464,2913.797000000006,0.9385213935218044,77,1.7061586129619046
B0042,36,1.594040741063104,4.184856050801538,2.183476039948653,3.487760577211602,-0.0023660890760905,-2.019731795851263,-1.9975539729276184,36.815592394057184,22.62107627575683,29.93310245467766,2900.703,0.9342863722944472,76,1.7061586129619046
B0042,37,1.5946888289374477,4.183683003795162,2.0156684625826635,3.4820338003810947,-0.0006941638440918,-2.019357908989728,-1.9973829316274176,36.96422627426333,22.33910192769368,29.85511285240877,2914.031,0.9346662243606152,75,1.7061586129619046
B0042,38,1.5882100957302596,4.184611325870051,2.0632481862122884,3.48577689890886,-0.000639818779015,-2.019389721774823,-1.9975492343534864,37.23035953747147,22.822384651747097,30.25738766927605,2901.968,0.930868961223432,74,1.7061586129619046
B0042,39,1.587985558077698,4.185413957037178,1.9973214087149431,3.484962036012865,-0.0003929117547398,-2.021379730129784,-1.99750227709408,37.46832272742832,23.226244445744424,30.562785800580222,2901.734,0.930737357015678,73,1.7061586129619046
B0042,40,1.5799165406650344,4.184723241072492,2.040034213071634,3.4839596946536755,-0.0014477021978065,-2.019502208637406,-1.997334294795813,37.6505920814981,23.23571385375572,30.59004134732037,2887.407,0.926008009256705,72,1.7061586129619046
B0042,41,1.5655946193652834,4.182701394192162,2.11763338483894,3.479594890613384,0.0007887257964197,-2.02072945969767,-1.9971237584867627,37.16199226931662,22.885196264237926,30.190272809188617,2861.937,0.9176137596301196,71,1.7061586129619046
B0042,88,1.4377344766079456,4.091725418867881,2.1679616860507585,3.375833171038118,0.0007729257222862,-1.0117101728405982,-0.9606132638664066,12.075623262738652,4.866447950679472,8.336150156814936,5608.781,0.8426733984081511,24,1.7061586129619046
B0042,89,1.5246019289244055,4.159841572444575,2.180850179577844,3.4250125349211604,-0.0004661894984513,-1.0157168253561746,-0.9944195894158236,11.61044167945082,4.392392021662698,8.088311260303593,5703.296,0.893587452738456,23,1.7061586129619046
B0042,90,1.5215273965539478,4.180350451491815,2.148712088809679,3.427812476893316,-0.0013941777112871,-1.014585811777543,-0.9986292541736456,12.416393344856289,5.45862942281849,8.108636077883194,5668.032,0.8917854324883455,22,1.7061586129619046
B0042,91,1.5155323631175952,4.180484652340476,2.126630218048744,3.426023627609226,0.0004917354460156,-1.0152252739169738,-1.0007710730973127,12.741907914911504,5.378401802765508,8.179473273978417,5634.047,0.8882716715807678,21,1.7061586129619046
B0042,92,1.5044249661534554,4.179828984428225,2.177720591678305,3.427137964017458,-0.0003758615075627,-1.015528714589196,-1.0029400958959638,11.812176644627147,3.942522219778396,8.133323147997125,5582.375,0.8817614931719402,20,1.7061586129619046
B0042,93,1.5001507149498807,4.179688473119865,2.1738551413791023,3.4224753028837007,-0.0017314201089289,-1.0152994782253597,-1.002976218809888,12.77319183354637,5.433875343316513,8.221548017024785,5567.329,0.8792563033431032,19,1.7061586129619046
B0042,94,1.489011227320312,4.156718320546126,2.1739453453589515,3.4137666152192327,-0.0025000475145131,-1.0156907563945252,-1.0029036577307848,11.714847602816857,3.948091350954695,8.196033184015114,5528.453,0.872727316210875,18,1.7061586129619046
B0042,95,1.4810149357562843,4.179126280631904,2.1496986936751377,3.415284661394718,-0.0012569793191836,-1.0141702039281322,-1.0028526103336208,11.58953853216132,4.856942399753029,8.16363192494008,5513.39,0.8680405939429223,17,1.7061586129619046
B0042,96,1.476262027748574,4.178321190076967,2.130871451051632,3.411339830211172,-0.0019003583424086,-1.015116075388854,-1.002761137143926,12.228023164640565,3.7743106596445495,8.182297960881899,5486.187,0.8652548576276691,16,1.7061586129619046
B0042,97,1.466255102543896,4.177914160605347,2.1249846428522594,3.406171736681637,-0.0012356705884221,-1.0161898571210812,-1.0028500275234071,12.995413081963957,4.866093726205865,8.239851195999249,5461.922,0.8593896788988836,15,1.7061586129619046
B0042,98,1.459328259381702,4.177668141485771,2.124079082604729,3.404061107280645,0.0005687903234577,-1.0156335856045815,-1.0027529355519171,13.00690019959285,5.064328187477132,8.314381068196377,5438.157,0.8553297731494593,14,1.7061586129619046
B0042,99,1.445704157754381,4.153042890139087,2.157698091133544,3.3920891926927386,-0.0020212433897954,-1.0151373782288406,-1.0027471224260915,13.003396618491456,3.760749320682264,8.203300249486228,5402.875,0.8473445239916043,13,1.7061586129619046
B0042,100,1.4400686089389023,4.176783274878805,2.128860427750212,3.396207267678132,-0.0017615914551981,-1.0156661309978,-1.0026619793717584,12.802739574235911,5.127499040352615,8.252382764570392,5384.438,0.8440414613263488,12,1.7061586129619046
B0042,101,1.4290313659547842,4.176835821672092,2.162828573021361,3.395827065629725,-0.0012958453819805,-1.015570651710456,-1.002740647957347,12.748426837127605,5.268947360045857,8.247452041994245,5344.859,0.83757240100554,11,1.7061586129619046
B0042,102,1.414172188151386,4.1765571620332524,2.1882897882574714,3.39249312765024,-0.0024425355844481,-1.0147574189655575,-1.0027179745166035,12.453422458173543,5.033635313790021,8.179356055314594,5305.156,0.8288632589067274,10,1.7061586129619046
B0042,103,1.415603079129078,4.1766999837334025,2.1285029465259013,3.389283502389414,-0.0013228207107746,-1.015910590106893,-1.0026894950538925,12.1691500239434,4.9905387057055535,8.33800631225338,5284.547,0.8297019212484471,9,1.7061586129619046
B0042,104,1.3994410223300702,4.150196439454072,2.158726692822152,3.377876069069322,-0.0016492952707308,-1.0159094949842238,-1.0025103497063337,12.726444405331804,4.9273863857427855,8.293330795902381,5267.843,0.8202291461639839,8,1.7061586129619046
B0042,105,1.395963528579491,4.175707583064406,2.1998128745691083,3.386987302997725,-0.0005976709915398,-1.015635228418542,-1.0024134076376698,12.125723483812015,5.217565120870593,8.373136255476883,5229.688,0.818190945422177,7,1.7061586129619046
B0042,106,1.3929784652630588,4.176508363415245,2.1540885607694915,3.3829130588839496,-0.0028143667405868,-1.016152801679653,-1.0024655689800792,12.11350286924164,4.923982446005675,8.329037453715973,5206.954,0.8164413640563214,6,1.7061586129619046
B0042,107,1.3740772023800918,4.175329405348679,2.159795216779738,3.3774651407729346,-0.0010365158630051,-1.015180208545858,-1.002446169377572,12.960410174687055,5.561928665836724,8.396128944133206,5179.062,0.8053631074749159,5,1.7061586129619046
B0042,108,1.3752493030002435,4.175181369358572,2.185043715780537,3.3780934843236405,-0.0007376994377314,-1.014696180145089,-1.002355515867145,12.4262328165013,4.134321617243554,8.43692173445999,5144.109,0.8060500896882031,4,1.7061586129619046
B0042,109,1.3671966130854505,4.147372136171002,2.1784898920030544,3.364163079749717,-0.0015101895474657,-1.0153472628222506,-1.0023378437056385,13.21754189086476,4.481717410647008,8.419794670115083,5142.891,0.8013303116713085,3,1.7061586129619046
B0042,110,1.356887600783644,4.174822480867543,2.189853076065801,3.3705853863809336,-0.0011949572748057,-1.015989585590983,-1.0021679698004895,13.047668558877342,4.950165168661344,8.409805733876953,5109.734,0.7952880760763951,2,1.7061586129619046
B0042,111,1.3449320225969348,4.174669508085626,2.169597235193881,3.366371835007897,-0.0003718638051042,-1.0147917391902936,-1.0021759719497003,13.073094195785368,4.931862010617464,8.370055044633526,5078.937,0.788280768493219,1,1.7061586129619046
B0042,112,1.3374691704584258,4.174072805021775,2.153907127504055,3.3609438971566736,2.465679595063534e-05,-1.0152446711938672,-1.0021900129076768,13.27910289077086,4.286490828675208,8.33428157906845,5051.672,0.7839067014622801,0,1.7061586129619046
B0043,1,1.713782642126885,4.204104775621549,2.421307986424623,3.475911687674208,0.0027590308545401,-1.990987822798042,-1.8551004388985552,36.84241052511593,22.74851289531124,30.907894474048284,3360.922,1.0349440875918945,111,1.6559180951644557
B0043,2,1.6955681658647108,4.205053773882487,2.4612810169393184,3.4897388185035,0.0018606614408892,-1.9917802328214216,-1.8688899233782807,36.2511342416132,22.372949334869,30.363796429604484,3289.406,1.0239444636881738,110,1.6559180951644557
B0043,3,1.6814906372051954,4.204546702288046,2.3997609695216755,3.490123432176804,0.0006171347576784,-1.992161929805588,-1.8840563804062689,36.12855723169499,22.121030952775914,30.07611798184701,3244.797,1.0154431201128942,109,1.6559180951644557
B0043,4,1.6786372409532953,4.204756646870948,2.399740066713552,3.4940185374934947,0.0013219649313469,-1.9914034366675075,-1.89408796703159,36.35251788056927,22.07957801886461,30.05896964075817,3211.438,1.013719969517323,108,1.6559180951644557
B0043,5,1.6694168550864992,4.204750835132976,2.3786378834863195,3.5005489873453817,0.0003667088363332,-1.9917916805558111,-1.9103670337506284,36.75256708066779,22.54806857284889,30.417149405736243,3175.594,1.0081518282585726,107,1.6559180951644557
B0043,7,1.6611938521224778,4.204901465726193,2.416288536712014,3.507465391169604,0.0008785937306626,-1.992343743472965,-1.9268034708959647,36.83142721849718,23.28940869791394,30.61757472198721,3121.672,1.0031860011515232,105,1.6559180951644557
B0043,8,1.6506423382064332,4.205123789023272,2.3791815969853816,3.5054667200956016,0.0006505199361241,-1.991761741760116,-1.932476967483216,36.54735803665934,22.82565192764952,30.258236869364143,3102.937,0.9968139988484764,104,1.6559180951644557
B0043,9,1.6424273190907783,4.204720843069481,2.4666546752460183,3.505146635224542,-4.053565775769004e-05,-1.9926632981632448,-1.9255143226505496,36.223678523702304,22.28596476376554,29.93668403786701,3089.437,0.9918529931443636,103,1.6559180951644557
B0043,10,1.6353664801041328,4.204351643955918,2.429311406516166,3.5024428414174498,-0.0003001325467794,-1.9910210969809976,-1.924996304077744,36.16960256825446,22.04776019407551,29.74762436888935,3077.75,0.9875889905905753,102,1.6559180951644557
B0043,11,1.633232875930849,4.203254409200642,2.4024069940444392,3.5007336141613488,8.03685131861218e-05,-1.9917602339187832,-1.9244448695912968,36.19613432531801,22.03233666280654,29.69903545896236,3074.875,0.9863005185462668,101,1.6559180951644557
B0043,12,1.6258840554387932,4.204230992986033,2.406157541131262,3.501947249481621,0.0007316620638213,-1.992540822877361,-1.9239340941617733,36.217566438813456,22.13794478671932,29.746622188626663,3061.891,0.9818626055157156,100,1.6559180951644557
B0043,13,1.617976174654771,4.204061240829561,2.415785415380386,3.5002499918856302,6.37208826967672e-05,-1.992323077219212,-1.916896100852633,36.09047688646367,21.93064744860828,29.64298730621872,3058.469,0.9770870789923238,99,1.6559180951644557
B0043,14,1.6136652707273988,4.204423283955662,2.400209592232293,3.5007698538114447,0.0013629600237778,-1.992372409835,-1.9227329924422063,36.148984496134304,22.073666648142986,29.6639395578783,3040.75,0.9744837473783022,98,1.6559180951644557
B0043,15,1.605821026619692,4.204490583977483,2.4374747406672226,3.500494760856032,-0.0004960590638573,-1.9935372199400443,-1.9157256805286995,36.15795969792578,22.04900239747061,29.637650852441404,3037.641,0.969746650700264,97,1.6559180951644557
B0043,16,1.6033527961961531,4.202477824031488,2.3865949081957893,3.496170045175857,-9.649659603026656e-05,-1.9925774400879448,-1.9087255587088567,36.16956081888435,21.79423965834761,29.59359706740164,3044.828,0.9682560996695418,96,1.6559180951644557
B0043,17,1.5951342406182645,4.204489330076927,2.4489169685849195,3.4993157107183803,0.0004486261680142,-1.991618906287858,-1.9078668399519791,36.13182777424954,22.03954138522161,29.63922727943673,3030.25,0.9632929583149736,95,1.6559180951644557
B0043,18,1.5878135544728509,4.204953662033176,2.4933649317176108,3.50080829213355,0.0006829786283691,-1.991997740216363,-1.907455457642798,36.12995412374782,22.218607583795134,29.666195384468185,3017.578,0.958872035464507,94,1.6559180951644557
B0043,19,1.5800601969084245,4.204018303566451,2.473993010608268,3.497552326899387,0.0008361130921469,-1.9916623493440428,-1.9000139238260705,36.115379230424814,21.88005459080936,29.63594983275552,3015.0,0.954189824679404,93,1.6559180951644557
B0043,20,1.575565087879128,4.20390099564762,2.4568566798816054,3.4969748978677377,0.001571483584186,-1.991543270285861,-1.904134059211754,36.260266208231016,22.09491692470087,29.671876354508125,2999.454,0.9514752525985608,92,1.6559180951644557
B0043,21,1.5950169012164208,4.19682124697899,2.389783772934692,3.4931433851686124,-0.0001763084520968,-1.9935482540074148,-1.892947266536292,36.73407518988127,21.93977756925852,29.993152820136338,3054.859,0.9632220976835292,91,1.6559180951644557
B0043,22,1.5898075522577595,4.202479371762253,2.3834815017568327,3.500270597096414,-0.0008798809511987,-1.9935266008477728,-1.8991542942688264,37.35435994505973,22.79010014307321,30.681276254794994,3034.875,0.9600761999643886,90,1.6559180951644557
B0043,23,1.5807953202097411,4.204284851556785,2.427559147580718,3.5026578112869,-0.00106779045115,-1.992097101122076,-1.8917722041126424,37.40944456827136,23.147488082629188,30.871236598447616,3030.0,0.9546337616733068,89,1.6559180951644557
B0043,24,1.5704333289187615,4.20378732342866,2.458384607788224,3.501870413763956,0.0008091845029971,-1.9921457624515235,-1.89078274822848,37.26366414928814,23.181964893680902,30.779999574712413,3011.781,0.9483762110606054,88,1.6559180951644557
B0043,25,1.5643368431897875,4.204330620589128,2.394787213470724,3.4967579517606566,-0.0009103473917132,-1.9912425550809048,-1.8968520026147064,37.27002790978136,22.828460913409543,30.581480715523952,2990.25,0.9446945762341143,87,1.6559180951644557
B0043,26,1.558307017802491,4.2038717516378,2.365525236922006,3.49384677327976,0.0019895389494122,-1.991041676372342,-1.8960710046785776,37.37612563137064,22.613478996348647,30.54660596288561,2980.234,0.9410531972281692,86,1.6559180951644557
B0043,27,1.5537149289772467,4.202475048160179,2.474272882432229,3.498085824975237,0.0006647374957945,-1.9909446444723564,-1.8818174142025104,37.57568180724724,22.97635708986064,30.92329503843904,2994.844,0.938280059571993,85,1.6559180951644557
B0043,28,1.549528250585513,4.203857283529741,2.472059854681912,3.499824440494276,-0.0004086432007874,-1.991996113254465,-1.8812480163452203,37.80943515485114,23.466158715991067,31.22588451407772,2987.672,0.9357517470884472,84,1.6559180951644557
B0043,29,1.5424430535161062,4.203991230539982,2.4838780206846622,3.4987433448544607,0.0007408592528157,-1.99144467027302,-1.8805764098134792,37.69836973093636,23.53524208211845,31.163201064541543,2975.1100000000006,0.93147303481995,83,1.6559180951644557
B0043,30,1.54256227031715,4.205957997721127,2.429175425635552,3.496873891743175,-0.0013347831229541,-1.9937155470584813,-1.894075082590409,37.67202323454292,24.066452352307945,31.13064506703593,2953.219,0.9315450292026384,82,1.6559180951644557
B0043,31,1.5309356452520158,4.203785685934744,2.397532773087188,3.4895372240361704,-0.001418515211249,-1.9926097349240808,-1.8790362639465747,37.5846177818102,23.210579274230103,30.83723273528384,2955.484,0.9245237730794726,81,1.6559180951644557
B0043,32,1.5247733176952427,4.202128090345783,2.435189655089205,3.4871652344467075,0.0001300946092341,-1.9922654806203883,-1.871083644826525,37.57163850758581,22.6005385062199,30.641318807832377,2957.016,0.9208023767285493,80,1.6559180951644557
B0043,33,1.5196742408779502,4.203512527913386,2.4649257198080514,3.4906015804101496,0.0007569359179292,-1.990969048853236,-1.8702004234947456,37.83811660125229,23.044631321913247,31.01732542847249,2948.219,0.9177230717603974,79,1.6559180951644557
B0043,34,1.5123696925788683,4.203182025095136,2.4457109146915506,3.4876146185117345,0.0010801247264375,-1.991978047763166,-1.8695581981674536,37.76120652410461,23.15753369175818,30.93897323974993,2935.5,0.913311894468228,78,1.6559180951644557
B0043,35,1.499914486202397,4.202993560256935,2.4807762094187127,3.484285707517909,-6.834459439358272e-05,-1.9913479340556115,-1.8681373339121088,37.43416840833683,22.75595694417365,30.585360437692227,2913.797000000006,0.9057902625633392,77,1.6559180951644557
B0043,36,1.492410627118825,4.203399051569862,2.482626305221594,3.48110708958048,0.0015269350505374,-1.991255410410246,-1.8672666650634016,37.31899313705125,22.49213732688199,30.3648233882985,2900.703,0.9012587225641784,76,1.6559180951644557
B0043,37,1.492624987952706,4.2008898664224255,2.397470273055264,3.475104459646633,0.0014447698059237,-1.991416403593573,-1.859488610221644,37.58604736335072,22.19536882270379,30.432401864910737,2914.031,0.9013881739147658,75,1.6559180951644557
B0043,38,1.4924024018806028,4.203438298553452,2.370171214445116,3.4772044059441005,-0.0002840397519759,-1.9932848499087763,-1.8662699457286127,38.06717620893625,22.683699351856536,30.831835959630617,2901.968,0.9012537553872112,74,1.6559180951644557
B0043,39,1.4853020201751674,4.203125269256038,2.467002990449064,3.482172936874988,0.0001177864651307,-1.9915678335386533,-1.8580509519301625,38.03429813873292,23.072158171530635,31.094991080529404,2901.734,0.8969658731989738,73,1.6559180951644557
B0043,40,1.477208127101587,4.203051054659131,2.476788514821077,3.4803385610467843,-0.0001800246189846,-1.9914103858193752,-1.8570868946683128,37.8850432804777,23.07534146448387,31.038470618761803,2887.407,0.8920780148579026,72,1.6559180951644557
B0043,41,1.4694738525181406,4.203121514305449,2.4014857684023228,3.4714831954460226,0.0004906338413997,-1.9914698934009565,-1.8634355664455715,37.72173567628911,22.67357072841237,30.652253424171764,2861.937,0.8874073281820146,71,1.6559180951644557
B0043,88,1.5250840516518187,4.151713316448254,2.487710804240493,3.4693912792577155,-0.0035710956269996,-0.9989196316837596,-0.9908307773272778,11.059155779143234,4.8323692369241,7.784854957371514,5608.781,0.9209900272877668,24,1.6559180951644557
B0043,89,1.552568811301301,4.1860990142535135,2.4700528908595785,3.489663125237392,0.0004325901221601,-1.0004222702851215,-0.9917840133525034,10.464754894665266,4.332623990652337,7.677310156075022,5703.296,0.9375879252935572,23,1.6559180951644557
B0043,90,1.5427752626774387,4.20024763178396,2.4917865311625422,3.4883481289690543,-0.0015044521542329,-1.0013749229178603,-0.9917267979357508,11.117824082083432,5.517278023626756,7.720355963617298,5668.032,0.9316736541394094,22,1.6559180951644557
B0043,91,1.533193283126468,4.199618145627328,2.4681420264399123,3.4828518772266346,-0.0029166043859581,-0.999906490000437,-0.9915700758751732,11.465947003288688,5.290754145842495,7.795012554263815,5634.047,0.925887148406456,21,1.6559180951644557
B0043,92,1.515272194917202,4.1989206972349695,2.484034640402104,3.4797712380230035,-0.0017843806336135,-1.0000803262722175,-0.9892746508058018,10.672391649812306,3.941939487499012,7.802002705131443,5582.375,0.9150646999643508,20,1.6559180951644557
B0043,93,1.5074989761997712,4.198909615049439,2.482098506414688,3.4723642645257145,-0.0003884534970397,-0.9998205155477988,-0.9870448856228408,11.55324188297086,5.404348495944301,7.8854226977198625,5567.329,0.9103704951361472,19,1.6559180951644557
B0043,94,1.4896288908647644,4.182123550892078,2.499544886162908,3.465591847973898,0.0004637317379664,-0.9995028844280672,-0.982521155601079,10.678188237457311,4.012126831459005,7.865599621307659,5528.453,0.8995788470545238,18,1.6559180951644557
B0043,95,1.4780778852088083,4.198072340064109,2.4624361945446704,3.4621709600387423,-0.000444670458366,-0.9994974790321102,-0.980081623195562,10.67885056037868,4.807700816743437,7.840911830800532,5513.39,0.8926032570844119,17,1.6559180951644557
B0043,96,1.4700035345334466,4.19729618680157,2.4931009972754072,3.4569777103220325,-0.001261398550607,-1.0007522715759782,-0.9774850815985034,11.249497515672802,3.7521686599542687,7.866129688953066,5486.187,0.8877272002921466,16,1.6559180951644557
B0043,97,1.4565623180137075,4.196562826262564,2.462787320418678,3.449217752251389,0.0009610082927127,-1.0074496368791506,-0.9753322406906504,11.637480263714384,4.867001171567123,7.939327355814949,5461.922,0.8796101221836402,15,1.6559180951644557
B0043,98,1.445976962830235,4.1961404278065615,2.497516098993309,3.447579855504856,0.0023577383035202,-0.9995519473703496,-0.970424713185739,11.797524620709758,5.059231250073244,8.020423171340544,5438.157,0.873217683321849,14,1.6559180951644557
B0043,99,1.4325855992469252,4.178175250938716,2.472999574663348,3.4358831885309766,-0.0002025304922338,-1.0000552345201277,-0.970256674882607,11.717322041018162,3.744411749265198,7.909281139740462,5402.875,0.8651307111325754,13,1.6559180951644557
B0043,100,1.4197344854662963,4.195619110791885,2.4798848457409326,3.4393737351491587,-0.0004145189886527,-1.0000587870310462,-0.9652466121144252,11.400146543773252,5.169956637721328,7.9764627392531535,5384.438,0.8573699928831908,12,1.6559180951644557
B0043,101,1.401262575071573,4.195354802720307,2.483308761917933,3.437163038991663,0.000491200052255,-0.9996583037293504,-0.9624204407769305,11.27412857657329,5.330701318871918,7.975220288628877,5344.859,0.8462149058963018,11,1.6559180951644557
B0043,102,1.3862945308535968,4.195137899317883,2.472272668800468,3.432715938014848,-0.000497601105255,-1.0003023505936774,-0.959579561659367,10.939205926809544,5.089357799320184,7.919276364601211,5305.156,0.8371757847817458,10,1.6559180951644557
B0043,103,1.384130256052478,4.195919647393222,2.4995232811069013,3.431279378146064,-1.523743837134638e-05,-0.9997391001993594,-0.9569605305508408,11.469256268063758,4.916489735710996,8.087848756281263,5284.547,0.8358687909108298,9,1.6559180951644557
B0043,104,1.3651743201871416,4.176270279535014,2.492874341811692,3.423768606452633,0.0003722025001506,-0.99934176839957,-0.9522133825707908,11.07680003582411,5.04116977986091,8.02258709983945,5267.843,0.8244214035547216,8,1.6559180951644557
B0043,105,1.361508332192898,4.195157601948688,2.466722917823166,3.425776013992083,-0.0004598315898297,-0.9985673084050938,-0.9541332483411132,11.26155378961363,5.159444442594697,8.12948679263687,5229.688,0.8222075331918403,7,1.6559180951644557
B0043,106,1.351001663879717,4.195480097537295,2.470780211742849,3.4199159770745933,-0.0001654185151032,-0.9980068368798176,-0.951277080781025,11.576966830401837,4.862417920186084,8.089656475775936,5206.954,0.8158626129063128,6,1.6559180951644557
B0043,107,1.3282588067265129,4.1943133355165845,2.4848489819284896,3.419545032162598,0.0008465508340473,-1.000251640119134,-0.9432133015363676,11.16400609714747,5.684438439783706,8.144440591218109,5179.062,0.8021283242240301,5,1.6559180951644557
B0043,108,1.3257206687421472,4.194450936586587,2.4661345187240347,3.4121967412564467,0.0011324508413777,-0.9983916549138828,-0.9477871437594548,11.988971088033123,4.136944134078735,8.231983414070719,5144.109,0.8005955563946445,4,1.6559180951644557
B0043,109,1.314290971597844,4.173215087704208,2.472581288872932,3.407362058046422,0.0032808403710279,-0.9999277500600487,-0.9403317488154684,11.73519417014362,4.541378151215567,8.207473278156359,5142.891,0.7936932239799678,3,1.6559180951644557
B0043,110,1.300326009481109,4.193501778898149,2.4919564449811342,3.412871239691597,-0.0002897953368181,-0.9989961791594164,-0.9372882788479068,11.299125699617386,5.062725266929668,8.189312466474622,5109.734,0.7852598587323056,2,1.6559180951644557
B0043,111,1.2881071401556836,4.193305249397542,2.485517355170574,3.408624211537015,-0.0003544133355372,-0.9986368638895086,-0.9340008362934732,11.376911439849154,4.938219232151636,8.139466322876048,5078.937,0.7778809494969355,1,1.6559180951644557
B0043,112,1.2767801501201566,4.192997819348426,2.499796953515674,3.405803295662315,0.0009278861134754,-0.9990064665951188,-0.9308225674416872,11.488807348025915,4.306619484362203,8.11394700059043,5051.672,0.7710406413508963,0,1.6559180951644557
B0044,1,1.686525555152074,4.181787286734685,2.6909422904080547,3.439679725636751,0.0029597441973948,-1.9964791277692224,-1.809834345606809,37.78004007704112,22.89819136308009,32.08333169533252,3360.922,1.0401827592336268,111,1.6213742634944763
B0044,2,1.6624606531639186,4.183923616071334,2.685251535316881,3.452824239327816,0.0013695111015536,-1.996937518623866,-1.8219328456366493,37.37920163006831,22.48508893482155,31.44294016626267,3289.406,1.0253404723354191,110,1.6213742634944763
B0044,3,1.6534010755700512,4.183717457974608,2.6435613323767395,3.4521568195939896,0.0012889246721638,-1.997287749488606,-1.8359320421754788,37.15907806475986,22.240089226113486,31.14990089807352,3244.797,1.019752880501846,109,1.6213742634944763
B0044,4,1.6452145903490936,4.183480576276661,2.6433677125804977,3.4552256770525456,0.0013397859482086,-1.9967295286630409,-1.8454888344252125,37.12091726941865,22.149471524549643,31.12954746264574,3211.438,1.014703777771355,108,1.6213742634944763
B0044,5,1.635664062367341,4.181986298076157,2.684789036307898,3.463672030116032,0.0017733280248056,-1.9979913128709887,-1.854699294407156,37.70825289621454,22.51817659719432,31.51399426167105,3175.594,1.0088133870103912,107,1.6213742634944763
B0044,7,1.6267769765146465,4.183320051971667,2.6725301429926103,3.4680330762776053,0.0006334345228696,-1.9967897857151824,-1.8756028913091127,37.649599494653536,23.10770092672458,31.634787338016164,3121.672,1.0033321813117508,105,1.6213742634944763
B0044,8,1.6159715504743064,4.183385673000076,2.69384241497005,3.4679406316174908,0.0033231258814095,-1.9971940723453785,-1.8740941775158024,37.14337821498799,22.666098176277377,31.273656122735403,3102.937,0.9966678186882492,104,1.6213742634944763
B0044,9,1.6076028386649623,4.183075069105795,2.676337924495192,3.465103331199183,0.00045380433139,-1.9966888809490444,-1.87297275010726,37.11952925248905,22.361891686472,31.0513882525287,3089.437,0.9915063257511976,103,1.6213742634944763
B0044,10,1.6003360401431612,4.18316470580942,2.667857305000976,3.463878052026492,0.0017642344012601,-1.9967525939808977,-1.871931466677304,36.8278472964388,22.10778895384647,30.82531560391141,3077.75,0.9870244496751956,102,1.6213742634944763
B0044,11,1.5978700914991917,4.1809489315384525,2.651692148341609,3.4618790737027214,-8.403253962669601e-05,-1.997645249612211,-1.8711336666924587,37.07362320866197,21.994946007236376,30.7723062220746,3074.875,0.9855035493503966,101,1.6213742634944763
B0044,12,1.5900310265163515,4.183395298117799,2.638384304971687,3.4619567664351507,0.0012396452905209,-1.9974850325068685,-1.869887873532527,37.27343452416563,22.01348455985373,30.77793162980491,3061.891,0.9806687217850788,100,1.6213742634944763
B0044,13,1.5816311155652092,4.18312292936732,2.633572972853497,3.4608461967292694,0.0020485637364457,-1.997253452430168,-1.862461079658612,36.92555325153096,21.98259747807361,30.734077377574607,3058.469,0.9754879864420628,99,1.6213742634944763
B0044,14,1.5714556311034702,4.183401469736752,2.670554577314724,3.462773986667914,0.0029975639144892,-1.9973962391444864,-1.8611231730261664,36.82542072716141,21.96611305264065,30.71193170169241,3040.75,0.9692121470563996,98,1.6213742634944763
B0044,15,1.563220798569978,4.182608034549464,2.662418584963947,3.46142516586872,0.0025134602754179,-1.998609124058789,-1.8534672146493336,36.86402084995953,21.93800756646044,30.69222352635548,3037.641,0.9641332256013718,97,1.6213742634944763
B0044,16,1.5606775388245586,4.180665797789407,2.656737093913297,3.459888006806987,0.0020262994622793,-1.9964580129835687,-1.84644850552798,36.85447944747772,21.82718305302701,30.65671651393648,3044.828,0.9625646428239828,96,1.6213742634944763
B0044,17,1.5523886011314287,4.183243082901965,2.645608837998441,3.459225464203645,3.741603769891466e-05,-1.998262725597201,-1.8450475324556967,37.00807199261186,21.874894396658306,30.677651249958306,3030.25,0.957452351430344,95,1.6213742634944763
B0044,18,1.5444592876561969,4.182596378873874,2.657434360611611,3.459378780567444,0.0006154231002514,-1.997119290009149,-1.8438251021984409,36.85691194751145,21.89720723607561,30.67040122297292,3017.578,0.95256186213755,94,1.6213742634944763
B0044,19,1.536558134180655,4.182792894198413,2.6700448196473143,3.4594746923592585,0.0013502484419816,-1.99785698826369,-1.8359182150531628,36.933977837728406,21.85039318802649,30.695903900430444,3015.0,0.9476887408271666,93,1.6213742634944763
B0044,20,1.5307255867941072,4.183044202315208,2.6538669632174807,3.457758884701852,0.0016344891553811,-1.997575789473797,-1.837930189329905,36.96952216360131,21.88067217044617,30.693601629277207,2999.454,0.9440914545510312,92,1.6213742634944763
B0044,21,1.545242808242328,4.17495739021519,2.679338771098678,3.4604365465272604,0.0031354899087874,-1.996154584194868,-1.8224062753285977,37.880341936530016,22.12957023148279,31.3317805416781,3054.859,0.9530451068786144,91,1.6213742634944763
B0044,22,1.5397144491816253,4.1804104728622375,2.6880235920055937,3.46737063205958,0.0019914621350541,-1.996918380412392,-1.8277755287188369,38.4338113726962,22.95358536340276,32.003093392777586,3034.875,0.9496354320211958,90,1.6213742634944763
B0044,23,1.5305357077773765,4.183012088063382,2.687370056924405,3.468244375578301,0.0016564879469571,-1.9973605086578847,-1.819929471677548,38.62527616952544,23.24165959911858,32.229129548420126,3030.0,0.9439743446270576,89,1.6213742634944763
B0044,24,1.5199735224097084,4.183156295632244,2.6893554366992016,3.4662944691430644,0.000646931078204,-1.9964576467808028,-1.8182280699458224,38.54196067361033,23.135949966403075,32.11597218782517,3011.781,0.937460003302246,88,1.6213742634944763
B0044,25,1.5136629526844203,4.182731552192122,2.633690741780774,3.4597034229251418,0.0011370838196343,-1.997579325378104,-1.82344115362652,38.50117611497123,22.93636450124002,31.969087731359647,2990.25,0.9335678916119524,87,1.6213742634944763
B0044,26,1.501287000699295,4.182713459240956,2.689158212130464,3.4622130413589143,0.001320592402494,-1.9961193009923857,-1.814801427898659,38.43383998472231,22.77057819761938,31.87470050843518,2980.234,0.9259348902354214,86,1.6213742634944763
B0044,27,1.5023814734911674,4.180340134562246,2.682936321683332,3.4628505734955555,0.0015097398776068,-1.9962084053853808,-1.8075840969590573,38.70474156110448,23.12114602411146,32.24329057966032,2994.844,0.926609918090812,85,1.6213742634944763
B0044,28,1.4980955154277502,4.182573946557156,2.6587209985414955,3.462862471197368,0.0004091443110585,-1.9967029680268844,-1.8065211847034743,39.13185799913766,23.57637165529978,32.62193857776337,2987.672,0.923966507399082,84,1.6213742634944763
B0044,29,1.4906542391377111,4.182900962902353,2.660938360343116,3.4614145860859864,0.0017857682443869,-1.997103683848464,-1.8052430334885248,39.06117424677476,23.505421833154223,32.534721843990155,2975.1100000000006,0.9193770202846132,83,1.6213742634944763
B0044,30,1.484397163943621,4.182966025381988,2.6382065057381183,3.4567536825256298,0.0017170526773058,-1.997186957551534,-1.8105860657133828,38.900911326239694,23.260374502704018,32.315090431633784,2953.219,0.9155179019212784,82,1.6213742634944763
B0044,31,1.4725321936230114,4.183016347451806,2.6803751950872314,3.457596686753219,0.0013777344731151,-1.9960209799250943,-1.7950692987909964,38.637548513661336,22.97677225131331,32.11227103017126,2955.484,0.9082000539772525,81,1.6213742634944763
B0044,32,1.4663149382113208,4.1793816650979885,2.695456060678521,3.456382425532515,0.0013166253209841,-1.996899503317236,-1.786985657468036,38.14612160171512,22.78063358744876,31.7443365044674,2957.016,0.9043654948926084,80,1.6213742634944763
B0044,33,1.4671298468877776,4.183025078755878,2.658317830680757,3.4558985436662764,0.0015873559542654,-1.9963246097670304,-1.7928445896165708,38.41020545726171,23.217531125193947,32.11351047936838,2948.219,0.904868098575672,79,1.6213742634944763
B0044,34,1.4593858997633138,4.182295217506064,2.650498351064384,3.4536993651226653,0.0007251169997461,-1.997150820770342,-1.7913668174036652,38.342879393411714,23.296232005674824,32.04801967333395,2935.5,0.9000919359716268,78,1.6213742634944763
B0044,35,1.4467901368505207,4.182630774542257,2.688935729076874,3.4526946539372747,0.0035597961866578,-1.9973020414669824,-1.7891101484216256,37.97725957749192,22.914322779687136,31.7080219105398,2913.797000000006,0.8923233638434089,77,1.6213742634944763
B0044,36,1.4390669859638228,4.182872685249836,2.687761244178016,3.44942355838508,0.0028818121425802,-1.997028487870564,-1.78765949762317,37.79705513935421,22.59747844728325,31.467203186429355,2900.703,0.8875600275424782,76,1.6213742634944763
B0044,37,1.4389892550462602,4.179973909655392,2.668468130193828,3.446436323650892,0.0022170051863129,-1.996553527240556,-1.7797845626759965,37.93561044482721,22.363262798668703,31.560453436032944,2914.031,0.8875120861637894,75,1.6213742634944763
B0044,38,1.4386198779578576,4.182978380469111,2.642056455668292,3.447035324752623,0.0008183496815681,-1.9982510496408243,-1.786101275708508,38.32554543437737,22.829272160428808,31.88770909759836,2901.968,0.8872842688752588,74,1.6213742634944763
B0044,39,1.4313412096653504,4.183054454837302,2.6780728769094244,3.451080883804227,0.0015347822016542,-1.9967399870670337,-1.7774334664210216,38.55610999749079,23.22378883043629,32.164811812502585,2901.734,0.8827950719906235,73,1.6213742634944763
B0044,40,1.422973037663468,4.18231054917298,2.6917750634373303,3.450413161794029,0.0018952752492584,-1.99737913916284,-1.7758066384425826,38.62165239845955,23.21624477930183,32.13295425226488,2887.407,0.8776339119856245,72,1.6213742634944763
B0044,41,1.4150153099745095,4.182416637290177,2.68001440979752,3.44468943990224,0.0006225391345261,-1.99678550219575,-1.78107743904082,38.18800348171553,22.853403604078057,31.75133688827036,2861.937,0.8727258979211805,71,1.6213742634944763
B0044,88,1.4779954511171076,4.132709552803766,2.6987042664288663,3.438530012225991,0.0005119272383861,-0.9996908932907372,-0.948665522461736,10.171915363933092,4.96446313077256,7.831586108538486,5608.781,0.911569576743897,24,1.6213742634944763
B0044,89,1.494119871447679,4.15897226684506,2.6902025456609366,3.4576572257357188,0.0009107829167059,-1.002764391386482,-0.9429836446189775,10.296016892383854,4.362853119300769,7.730546352316417,5703.296,0.9215144862528338,23,1.6213742634944763
B0044,90,1.488007820113173,4.173670999223567,2.682194069736634,3.4553887210557868,0.0008606130538372,-1.001809989064009,-0.9448444362873196,10.396418259744522,5.202271526875168,7.787963683864436,5668.032,0.917744812913297,22,1.6213742634944763
B0044,91,1.4748338592717107,4.173428084270444,2.698791325109984,3.453365325098602,-2.9338418792105184e-05,-1.0010193795008968,-0.9421563938919908,10.675119900160505,5.012087605395664,7.849823078169805,5634.047,0.9096196309993636,21,1.6213742634944763
B0044,92,1.4604378044785566,4.17295985340472,2.697226172610552,3.4533767517944844,0.0005583489138716,-1.0008333686989588,-0.9414963206117184,10.562265269293302,3.811503767508387,7.863220580243154,5582.375,0.9007407095083276,20,1.6213742634944763
B0044,93,1.452380841576719,4.172771279792943,2.6816548421625512,3.4460660596643384,0.0003606007179158,-1.0006757296253446,-0.93892211405729,10.76625471358321,5.231368167256844,7.930106785779635,5567.329,0.8957714910599769,19,1.6213742634944763
B0044,94,1.441102888364986,4.15544388290786,2.6758389635879234,3.4382387035909514,0.0020170086458555,-1.001584094423824,-0.9382244730141404,10.911129725577434,3.7913354249889375,7.888437545923743,5528.453,0.8888156922258286,18,1.6213742634944763
B0044,95,1.4300355978410688,4.172195811279475,2.6766750362925413,3.4385248959075603,0.0015647925242335,-1.0011109661354312,-0.9336418704048168,10.81913572086399,4.9665241241819045,7.818043363205418,5513.39,0.8819898218681332,17,1.6213742634944763
B0044,96,1.413943296719903,4.171402160517197,2.695622084623807,3.4365202293034374,0.0017297331873697,-1.0013667929909769,-0.9277519140513346,11.006306031992889,3.440362613271007,7.830974235734798,5486.187,0.8720647222267446,16,1.6213742634944763
B0044,97,1.3972667497450315,4.170188354997629,2.6908429071948605,3.4352027430527405,0.0009730796952747,-1.0031105310166462,-0.9210832456029232,10.614675024239112,4.61211591145805,7.878562179371438,5461.922,0.8617792826768844,15,1.6213742634944763
B0044,98,1.3865375876825874,4.170349799747877,2.6963132256039875,3.43345469224157,0.0012259246336586,-1.0004034898094731,-0.9181073344708772,10.78731375840829,4.918195539391174,7.960251571512366,5438.157,0.8551619566812687,14,1.6213742634944763
B0044,99,1.3724753685724698,4.152127517238579,2.688965230347589,3.425091148228222,0.0030985899579741,-0.9998017351246392,-0.9147769465297864,10.646148713943534,3.4319499762440446,7.825815360855775,5402.875,0.8464889319350821,13,1.6213742634944763
B0044,100,1.3598593948812812,4.169872871486082,2.697702269918439,3.43285332747351,0.0013697698641143,-1.001001283053754,-0.9097059602545032,10.149343674038578,4.811918412162218,7.871717073752719,5384.438,0.8387078945921075,12,1.6213742634944763
B0044,101,1.3486733410392264,4.17029400170211,2.6908621173584564,3.4316708520467616,0.0021013923957275,-1.000535766089263,-0.9089147628345589,10.269672545542075,4.951322650914617,7.872850841533409,5344.859,0.8318087756817419,11,1.6213742634944763
B0044,102,1.3334258933205057,4.16968317987712,2.6956578221948044,3.4305423593747584,0.0009310009554464,-1.000130333451389,-0.9053632291923376,10.511836729394169,4.780401495020148,7.787673589037049,5305.156,0.8224047484549506,10,1.6213742634944763
B0044,103,1.3387793081075827,4.170671249766948,2.683891843696469,3.4188541266416608,0.0014497208979828,-1.0006996840010498,-0.9122769052973728,11.2498423901219,5.06477884715876,7.997910807563725,5284.547,0.8257065245516916,9,1.6213742634944763
B0044,104,1.3153320403016997,4.149844268077626,2.6861736439095387,3.42241373548389,0.0017943549116499,-1.0012478773196167,-0.8993675928683105,10.478668312226782,4.684581220811076,7.881896352735887,5267.843,0.8112451701723836,8,1.6213742634944763
B0044,105,1.322963328110081,4.170207896534634,2.6915218489806785,3.416097700308048,0.0008259898109111,-1.0000486043905183,-0.9110321130421604,11.276068425006786,5.409746706230465,8.022448822976777,5229.688,0.8159518489326187,7,1.6213742634944763
B0044,106,1.3086991524155074,4.169943833836458,2.698223036073629,3.415875051664848,0.0075702505768728,-1.0000156861218927,-0.9054157927585382,11.18488048040138,5.118567803709009,7.977920186292173,5206.954,0.8071542652927807,6,1.6213742634944763
B0044,107,1.2897499583900436,4.168649657337103,2.68841486662374,3.420770509924939,0.0030345758410345,-1.0003532671448447,-0.8971488250209094,10.572845919227095,5.489946008570818,8.016774436428086,5179.062,0.7954671462530203,5,1.6213742634944763
B0044,108,1.2906172590904164,4.168865124534303,2.699098319484438,3.412152763562302,0.0021060612848631,-1.0001270037964975,-0.9036459257898942,11.286420953867148,3.936510086733391,8.104364904391632,5144.109,0.796002063279829,4,1.6213742634944763
B0044,109,1.2752011253442166,4.14775004325363,2.692387025960113,3.411365387592042,0.0021528243384569,-1.000377670213083,-0.893479421104461,10.532008688910055,4.333825896636997,8.021367388918382,5142.891,0.786493997132921,3,1.6213742634944763
B0044,110,1.268607265737458,4.16768084822256,2.684075358151804,3.4151055404827564,0.0021603785656978,-1.0013725571006211,-0.8950327018530826,10.49676940873906,4.788736918832111,8.012944452376887,5109.734,0.7824271633640495,2,1.6213742634944763
B0044,111,1.2565759973225976,4.167944485512648,2.687825351809013,3.413972633337996,0.001001924867513,-1.0005394687347553,-0.8916525424860515,10.219372011443095,4.714639372870622,7.944197776199544,5078.937,0.7750067492833856,1,1.6213742634944763
B0044,112,1.2486254509320869,4.167775501643388,2.6932435794466025,3.410670178184504,0.0020243679839175,-1.0005198847037151,-0.8905662435522527,10.307592528834146,4.018534218811682,7.904886527570053,5051.672,0.7701031643619282,0,1.6213742634944763
B0045,1,1.0819793880779518,4.203467627142882,1.990881848788414,3.3507147228969534,0.0041584406200841,-1.009116495266992,-0.6795680439600006,15.71039018923076,5.306623820769548,9.485217152757082,6436.141,1.2723534421119076,71,0.8503764380768565
B0045,2,0.927952404748273,4.16699885717682,1.987597263698,3.343710562419324,0.0026935510429979,-1.0087426406516653,-0.6847946624076122,16.327881769438125,5.090166082202173,9.412485833762908,5650.265,1.0912254422839562,70,0.8503764380768565
B0045,3,0.885193608411576,4.187894400053388,1.9885380767186824,3.357113032625278,0.0040609236498241,-1.0090556479293218,-0.6646163130202214,16.190453016227536,4.970043389354473,9.14441346005273,5590.907,1.04094324439828,69,0.8503764380768565
B0045,4,0.8581010699478283,4.188401226248918,1.969241613952096,3.358646172572514,0.0020631851299733,-1.007865061542852,-0.6509315601298676,16.44564599364816,4.771062049870164,9.07418033049993,5543.61,1.0090837792830212,68,0.8503764380768565
B0045,5,0.8409352213456689,4.188303916193977,1.9830542841988097,3.366064388524052,0.0026205512748727,-1.0092390728045402,-0.6402275004489041,16.652821920677077,4.722518276680366,9.063698357219923,5499.046,0.98889760309853,67,0.8503764380768565
B0045,6,0.8245471942901911,4.18828020412361,1.980464521626357,3.367910347978234,0.0017744562260127,-1.0082097757590034,-0.6317025380405666,16.626045153527933,4.705135640863367,9.076577071060372,5461.219,0.9696261060042084,66,0.8503764380768565
B0045,7,0.7935960418803983,4.115223647482973,1.9822192378370669,3.357745333360116,0.0028605305220047,-1.0081874076413238,-0.6176226155232352,16.231693733501764,4.611342855994695,9.265023738219778,5451.281,0.9332291046011716,65,0.8503764380768565
B0045,8,0.8183676087159205,4.166319111887713,1.9987122390470569,3.3696607473704705,0.001683594803478,-1.0098943079946223,-0.627554191403777,16.185673883928935,5.27537188956209,9.339350112299789,5468.062,0.9623592236006392,64,0.8503764380768565
B0045,9,0.7977644276409412,4.188858082816243,1.97927314966301,3.374731201552044,0.0038249849844233,-1.0088447706775023,-0.6227956362441028,16.52621032903044,5.0939473120792655,9.308634523153344,5411.297,0.9381309169914228,63,0.8503764380768565
B0045,10,0.7993777411831636,4.189052979187811,1.9640518711887227,3.381799182114607,0.0024832460313617,-1.008540571989902,-0.6164358149352739,15.196414604557985,5.578573344132378,9.25414520667292,5369.703,0.9400280927244088,62,0.8503764380768565
B0045,11,0.7783107440628891,4.189280705297697,1.9965583229383288,3.385176591409285,0.0032898503551375,-1.0084157672653469,-0.6124951744838439,16.354435553014117,5.093156336915293,9.291749311540086,5327.406,0.9152543617307348,61,0.8503764380768565
B0045,12,0.7803738231239117,4.189527524041756,1.9676140964966768,3.3813096388474886,0.00312380804938,-1.0088566807748427,-0.6120748119063896,15.57016420519042,5.506749718586084,9.310447961834724,5299.266,0.9176804391343942,60,0.8503764380768565
B0045,13,0.7713058245640294,4.097057578524458,1.98770164017674,3.3490369985986668,0.002588393021855,-1.0080424431902402,-0.6158982943710156,16.481904111846188,5.210420792891231,9.29775486780575,5367.172,0.907016928065826,59,0.8503764380768565
B0045,14,0.795279016979026,4.166427487441078,1.99572402940065,3.3694542187312684,0.0021632241350814,-1.0087189699625896,-0.625377064856349,16.686364651804713,4.749612734019676,9.245632947295451,5406.812,0.935208198827293,58,0.8503764380768565
B0045,15,0.7824128169919247,4.189116912804917,1.9723902186884,3.3771129586319466,0.0022168278687869,-1.010914036070883,-0.6180221346577055,16.527315358470222,5.015412655584477,9.21860683892004,5353.094,0.9200781935602156,57,0.8503764380768565
B0045,16,0.7649414992231182,4.189394418073402,1.976007577264544,3.382104218416538,0.000777901246224,-1.008249683063318,-0.6121745879630046,16.325076195754107,4.7446632057171785,9.194130154197088,5280.031,0.8995328009711191,56,0.8503764380768565
B0045,17,0.7544899426779375,4.189251613691141,1.9786838559411903,3.385995460009004,0.0025472189567085,-1.0084247134366529,-0.6064321892488668,16.18780234880546,5.004981026646194,9.188267060937262,5248.593,0.8872422951701622,55,0.8503764380768565
B0045,18,0.7504048978314295,4.18999236240837,1.9866467601774969,3.3830345538672018,0.0020000740940098,-1.007946613751651,-0.606399621992695,16.54868871782283,5.027203513281529,9.211910760834266,5203.375,0.8824384875108785,54,0.8503764380768565
B0045,19,0.7407258109620256,4.165973150657214,1.9915335628511552,3.37881379914347,0.0021407378575631,-1.0076971244709267,-0.6022530715841198,15.893386512216576,5.338616424922742,9.156857409395572,5166.812,0.8710563672685853,53,0.8503764380768565
B0045,21,0.7308525593793626,4.195641973763218,1.9935644864605024,3.389059266953009,0.0031552043724057,-1.0082380238297786,-0.5861859230293525,16.273556126855052,4.8642750500555865,9.104538013834128,5340.281,0.8594459190710886,51,0.8503764380768565
B0045,22,0.7287255851177903,4.189381114418313,1.9937078109097683,3.378391965767749,0.0035803388253716,-1.008015294958034,-0.6037251705699037,16.57769275391533,4.9159272869489135,9.196243634400288,5103.0,0.8569447041192932,50,0.8503764380768565
B0045,23,0.7161023377036263,4.189726548094093,1.984098818516829,3.377934624269061,0.00206611726685,-1.0101830059414636,-0.6039804007945985,16.451931737613187,5.071552406744067,9.224293881462565,5051.172,0.8421003988811193,49,0.8503764380768565
B0045,24,0.7129204834988017,4.166289777836687,1.9818309446595743,3.3727225247575885,0.0033448013063438,-1.0094830851519123,-0.6017545658130975,16.660404158556567,5.1979112173277136,9.239291915944644,5027.563,0.8383586980738622,48,0.8503764380768565
B0045,25,0.7141991829499618,4.189756191273931,1.9984963466197727,3.3807359604288414,0.0023863724933932,-1.009270147494984,-0.6038091172028306,16.192781213892964,4.98482370963009,9.220514425854448,4993.765,0.8398623844342838,47,0.8503764380768565
B0045,26,0.7190570819844222,4.1890449974281685,1.9886589228929203,3.3889133424072204,0.0184243000033057,-1.0108313950708208,-0.600482943767555,14.742856005940368,5.406795579971276,9.140591023627804,4962.469,0.8455750298192461,46,0.8503764380768565
B0045,27,0.7173975428775917,4.189274783071479,1.983664414073366,3.3855430731736647,0.0026329564585224,-1.0080797400452108,-0.6033075067931543,14.693521549329,5.457478278465312,9.05273466167465,4907.859,0.8436234951429284,45,0.8503764380768565
B0045,28,0.7071027496463946,4.189518201774546,1.9705703151314151,3.3756882564741844,0.0031568899849536,-1.008906381541965,-0.6065620900458145,15.86983818237976,4.700009468829889,9.311519157220646,4888.656,0.8315173351292774,44,0.8503764380768565
B0045,29,0.703531206505542,4.166301702021804,1.971779249329659,3.37794278508875,0.0025149295410125,-1.0084556602023516,-0.601440239072105,14.829662137922766,5.581574891645234,9.167853966731156,4866.25,0.8273173796966813,43,0.8503764380768565
B0045,30,0.6941108278958862,4.19002918934191,1.9938420365930107,3.373558298075209,0.0103940145975654,-1.00994980914745,-0.6098007335968902,15.906462051621896,5.088650234901636,9.287848514483294,4836.125,0.816239487380003,42,0.8503764380768565
B0045,31,0.6914114388869608,4.1895524054233135,1.9993629637641337,3.368742642573582,0.0027369247266208,-1.0082413706235676,-0.6120661413012832,16.353770501511462,5.188896690434667,9.322184761530549,4801.485,0.8130651414220762,41,0.8503764380768565
B0045,32,0.6971551798505504,4.189008492340535,1.9932756058141663,3.3718000664169727,0.0022824989831722,-1.0081786693703223,-0.613282907094379,15.076528277493722,5.650412172652616,9.289681276195047,4760.938,0.8198194924440533,40,0.8503764380768565
B0045,33,0.6832460217432723,4.189696962609597,1.9801057444800887,3.366360304166582,0.0017200644756042,-1.0080303326541913,-0.6139518980958842,16.045850353764667,5.287965466922043,9.365909184464234,4740.907,0.8034630207869435,39,0.8503764380768565
B0045,34,0.6822029317493292,4.0900107068393625,1.9944009127947364,3.342277843498783,0.003281968818594,-1.0082541248682169,-0.6004805193877815,16.24823467681854,4.942094376566913,9.328022708662925,4914.532,0.8022363993199823,38,0.8503764380768565
B0045,35,0.7289529213213379,4.166284738890519,1.9913126738513705,3.372268417439284,0.0040584792166298,-1.0086099504503174,-0.6129419979147948,15.761879553141288,5.693233889879632,9.37311402305676,4998.656,0.857212040081778,37,0.8503764380768565
B0045,36,0.7139321758287004,4.188598948796885,1.9818085465777888,3.357634548884028,0.0095453547153255,-1.0089146761829488,-0.6242152942509949,16.349393593197068,5.129758964594842,9.306835708093752,4890.015,0.8395483974641542,36,0.8503764380768565
B0045,37,0.6957731747455482,4.188722662834883,1.999993313622792,3.3697954619483568,0.0105408291411815,-1.011018341220977,-0.6139171694764338,16.22246271510604,5.18038207935593,9.33952678603234,4842.11,0.8181943238209344,35,0.8503764380768565
B0045,38,0.7018312962317095,4.188679542275547,1.97465958029416,3.3766733742445987,0.0029924405030635,-1.0088132806643768,-0.6092419901647167,14.780023826016944,5.616337738486589,9.1327535688995,4798.281,0.82531837055471,34,0.8503764380768565
B0045,39,0.6911808244378487,4.1894790557667125,1.978180955008712,3.356692310359256,0.0029473890862176,-1.0088474838548318,-0.6214369612467493,16.357147782799643,5.352356776006934,9.343849839453911,4739.188,0.8127939504073844,33,0.8503764380768565
B0045,40,0.6843279752855028,4.165443751495042,1.9845097801200728,3.371659958386912,0.0014227153872084,-1.00822558167956,-0.6049628311237817,15.304013119865168,5.484226728487067,9.257582649630317,4733.156,0.8047353438356364,32,0.8503764380768565
B0045,41,0.6741394908812485,4.189848639216605,1.9921664972023336,3.358461612325261,0.0021258981792014,-1.0089040108456189,-0.6206388175561791,16.298057069520368,5.051290656121544,9.38425161776499,4670.61,0.7927541976654816,31,0.8503764380768565
B0045,42,0.6670070174301739,4.165425573897933,1.9991203083414104,3.373315387294324,0.0045890100156517,-1.008891006761111,-0.6013875939812509,15.088230300481198,5.023617145016327,9.144982402264809,4635.0,0.7843667669563185,30,0.8503764380768565
B0045,43,0.6804085117374855,4.188987638858462,1.9790832878431528,3.367632771675607,0.0020919769192902,-1.0086883164534273,-0.6146269558442435,15.201775291002932,4.7853237874120325,9.26257479341655,4615.86,0.8001262514707523,29,0.8503764380768565
B0045,44,0.6617864063235485,4.189580414945199,1.9986367632788744,3.363321307304569,0.0023384613567834,-1.008109937595666,-0.6171094630530605,15.820509282900383,5.145260978678159,9.40011028670591,4580.75,0.7782275903836092,28,0.8503764380768565
B0045,45,0.6623168733492338,4.16611714089707,1.9713723245890475,3.346491714827562,0.0033870767217086,-1.0087699262516547,-0.6209228615247188,15.58071439830652,5.414586868646065,9.419332811255558,4557.406,0.7788513929749474,27,0.8503764380768565
B0045,46,0.6679358357181778,4.188826402459722,1.98430560045228,3.3599039237162853,0.001529086850489,-1.0089150089693268,-0.6204303388657686,14.525034072927795,4.494946059979075,9.207828068558015,4524.032000000007,0.7854590106338415,26,0.8503764380768565
B0045,47,0.6488990885270688,4.189296725569063,1.9946795397137125,3.349639562276425,0.0068739783247632,-1.0103825696902464,-0.6244948594173986,16.256345838594637,5.775840750277868,9.478974220669317,4502.938,0.7630727516328736,25,0.8503764380768565
B0045,48,0.6503639129625527,4.189791506946971,1.9789936656967484,3.352423027875088,0.0042951494422802,-1.008360553211059,-0.6219881914832105,15.916519503570711,5.392850959166935,9.37536325812961,4483.094,0.7647953116308864,24,0.8503764380768565
B0045,49,0.6572077690202801,4.189224626327275,1.9690947658783289,3.3563090390508155,0.0041238708361581,-1.0094489912636213,-0.6249048536030644,15.322696472607957,4.988915934654242,9.348977069227304,4448.36,0.7728433427748407,23,0.8503764380768565
B0045,50,0.6363517458476216,4.165757111360098,1.9951107736579323,3.340602870094091,0.0038883550610247,-1.0088647594062352,-0.6235638134980177,16.435471374813734,5.114769498528213,9.539830147989116,4440.531,0.7483177065521052,22,0.8503764380768565
B0045,51,0.6536449360948587,4.188761935596181,1.965197509539028,3.348511229053965,0.0035221405764743,-1.0085879672096902,-0.627718646983615,14.7528730574534,5.430200345032197,9.436879605277216,4416.547,0.7686536301183156,21,0.8503764380768565
B0045,52,0.6391428272150887,4.188802708146619,1.9820270227741767,3.3328844784891074,0.0008969412858814,-1.0081206341074491,-0.6340722598435242,16.57328291132994,5.217345346861528,9.4879310296259,4382.937,0.7515998781204747,20,0.8503764380768565
B0045,53,0.6482206049496236,4.18882331762149,1.973100583247312,3.3518219079975298,0.0023494646636072,-1.012324540932804,-0.626972097350462,14.528444176948046,4.820308282507962,9.300314416191522,4347.453,0.7622748890074937,19,0.8503764380768565
B0045,54,0.6287957471922729,4.189363830091343,1.9974420919351863,3.268327350028982,0.0019845153705322,-1.0095045117473536,-0.7596521990041524,15.828293567742277,5.555842296822165,10.07602230197817,3581.188,0.7394322314648172,18,0.8503764380768565
B0045,55,0.6380571850193401,4.087899947377259,1.9759474231215743,3.3368580984170784,0.0031132594070846,-1.0083299001575527,-0.5857626315966499,15.05093934814998,4.279272155722539,9.254842453288928,4746.5,0.7503232174004248,17,0.8503764380768565
B0045,56,0.6554825047832906,4.164689190245494,1.9944210992064384,3.339305489603821,0.0028084398017307,-1.0094473741371577,-0.6234849422351091,16.878888140585346,5.479087801896632,9.58411609363967,4679.156,0.7708145186450339,16,0.8503764380768565
B0045,57,0.6484934835397033,4.1883794105875705,1.972391693643957,3.339570448565296,0.0011774461309377,-1.0100876092585305,-0.625755737381111,16.752865016509336,4.885873307985874,9.566905713744635,4596.578,0.7625957805301902,15,0.8503764380768565
B0045,58,0.6454071687844921,4.188367290905127,1.9932621672542288,3.3451677206996573,0.0082371248157963,-1.0110407655502038,-0.6206303941303277,16.630725230629476,5.272131134132025,9.486246140892044,4544.641,0.7589664293193418,14,0.8503764380768565
B0045,59,0.6427008031845645,4.189241965038727,1.9848873247448808,3.3544794166161487,0.0026008145354801,-1.0078016297171766,-0.6149058946531849,15.270710849004711,5.9010898814107975,9.492943245052498,4526.938,0.7557838792406399,13,0.8503764380768565
B0045,60,0.6352454880802477,4.189229122156955,1.9683654551310577,3.3411905698302573,0.0034922040304121,-1.0081100082305772,-0.6208754134190153,16.438070093673065,5.633058471184682,9.621291466671478,4487.438,0.7470168029547811,12,0.8503764380768565
B0045,61,0.6156760019587869,4.106243161598799,1.9924043536128275,3.3372444928972818,0.0052143657277276,-1.009973121232977,-0.5953707956325988,15.659914658719188,5.365328226262061,9.480811280043977,4513.312,0.724004069716643,11,0.8503764380768565
B0045,62,0.6170833682807023,4.132596928052376,1.9776141524479487,3.3510332188429146,0.0036321606387848,-1.0110530492189724,-0.5897510821772118,15.265721279585906,6.081544292944806,9.448949676434,4568.438,0.7256590618576507,10,0.8503764380768565
B0045,63,0.6434227390858672,4.18912672162077,1.996982635601323,3.357306681708633,0.0033758699211236,-1.0077262022738762,-0.612901822920554,15.459947276103474,6.009906260900299,9.522656892771677,4499.656,0.7566328396174531,9,0.8503764380768565
B0045,64,0.6278124433742752,4.18937088770508,1.9822999400765693,3.3367004271481884,0.0067443266719384,-1.0088787623235531,-0.6232202673264152,16.472719613709117,5.7227062450674495,9.570096566546104,4430.984,0.7382759155393414,8,0.8503764380768565
B0045,65,0.6290078315253372,4.189359078886884,1.9703495135592828,3.3507625069372007,0.0021298336691764,-1.0075105897625538,-0.6137007803105949,15.321947787344948,6.169835162439899,9.488568418373822,4411.141,0.7396816319932984,7,0.8503764380768565
B0045,67,0.6266355568292261,4.107093365455889,1.980504790064301,3.34526029963492,0.0039482056686982,-1.0068312874472778,-0.5721341781091527,15.469187485474004,5.348555992924947,9.378195494421618,4883.312,0.7368919560452252,5,0.8503764380768565
B0045,68,0.6495813516716594,4.165486716481237,1.9754246490329648,3.3478192813331984,0.0029679009691201,-1.0077613985685372,-0.6067408181545574,15.90915813248566,5.255177956389292,9.495184531517388,4663.907,0.763875058839472,4,0.8503764380768565
B0045,69,0.6337485177966306,4.189250217496488,1.9843068510361204,3.3500352436555985,0.0007108600663282,-1.007878767792016,-0.6091205801279866,16.128312311530546,5.332532870824014,9.474914433741436,4581.328,0.7452564410531712,3,0.8503764380768565
B0045,70,0.6298550929085645,4.189075663187289,1.9881721268958945,3.3590566596536764,0.0029065483868985,-1.0110523170001116,-0.5996804433722752,15.803292200329722,5.61701952738491,9.411639640493869,4553.031,0.7406779688451793,2,0.8503764380768565
B0045,71,0.6183063778386736,4.189728966453982,1.9809529177782503,3.3495911750877263,0.0080440702868591,-1.009350303830025,-0.6062605227298314,15.46350630780127,5.896865332120703,9.476832839675836,4486.5,0.7270972596994644,1,0.8503764380768565
B0045,72,0.6069476168507777,4.189240671585531,1.9697892783360584,3.3462597198775272,0.0031363187482987,-1.0077970558442526,-0.6055249640579493,16.26952559815265,5.311300686907359,9.49822266009937,4450.625,0.7137399270179711,0,0.8503764380768565
B0046,1,1.7282392323598248,4.23781853684158,2.1792997733612083,3.4409645322869102,-0.0021349309520664,-1.01435518394686,-1.0031661082518326,13.880080551261509,5.500728456163389,9.035891964302168,6436.141,1.1682802847021108,71,1.4793018892726526
B0046,2,1.5161488467923143,4.162338775528476,2.1744736968146285,3.4252545586780085,-0.0003168659044778,-1.0149368694391114,-1.0024459582241103,12.941526372487642,5.60506560391164,8.872109574065124,5650.265,1.024908342094918,70,1.4793018892726526
B0046,3,1.503121190703977,4.180873304847234,2.195666899317151,3.425904453303529,0.000645161220128,-1.014076992350372,-1.002357223286256,13.359691095670462,5.369303069222244,8.6284456728549,5590.907,1.0161017177116132,69,1.4793018892726526
B0046,4,1.48586566102824,4.182266567788393,2.1796283675041006,3.423608435843718,-0.0009026708261391,-1.0139326738131618,-1.0022919216677797,12.683911154117247,4.784514691777849,8.63136091760955,5543.61,1.0044370738678734,68,1.4793018892726526
B0046,5,1.4694562316392716,4.180656549578995,2.1952581561866973,3.4211455348547464,-0.0003092132286597,-1.0141216340191552,-1.0022939530561292,13.065399804685724,5.0598723280079385,8.67696820980418,5499.046,0.99334438919819,67,1.4793018892726526
B0046,6,1.458955459264481,4.180899052149243,2.1940346005371705,3.418211640329191,-0.0016946404892597,-1.0146327995843631,-1.002437745381024,12.802479603911388,5.286624165247708,8.714755394110101,5461.219,0.9862459244081844,66,1.4793018892726526
B0046,7,1.4556853555098297,4.121126965024616,2.1978529182010296,3.3913871477101263,0.0012196612448846,-1.0146720016504305,-1.0021665244093547,13.585554405586658,4.540712414173866,8.941517894800649,5451.281,0.9840353521251604,65,1.4793018892726526
B0046,8,1.456232262380321,4.158094572470294,2.190965071547283,3.405195390316552,1.863439523670589e-06,-1.0150359928774078,-1.002235007588667,13.94301293338268,5.499201106644663,8.956808204433374,5468.062,0.9844050581834418,64,1.4793018892726526
B0046,9,1.4440592236675138,4.180141305155931,2.1866396618663058,3.408987597578302,-0.0003551370183381,-1.0152062278681104,-1.0021923537852624,13.134169173843691,5.067882431329782,8.857079944726477,5411.297,0.9761761504796922,63,1.4793018892726526
B0046,10,1.428294264765868,4.179370029585307,2.183328288428697,3.405344636824463,-0.0019081565659768,-1.0155359732475864,-1.002036442615774,14.086951683642924,5.843976657040264,8.951187295260016,5369.703,0.9655191243405604,62,1.4793018892726526
B0046,11,1.4199848948034668,4.178701514525068,2.169516718963703,3.4032461605763142,-0.0016858857505832,-1.0142040713603584,-1.001944925430993,13.314723048488911,5.01792596363546,8.966158040889411,5327.406,0.9599020356160358,61,1.4793018892726526
B0046,12,1.4043226018516568,4.178686122362143,2.1506636217123933,3.396770951444608,-0.0015827464254789,-1.0140802271588931,-1.0019368953910397,14.173291675329546,5.803184971617172,8.972930848723113,5299.266,0.9493144110984256,60,1.4793018892726526
B0046,13,1.4234351301615986,4.104216707532647,2.1813781395662764,3.372196461428764,-0.0024523030332244,-1.0152535112311678,-1.0020744940471753,13.959348125513564,4.922953322476231,9.032800036514974,5367.172,0.9622343758794748,59,1.4793018892726526
B0046,14,1.4339948857967295,4.155511867054,2.197114951660172,3.396209682940304,-0.0010990951095201,-1.0150882170381768,-1.0019365649129637,13.523198161538613,4.662332130765019,8.8666091485246,5406.812,0.9693727130314151,58,1.4793018892726526
B0046,15,1.4185177047756572,4.17891702072451,2.157995006136477,3.3989726713804767,-0.0004694932106597,-1.0138597436043135,-1.0017349404979956,13.750234723504356,4.948794491271015,8.91721938287038,5353.094,0.9589102231682528,57,1.4793018892726526
B0046,16,1.4056313337829422,4.178285871350945,2.198419108542039,3.39769311615204,0.0005755292151167,-1.0144360732666853,-1.001588196535767,13.400973711086476,4.74356272386552,8.923958703020183,5280.031,0.9501991067381568,56,1.4793018892726526
B0046,17,1.3890214025155618,4.178074763829319,2.151164339585934,3.3923860221630204,0.0030465165480761,-1.014261294595994,-1.0016469274447983,13.648707282364962,5.025686774194673,8.991317663963024,5248.593,0.9389708838934288,55,1.4793018892726526
B0046,18,1.3723339082737365,4.177918597629585,2.152208745567858,3.387564802409393,-0.0010481100245803,-1.014489076885478,-1.0017210974492488,13.959820884900516,5.087697171800642,9.016720196858454,5203.375,0.9276902289014785,54,1.4793018892726526
B0046,19,1.3615778905990563,4.151019587024004,2.165968185309718,3.375588926043044,-0.0012278389417416,-1.0134987135278009,-1.0015714385037338,14.349640095291218,5.661478093560933,8.999593683204715,5166.812,0.9204192196824144,53,1.4793018892726526
B0046,21,1.4100282016237429,4.178852366259435,2.199378116446157,3.3771442240108183,-0.0008132941108328,-1.013723806647551,-1.0017131896387046,13.720010432160604,5.0202014297824205,9.073580268946476,5340.281,0.953171365391164,51,1.4793018892726526
B0046,22,1.3395671374926488,4.177296277706522,2.1709534591124666,3.3739069772216053,-0.0002644100073359,-1.0133151573794763,-1.0014759387718013,14.214578668306734,5.742878333760452,9.035703497783532,5103.0,0.9055400707635756,50,1.4793018892726526
B0046,23,1.3291515487117478,4.176859724330072,2.1705625280743464,3.3730377771688125,-0.0011858410030944,-1.0145892320656984,-1.001751590105337,13.7206185074268,5.4401284420509874,9.0428494070086,5051.172,0.8984991896179277,49,1.4793018892726526
B0046,24,1.3181687033905718,4.148811503971785,2.1762627754763426,3.361814920655554,-0.0002403126979947,-1.013852308100358,-1.0013919768296455,14.307049577086085,5.450700875673206,9.103478864398264,5027.563,0.8910748461483361,48,1.4793018892726526
B0046,25,1.312423708466101,4.17607839536505,2.16031962283908,3.36759601245628,-0.0007938134828941,-1.0149029063735249,-1.0012785845104526,13.73206507015365,5.306184400117354,9.08626820310501,4993.765,0.8871912609476875,47,1.4793018892726526
B0046,26,1.2993237532162487,4.175479903911147,2.144904732455604,3.3619567307164724,-0.0004843385971355,-1.0129489271534275,-1.001110018459988,14.550153842364988,6.042016495459646,9.113491912356013,4962.469,0.8783357627259598,46,1.4793018892726526
B0046,27,1.2877483042174591,4.175276949812811,2.196218583907234,3.360770876263507,-0.0018298264369051,-1.013842187549723,-1.0010016783342917,14.437029519118854,5.153760692771678,8.977476169539525,4907.859,0.8705108224059815,45,1.4793018892726526
B0046,28,1.2865282739749122,4.175506752243359,2.1691838412748474,3.3581255157395584,-0.0005833386279632,-1.0136988771283435,-1.0011852000845294,14.364000921258654,4.682778319876364,9.205520238536876,4888.656,0.8696860886235169,44,1.4793018892726526
B0046,29,1.2719636386987183,4.145965438635247,2.1947559967284405,3.347714666699619,0.0001827346966842,-1.014252701339216,-1.0010003485675925,14.693349843683665,5.69978955016522,9.14555330973735,4866.25,0.8598404747012938,43,1.4793018892726526
B0046,30,1.2714495345417192,4.174989626740224,2.187717987619404,3.353800882166825,-0.0010479100590296,-1.0140278357417702,-1.0010290829534054,14.058016587648105,5.173813834388308,9.111354213090989,4836.125,0.8594929430982267,42,1.4793018892726526
B0046,31,1.2615423884659074,4.175655686812431,2.1508230766314127,3.350657273692142,-0.0006032700585345,-1.0134629302760532,-1.000958546001541,13.779152574880364,5.580480841079329,9.163824507961875,4801.485,0.8527957664450669,41,1.4793018892726526
B0046,32,1.2421201619204132,4.174757798171361,2.190167787518222,3.349047830330531,-0.0010516016356776,-1.014033434715715,-1.0009004370775454,14.383739114376208,6.071252419449891,9.165326915001913,4760.938,0.8396664473477705,40,1.4793018892726526
B0046,33,1.2402537441669796,4.175734259626989,2.18851427579806,3.3446343037059103,0.0011973189996783,-1.014031038623518,-1.0008534371371294,14.589504036127655,5.280698175969476,9.179753755489338,4740.907,0.8384047591372922,39,1.4793018892726526
B0046,34,1.2851130012242886,4.087128849753504,2.163748582486284,3.320503012220492,-0.000124256808814,-1.01490431160623,-1.0011746350209894,13.891154624298236,4.887740323811735,9.27415763140438,4914.532,0.8687293719716377,38,1.4793018892726526
B0046,35,1.3043327841699193,4.147121879450348,2.153820870810703,3.349264182688189,-0.0010340594408193,-1.0140051761194069,-1.0011690143333176,14.673096336965486,5.91413530117764,9.27198191310828,4998.656,0.8817218403007904,37,1.4793018892726526
B0046,36,1.2778639041619957,4.17500990248918,2.1856873619664867,3.3574536928825296,-0.0009111336391973,-1.0138060897113894,-1.00099967406459,13.896967367053858,5.96092810450143,9.033984664610191,4890.015,0.8638290219383816,36,1.4793018892726526
B0046,37,1.272346459165154,4.175207914830006,2.1586585951828057,3.353525476118417,-0.0016567091012152,-1.0150239115464577,-1.0008611138640544,13.908543615362126,5.371461580732384,9.172120651818531,4842.11,0.8600992592463632,35,1.4793018892726526
B0046,38,1.2477883952768762,4.174827125492382,2.149734467121552,3.347073227310051,-0.0011668323634643,-1.014982845931098,-1.000811467966266,14.617560660341365,5.393394316960078,9.093365400458568,4798.281,0.8434981421475723,34,1.4793018892726526
B0046,39,1.2352499196655526,4.1748101416565255,2.180494984747436,3.348504626898048,-0.001847370907666,-1.0139301973708983,-1.000971558605881,14.288124170416689,5.794527318181999,9.119927887302934,4739.188,0.8350222010957505,33,1.4793018892726526
B0046,40,1.229251291851949,4.144890688492612,2.1583931144361963,3.332816913331474,-0.0012567709294042,-1.013587060727205,-1.0007926094103774,14.875868929885128,5.253901906691608,9.18534555219432,4733.156,0.8309671614469111,32,1.4793018892726526
B0046,41,1.223890910501634,4.174530382960434,2.1973084174346607,3.343773088070051,-0.0014908924953573,-1.0133237853999737,-1.0006667122739987,13.880179808466218,5.61551685476947,9.156968538676209,4670.61,0.8273435729223602,31,1.4793018892726526
B0046,42,1.205423323571373,4.1743300924480256,2.194834923129504,3.33676988143417,-0.0001828685567612,-1.0129735089678258,-1.0004434396725717,14.631961684725407,5.0002098383925935,9.08775088318824,4635.0,0.8148595849925258,30,1.4793018892726526
B0046,43,1.1957824090008151,4.173688629517977,2.153169565361056,3.333058450714012,-0.0014059183662915,-1.0140945273469484,-1.0004321685718414,14.768164211079869,4.759278495830699,9.184456763175827,4615.86,0.8083423793832649,29,1.4793018892726526
B0046,44,1.190072949669846,4.174343502341572,2.1789077465484965,3.330716899309493,0.0004429185095396,-1.0146645679773671,-1.0004986868063772,15.037938036453404,5.149525989520556,9.215049403610458,4580.75,0.8044828160497952,28,1.4793018892726526
B0046,45,1.179201763233652,4.14222437268915,2.16713614374112,3.32184689567004,0.0003975294877859,-1.0135210185380688,-1.000373674220122,14.290141125898849,5.663909871142696,9.185331012909922,4557.406,0.7971339533767818,27,1.4793018892726526
B0046,46,1.169504032514554,4.173393414123743,2.175632256591337,3.327359417043662,-0.0002794306040719,-1.0128647179210617,-1.0001870072907717,13.996450231420782,4.409919284003476,9.046655941616262,4524.032000000007,0.7905783403613302,26,1.4793018892726526
B0046,47,1.16772376849918,4.173536996898156,2.199283556452788,3.325963234657728,-0.000648669348585,-1.0135831957851476,-1.0001225394585929,14.935082428364884,5.761080260625401,9.26195924957788,4502.938,0.7893748916073714,25,1.4793018892726526
B0046,48,1.1579256145829042,4.174582549013794,2.176786994904175,3.322240958381916,-0.0014316396949476,-1.0125088172166772,-1.0001481029921278,14.99164974108056,5.394685631512769,9.252994157098664,4483.094,0.7827513930589491,24,1.4793018892726526
B0046,49,1.1499812813376982,4.174588307825947,2.19883821425474,3.325985699672719,0.0011618338723595,-1.0140396121078876,-0.9999638117239764,14.811846373564524,5.001649533206434,9.26310734626783,4448.36,0.7773810671621086,23,1.4793018892726526
B0046,50,1.150285902223034,4.140409334076233,2.165246924019346,3.3114789937571287,-0.0002093461897087,-1.016160339741845,-1.0003136352879307,14.247555903096725,5.6790936483184975,9.331127163327569,4440.531,0.7775869892173327,22,1.4793018892726526
B0046,51,1.1349452274085248,4.1724288341154105,2.159522238937832,3.3170441017303047,-0.0010349534985669,-1.0136323841516852,-1.0001598810351362,14.332240013732582,5.882589800119293,9.266824205941363,4416.547,0.7672167768044682,21,1.4793018892726526
B0046,52,1.1380960963513609,4.172310550176221,2.1831972567411246,3.314496922697215,-0.0004297533680132,-1.0151417452145364,-1.0002538884639347,14.276871638701772,5.70607291456078,9.20992133972331,4382.937,0.7693467470057401,20,1.4793018892726526
B0046,53,1.123711172150547,4.1745648072291,2.191895759269081,3.315933995614132,-0.0007365343314831,-1.0129399611534418,-1.0001281764463046,13.777310967702926,4.848055925778921,9.1721362476023,4347.453,0.7596226167892319,19,1.4793018892726526
B0046,55,1.214119211354098,4.101731329888953,2.198908641131297,3.2963331961890048,0.000202664865004,-1.0136804581659815,-1.0007810921100906,14.96165525093106,4.207894279260447,9.25834987796474,4746.5,0.82073795765316,17,1.4793018892726526
B0046,56,1.211944797522819,4.14324574268369,2.1759612427269523,3.3205927834140843,-0.0016350840270743,-1.0138752417282513,-1.0005274848759138,14.622124863653871,5.478084527507487,9.311634785976045,4679.156,0.8192680657757502,16,1.4793018892726526
B0046,57,1.1971248679331925,4.174381858889519,2.1740843812957524,3.3321448974569696,-0.0011502757291964,-1.0134453544249995,-1.0003494909916653,14.181162993443126,5.766281580897997,9.306501252940652,4596.578,0.8092498742915811,15,1.4793018892726526
B0046,58,1.1822892151870987,4.173792780760516,2.1699286892596934,3.3300589536831566,2.7256060250898507e-05,-1.0132265455749991,-1.0001304668043076,13.989284902759552,6.004760162893874,9.361883663268088,4544.641,0.7992210540394903,14,1.4793018892726526
B0046,59,1.1645336676778395,4.174292933831419,2.15658205310809,3.326398154149516,-0.00067149452539,-1.0127770109447685,-0.9999751500715208,15.042601535042603,5.915029423059273,9.565977385225588,4526.938,0.7872184008704408,13,1.4793018892726526
B0046,60,1.1535559567518647,4.174080626824366,2.159229413482601,3.324081152870965,-0.0004329756690033,-1.0138936920010262,-1.0001108627417223,15.027421071078606,5.67699835260256,9.61325381021306,4487.438,0.7797975282239709,12,1.4793018892726526
B0046,61,1.1601987101282063,4.089380393518967,2.1981836512731,3.290189683513589,2.7940570327789576e-05,-1.0184755755177433,-0.9997380074680036,14.577396723095212,6.096463757673844,9.659706152498446,4513.312,0.7842879932362259,11,1.4793018892726526
B0046,62,1.1711716308206082,4.142442473931475,2.172247401410494,3.3123680120679446,-0.0006009137673257,-1.0139384129430251,-0.999942885934547,15.36587842843583,6.043750449758176,9.660074492266734,4568.438,0.7917056277109558,10,1.4793018892726526
B0046,63,1.1563410270783216,4.174041322689958,2.167855497701561,3.320267294029527,-9.188842542528952e-05,-1.0134236160019647,-0.9999545027275712,15.29268403662172,5.99587629562271,9.610732084606385,4499.656,0.7816802205578706,9,1.4793018892726526
B0046,64,1.141082456193516,4.174154842675988,2.197413864039741,3.3220005581957603,-0.0017926120869063,-1.012621804825029,-0.9997765998111344,14.698902260428524,5.723451619542152,9.509606751933422,4430.984,0.7713655099531893,8,1.4793018892726526
B0046,65,1.1352383596118123,4.173817719824036,2.1808859045895868,3.316995919062792,-0.000779392195052,-1.0138097315277292,-0.9995908082297772,15.066788669768552,6.144973775318404,9.55376799961061,4411.141,0.767414932573357,7,1.4793018892726526
B0046,67,1.2530847858282803,4.122428601972404,2.1634350552847827,3.304824958917925,-0.0002592366156627,-1.0118756251887793,-0.9999417105324964,14.884443210062466,6.076388571807733,9.689325427035971,4883.312,0.8470784732414562,5,1.4793018892726526
B0046,68,1.2050453590356518,4.143823070139112,2.1839323108066178,3.323591957993409,0.0015024551516464,-1.012656973957246,-0.9998017376659812,14.454392118638458,6.196876383261514,9.54652406934783,4663.907,0.8146040830301055,4,1.4793018892726526
B0046,69,1.19119860196273,4.173823759594136,2.196284886273677,3.3336764636844887,0.0003290481666301,-1.0140280598156248,-1.000249176467669,14.172939173239188,5.3689616198379495,9.486110245180768,4581.328,0.8052437508536017,3,1.4793018892726526
B0046,70,1.17463817374538,4.174042864835579,2.1526544597098902,3.32512940887575,0.0003226122774269,-1.0143271740416917,-1.0000755059089512,14.797843662102167,5.574768582818901,9.528985199683015,4553.031,0.7940489918004021,2,1.4793018892726526
B0046,71,1.1555432048235512,4.173923325104936,2.1963314779954723,3.3265245824041667,-0.0001745506813265,-1.0135805482915097,-0.999683623144786,14.86814851282613,6.176787099087437,9.519831150565883,4486.5,0.7811408970698415,1,1.4793018892726526
B0046,72,1.1538041170229467,4.174510564064746,2.189500804437932,3.325662411014798,-0.0014301937849856,-1.014505539753993,-0.9996591394483646,14.051631055988958,5.512487384505981,9.508632239069213,4450.625,0.7799652832122403,0,1.4793018892726526
B0047,1,1.6743047446975208,4.246764125510136,2.470611866932728,3.4752664759657903,0.000252388610586,-1.00110134824347,-0.9527668403077524,12.376815880696888,5.0080842944609065,8.272422519178683,6436.141,1.1335922074343707,71,1.4769903442499226
B0047,2,1.5243662105099025,4.186635709569866,2.477661652422805,3.4765588189090355,-0.0015358996096327,-0.9981417400029184,-0.9838885014038208,11.314903320182369,5.454956719553112,8.210715424489035,5650.265,1.0320759485289928,70,1.4769903442499226
B0047,3,1.5080762969973425,4.199922751479228,2.4707098734854784,3.4707669643372343,-0.000745698662656,-1.0003069695936524,-0.9838892612061608,11.624528187721143,4.9221781193622345,7.954455063989402,5590.907,1.0210468219162303,69,1.4769903442499226
B0047,4,1.4835577960067696,4.199568876812779,2.465457800547402,3.4675514337042928,0.0003032433409723,-0.9982799264042614,-0.9789465319710104,11.0929238810592,4.553269274801158,7.985864710265716,5543.61,1.0044465096081463,68,1.4769903442499226
B0047,5,1.4671391666146525,4.1993968014662295,2.465765118194009,3.4628386272032645,0.0004220115914528,-0.9986834889880236,-0.9762620303137102,11.020979145558456,4.826283158332467,8.009426990342208,5499.046,0.9933302355877804,67,1.4769903442499226
B0047,6,1.448858156982267,4.198907847432783,2.4700482803033514,3.4591836330966035,9.027841205808632e-07,-1.0016128378277855,-0.971168129982195,11.05909419348262,5.074450571014079,8.033626730077737,5461.219,0.980953032376158,66,1.4769903442499226
B0047,7,1.4458534180949325,4.163303236325632,2.484128874181115,3.440865649757287,0.0009494056462554,-0.9983585499996894,-0.970933467028425,11.877028657628198,4.135578398049189,8.150799939416203,5451.281,0.978918666410915,65,1.4769903442499226
B0047,8,1.431118266178283,4.181797294694067,2.483034750266961,3.44810227661685,-0.000611161990235,-1.001368895703553,-0.9610547420763002,11.559250858608888,5.292800359862219,8.230899786348077,5468.062,0.9689421950182516,64,1.4769903442499226
B0047,9,1.419274551657853,4.197837203348764,2.49830336362436,3.4496654644975946,-0.0013182019564115,-1.0008569581108415,-0.9582923588349712,11.34743713793976,4.779042205440951,8.146945225413083,5411.297,0.9609233785334054,63,1.4769903442499226
B0047,10,1.3999974221808271,4.197777018222757,2.49851157426792,3.4449123724079618,-8.976016421710795e-06,-0.9983176454232487,-0.9553719838321842,11.693269060729056,5.664182556239294,8.251894856354932,5369.703,0.9478717498940756,62,1.4769903442499226
B0047,11,1.3885156686114437,4.197306543877358,2.4919375577484737,3.441830864370845,-0.0002584377680427,-0.9987614170997864,-0.9527836491780216,11.557441727679937,4.636183279973251,8.23497518866995,5327.406,0.9400979999748,61,1.4769903442499226
B0047,12,1.3652234669528964,4.19770091242359,2.4683068422721184,3.434468178084287,-0.0008146601542771,-0.9997148821455012,-0.949814677088373,11.667407771157473,5.589217205361708,8.269239827690175,5299.266,0.9243279566910196,60,1.4769903442499226
B0047,13,1.4060442272970963,4.1533796403143945,2.479195639185483,3.430115214310407,0.0028748902917332,-0.997480494103194,-0.962374774611937,11.311016339650983,4.471510284837189,8.236583239584068,5367.172,0.9519657543943826,59,1.4769903442499226
B0047,14,1.405754161352578,4.1809212253928045,2.4933737831605582,3.442078085056046,-0.0005800539086706,-0.9986334774069276,-0.9528782892582864,11.175603921563273,4.257651735866639,8.16126508624072,5406.812,0.9517693645224732,58,1.4769903442499226
B0047,15,1.3867662881727878,4.198049966629152,2.491571322470993,3.442467881226828,-0.0003116546335126,-0.9987804112417712,-0.949763883381583,11.15023736338702,4.600686396248,8.25301239256121,5353.094,0.9389135775813386,57,1.4769903442499226
B0047,16,1.3705053061420225,4.19764856730434,2.471859124111365,3.433855142547628,0.0017552546473027,-0.999389466856038,-0.9517106306260904,11.81131136026599,4.266161089290105,8.291638340695691,5280.031,0.9279040391005552,56,1.4769903442499226
B0047,17,1.34974311148236,4.1969633661005,2.488914813470205,3.432751730603936,-0.0004111896147658,-0.9976329826755008,-0.9434304652541514,11.699803023226297,4.608224781334378,8.318107121376224,5248.593,0.913846943371736,55,1.4769903442499226
B0047,18,1.3251533367939785,4.196227134476293,2.472852533936716,3.427385554126148,0.000409703822772,-0.9979036135281564,-0.9400482502771172,11.234017863419322,4.784737147270536,8.303021352537922,5203.375,0.8971983750286104,54,1.4769903442499226
B0047,19,1.3111943869635805,4.176260352394772,2.4822189935935484,3.4184685184601045,0.0020782269682447,-0.9983031482652808,-0.9371553622323054,11.729632241368254,5.473663110232025,8.32601397527908,5166.812,0.8877474331962947,53,1.4769903442499226
B0047,21,1.3394234405932892,4.199835388165491,2.481264290061195,3.4156755122328164,0.0006870764093463,-0.9989433150461876,-0.9234823229846594,12.186162994585318,4.748318446282868,8.388106987601862,5340.281,0.9068599844323996,51,1.4769903442499226
B0047,22,1.2849157142560723,4.195847527614419,2.487540187711501,3.4189443106786306,0.0002855601188947,-0.9988068791837494,-0.9304720950574632,11.147409475641334,5.506502298082729,8.304841644444155,5103.0,0.8699553922328491,50,1.4769903442499226
B0047,23,1.281719159327807,4.195387366763826,2.4907582384317,3.414783557486352,0.0006728455289218,-0.9985415333431112,-0.9322821459755778,11.681014963080823,5.165891185911349,8.319029412369582,5051.172,0.8677911567382098,49,1.4769903442499226
B0047,24,1.2600051642942829,4.174064296873529,2.493163832069928,3.409591730169167,-0.0001800606767888,-0.9978750591581058,-0.9267897523084676,11.29683746494969,5.265209753192886,8.40175592495139,5027.563,0.8530896421900214,48,1.4769903442499226
B0047,25,1.266070385993126,4.194958886516552,2.479240941037315,3.4076452403509663,0.0003758094009547,-0.999192550425453,-0.9316504925123938,11.88239860330653,5.042763463669986,8.395347720509115,4993.765,0.8571961156835385,47,1.4769903442499226
B0047,26,1.2413590294280803,4.194794488425212,2.4915265338912347,3.407201115194828,0.0004578109728141,-0.9986749467627316,-0.9255669375549472,11.79170575767619,5.772401422548551,8.419292173692186,4962.469,0.8404652300272784,46,1.4769903442499226
B0047,27,1.2298873703485311,4.194210512385239,2.495727313119633,3.402851724115477,0.0023220081628674,-0.9974120790687706,-0.9273633082574368,11.72661603963688,4.5960098938546174,8.293327119939335,4907.859,0.832698314607547,45,1.4769903442499226
B0047,28,1.228088614506696,4.19378669081209,2.497974212051376,3.398740761774466,-2.2621404575421425e-05,-1.0012611494596309,-0.9267828902753352,12.464631760563272,4.152158421868814,8.49190236531868,4888.656,0.8314804624740934,44,1.4769903442499226
B0047,29,1.2139857189070042,4.1718864589662426,2.495109477398993,3.3945066004903923,0.0014853973830615,-0.9975908962365796,-0.9236824517720292,11.863547747838409,5.196024953575391,8.437149776270967,4866.25,0.8219320617993051,43,1.4769903442499226
B0047,30,1.2173435064564189,4.19388971043665,2.4851956352139384,3.39192930556013,0.0007789005366947,-0.9986484518139436,-0.9289085100178416,12.460832791038596,4.936935040317449,8.429621946088576,4836.125,0.8242054602426239,42,1.4769903442499226
B0047,31,1.2073445944515917,4.193873318394839,2.4873308484835266,3.39128980672992,0.0029531309094374,-0.9987472813404836,-0.9282275865985666,12.213639136225725,5.369516146499022,8.46306110156025,4801.485,0.8174356719066649,41,1.4769903442499226
B0047,32,1.18804049227045,4.193344395761288,2.488620645344286,3.393266788997732,-0.0005256589834506,-0.9988826270225112,-0.9244391789678552,11.534784991217848,5.50575258850288,8.459204966688853,4760.938,0.8043657813306738,40,1.4769903442499226
B0047,33,1.186304749886542,4.19356398488292,2.476969143594387,3.3838600818009588,0.003935485078097,-0.9976143324063644,-0.9270544586298616,12.42977502748968,5.006658336012915,8.493224799915222,4740.907,0.803190592616228,39,1.4769903442499226
B0047,34,1.2613935471028506,4.142510591712848,2.4790054948940434,3.3866520851320576,0.0013319223708717,-0.9986321522662404,-0.9460868598841972,12.428323073625249,4.680181437078328,8.466232868159803,4914.532,0.8540296502367718,38,1.4769903442499226
B0047,35,1.2648246158850651,4.174381011699289,2.479600589435018,3.402095154295076,-0.0002233441842078,-0.9975353876339268,-0.935687160235108,12.48741336421358,5.460927246338855,8.553128334903379,4998.656,0.8563526639217103,37,1.4769903442499226
B0047,36,1.24664945489822,4.194961577545829,2.46837363838224,3.404625504614091,0.0012695281459834,-1.0005201322759871,-0.9401469539731848,11.343734065329729,5.708474303182395,8.342818484380935,4890.015,0.8440471257998107,36,1.4769903442499226
B0047,37,1.2333924152795082,4.194728577808066,2.497016493627855,3.397737843324032,-0.0009374158672241,-0.9990584594637684,-0.9395699773936356,12.641653349352346,5.230194273505954,8.481468325698998,4842.11,0.8350714140286924,35,1.4769903442499226
B0047,38,1.2129250072037692,4.194123941573546,2.4751740867556524,3.39454078926717,0.0003264313426998,-0.9979572313546616,-0.9358360923749524,11.969937687736325,4.945143641793303,8.425193812256257,4798.281,0.8212139042924774,34,1.4769903442499226
B0047,39,1.1999106597943647,4.194413177433493,2.499811739255094,3.397135252361952,0.0005256253294342,-0.9985176632293312,-0.9347239037948782,11.438399477589398,5.685535074662302,8.471726206300676,4739.188,0.8124025078875715,33,1.4769903442499226
B0047,40,1.1902559038393383,4.172002506353698,2.494550023378076,3.384557786350807,0.0001590290103144,-0.9982543809866457,-0.9317054169779714,12.144441411939049,4.804809639171537,8.510483818712029,4733.156,0.8058657312643435,32,1.4769903442499226
B0047,41,1.1892563795455853,4.194068049662567,2.477337702429082,3.38207924956575,0.0011454341439629,-1.0001312935854785,-0.9431234654151266,12.67224284322037,5.503640579819108,8.530222967717657,4670.61,0.805189000845865,31,1.4769903442499226
B0047,42,1.167069685125939,4.193464344236471,2.478325379623597,3.3808097620789024,-0.0007026344439326,-0.9979392762794396,-0.936452141533906,11.984785271459067,4.838263185416672,8.420605358837513,4635.0,0.7901674439981703,30,1.4769903442499226
B0047,43,1.1615348403090369,4.192797311893991,2.494831087986124,3.382026759648077,-0.0002550438571568,-0.999100265494274,-0.9330135422416264,12.101959002780742,4.344075258493417,8.51215713252602,4615.86,0.7864200634967,29,1.4769903442499226
B0047,44,1.1555563844349988,4.193468094113346,2.495678140540268,3.376424700878435,-0.0005101948291866,-1.0171989370447034,-0.9354455085688508,12.396974763839234,4.959571710692188,8.54602737861718,4580.75,0.7823723350214848,28,1.4769903442499226
B0047,45,1.1488524666097713,4.16991637056524,2.4729308126474736,3.3729563491800936,9.016949599716491e-05,-0.9986136164374132,-0.9350017140200774,11.455115215105929,5.147446794368618,8.4485741292899,4557.406,0.7778334307210427,27,1.4769903442499226
B0047,46,1.143572986788779,4.192396921446495,2.494578415325497,3.37864248825242,-0.0006963540586541,-0.9974310644719284,-0.9345624675488318,11.39345446641458,3.936045741298076,8.334392904335672,4524.032000000007,0.7742589457275925,26,1.4769903442499226
B0047,47,1.1418015379428537,4.192623205881946,2.492546798627854,3.370172138170829,-0.0005629866234787,-0.9979515372361276,-0.940582322918386,12.6352725981059,5.565824291195301,8.548983420432004,4502.938,0.7730595818638938,25,1.4769903442499226
B0047,48,1.136058647502255,4.1933895299679325,2.4752083843332136,3.367920943746027,-0.0001304300695554,-0.9976588428393416,-0.940166082376245,12.45444631401429,5.14557045285502,8.545644001542279,4483.094,0.7691713435534969,24,1.4769903442499226
B0047,49,1.1236364680969286,4.192510832064287,2.4974098896142385,3.3731133787458685,0.0011662045367734,-0.9980113940759702,-0.9385550163357156,12.18400994607025,4.688571374253996,8.530684068571668,4448.36,0.7607608759741474,23,1.4769903442499226
B0047,50,1.1320498900328944,4.1689267149519535,2.470530852621601,3.357068473489348,0.0009573267451609,-0.9999712649338626,-0.9458548848985764,12.849012968534735,5.497525279278245,8.5880890540764,4440.531,0.7664572043006799,22,1.4769903442499226
B0047,51,1.117010176215815,4.191753022543457,2.4800604125308974,3.369151689786176,0.0006540065615606,-0.9974683513415104,-0.9389122330771016,11.44307926801482,5.347061693193263,8.520717953543993,4416.547,0.7562745285129671,21,1.4769903442499226
B0047,52,1.120043039721982,4.192116566565046,2.482310382215253,3.3578225461504885,-1.817718980463965e-05,-0.998613125908309,-0.948386177478966,12.895633770945397,5.123903583463241,8.509426489984776,4382.937,0.7583279363216059,20,1.4769903442499226
B0047,53,1.1059773445917065,4.192241727517348,2.499914991218416,3.3676285575809373,0.0001232987348393,-1.000314056557349,-0.9414049088928778,11.573902587010837,4.609747972453439,8.454153696786289,4347.453,0.7488047223175098,19,1.4769903442499226
B0047,55,1.1907902374762016,4.151696493245396,2.47468810834507,3.372493003925355,-0.0003665730682483,-0.9989815716960124,-0.9331169601303768,11.984288635557064,3.882513023508471,8.476574571858773,4746.5,0.8062275031871888,17,1.4769903442499226
B0047,56,1.2012387088454022,4.173641970261601,2.4936019875098454,3.382136756328252,0.0003730164611296,-0.997917941666946,-0.9478477265636572,12.836265571184011,5.389667102986422,8.567006275916873,4679.156,0.8133016668131581,16,1.4769903442499226
B0047,57,1.1906909549024802,4.194390827243979,2.4794043785439617,3.383822718764627,0.0001344520751564,-0.9980570526982784,-0.9564435237852028,12.655987301395294,5.650047278870985,8.607327084258758,4596.578,0.8061602836727838,15,1.4769903442499226
B0047,58,1.1764375730308343,4.194161811786053,2.495823360233662,3.3860339727551585,0.0018437228242266,-1.0010833967174453,-0.9528668500629852,12.20963360823446,5.763668242393892,8.707959029152644,4544.641,0.7965099958918679,14,1.4769903442499226
B0047,59,1.1628110372792353,4.194190653204952,2.4834980820953168,3.384139592385293,-0.0004384389125333,-0.9969202436286994,-0.9523529313575728,12.780134013784457,5.695680582397816,9.003534328496398,4526.938,0.7872841158415015,13,1.4769903442499226
B0047,60,1.1516152840582583,4.194292935889806,2.4920392941768497,3.382777180161617,-0.0004484848166033,-0.997543073671386,-0.9518066439769568,12.658108002877777,5.446015893467767,9.02852617906244,4487.438,0.7797040031721376,12,1.4769903442499226
B0047,61,1.1583673498348623,4.146356741131726,2.488243242390158,3.364536091766799,0.00052949767458,-0.9975286494682144,-0.9517057744990748,13.24936801902594,5.821681060954946,9.027729535660669,4513.312,0.7842755061632645,11,1.4769903442499226
B0047,62,1.1692285288386206,4.172368631167838,2.498187334581169,3.378760315037,0.0003941574290999,-1.006932903094604,-0.9457722537487264,13.102537521023756,5.850291159286313,9.071608131387514,4568.438,0.791629094523569,10,1.4769903442499226
B0047,63,1.1588148476218465,4.193697451503613,2.4982213366801296,3.38042492580436,7.08459253948992e-05,-0.9983451614477944,-0.9517682668620396,13.019156020970016,5.813454944381435,9.050284055951,4499.656,0.7845784856571565,9,1.4769903442499226
B0047,64,1.1439588147705455,4.193432136090228,2.4715997205282143,3.3757552328187086,0.000615167333268,-0.9976242692758268,-0.9577750037054298,12.612257184300963,5.570068309383535,8.986064263951343,4430.984,0.7745201715258982,8,1.4769903442499226
B0047,65,1.1383941068159398,4.193707973256604,2.4972991957929973,3.374465176072899,-0.0003321210116835,-0.99985435313252,-0.9541869981546398,12.968805846071126,5.966721242217489,9.036875447987502,4411.141,0.7707525721124899,7,1.4769903442499226
B0047,67,1.2213102850395667,4.166980224197571,2.475863858583421,3.385080798978957,-3.813511310859022e-06,-0.9974759876799106,-0.9269695970852068,13.123905320087225,5.917626432694945,9.095394308322597,4883.312,0.8268911775857269,5,1.4769903442499226
B0047,68,1.2031062978889062,4.175112042490111,2.482088014003299,3.390089045063424,-0.0001390443080429,-0.9988968847011238,-0.9526683776410486,13.179418154583676,5.848925591344167,9.009063913586548,4663.907,0.8145661226376493,4,1.4769903442499226
B0047,69,1.1897147112197684,4.195168632438667,2.484545959502679,3.3919885847747,-0.0005129100273384,-0.998023029768851,-0.9591403423116251,12.742282067813369,5.059900934661653,8.958051495293551,4581.328,0.8054993154501326,3,1.4769903442499226
B0047,70,1.177422568842014,4.19482784099826,2.481724014979985,3.386239960829826,0.0004742870029912,-0.998068559065162,-0.9554277687381624,13.23162562344335,5.25228005674153,8.972563208541265,4553.031,0.7971768897649485,2,1.4769903442499226
B0047,71,1.158443027293818,4.194470276921028,2.475682459777723,3.383817098626054,-0.0003259377086496,-1.000419995099013,-0.9577201485364992,12.857920538298638,5.911910142205657,9.037146843138396,4486.5,0.7843267437757853,1,1.4769903442499226
B0047,72,1.1567087516841796,4.194180006661532,2.4992087242533025,3.381884669655044,-0.000238815255792,-0.9976414843513568,-0.957312378021018,12.67528068575023,5.3659263532424175,9.009035929017504,4450.625,0.7831525481445206,0,1.4769903442499226
B0048,1,1.6579955793677608,4.223690952621402,2.6876065414465464,3.4658606296374312,0.0030094754164111,-1.000740182998641,-0.9275960004271296,10.85194413164328,4.829134798348132,7.911490942125448,6436.141,1.1265715727731616,71,1.4717179267061116
B0048,2,1.5076933476098775,4.161851896835355,2.6835427959445024,3.4593246298099665,0.0007031704374309,-1.0008913420360177,-0.9596376462561298,10.829468947828506,5.772228474438241,7.958927971485882,5650.265,1.0244445081839042,70,1.4717179267061116
B0048,3,1.4989223343608031,4.175466417206107,2.67699798556518,3.4552294701778714,0.0001257646898655,-1.00468755228754,-0.9640819411783536,11.053444137693344,4.596833268139085,7.708927821830712,5590.907,1.0184847973657414,69,1.4717179267061116
B0048,4,1.4782919502497789,4.174693750587349,2.693438414792196,3.4575807060974952,0.002484352078282,-1.0003370114328405,-0.9590403279797146,10.582379295049948,4.743082891030165,7.711890755969547,5543.61,1.004466904577551,68,1.4717179267061116
B0048,5,1.461856891390611,4.174741021763634,2.6967591738883163,3.457640385589739,0.0017833078818055,-1.0024109953994933,-0.9561581387967848,10.227762694291696,5.090456621271111,7.733691649876036,5499.046,0.9932996431336738,67,1.4717179267061116
B0048,6,1.4509592706473475,4.174511213058054,2.6855475478766424,3.454056999646405,0.0002502113009859,-1.0007359400857092,-0.95562492940014,10.448166696977866,5.052463006214185,7.713793706750157,5461.219,0.985894949241242,66,1.4717179267061116
B0048,7,1.451746997147108,4.14121689573938,2.691750203742161,3.436367401137892,0.0011796550269873,-1.002031773364646,-0.9577937939731284,11.087645565750543,3.9324231269288994,7.8513931260036465,5451.281,0.986430192092787,65,1.4717179267061116
B0048,8,1.444392866287476,4.158004815622747,2.689384375743919,3.4466304878843594,0.0020322605199551,-1.0007316751284792,-0.9502347980955428,10.331525897326843,5.537851990335868,7.905320525605018,5468.062,0.9814332217316992,64,1.4717179267061116
B0048,9,1.432738323965376,4.173957792716822,2.6855540838129546,3.446935393977592,0.0034991088461236,-1.0005511265640192,-0.95236200437101,10.695473118282326,4.843165715131853,7.847675607740912,5411.297,0.9735142162547568,63,1.4717179267061116
B0048,10,1.417241201438662,4.173757067290182,2.689152622424136,3.4438356242957933,0.0024035681930929,-0.99971357088635,-0.9494102232020356,10.588614300598088,5.513246233631286,7.926506175979814,5369.703,0.96298426194388,62,1.4717179267061116
B0048,11,1.4057559944573452,4.172904801080625,2.678956108681276,3.4417182002819104,0.0016393911719587,-1.0019089598735609,-0.949209508836394,10.7107611721746,4.743978301887625,7.937097401174621,5327.406,0.9551803161109838,61,1.4717179267061116
B0048,12,1.3902706269897065,4.173032965850683,2.688287422782237,3.439456123966976,0.0026758903873933,-1.0010368726226484,-0.9438502376761828,10.52686289722462,5.569898912426464,7.966127448510559,5299.266,0.9446583491045092,60,1.4717179267061116
B0048,13,1.4196659307880326,4.133304141515335,2.680621623320638,3.430038755039813,0.001095210798971,-1.0014340929938248,-0.9514090951270098,10.680714357791624,4.137443220942473,7.886742523689043,5367.172,0.9646318122695036,59,1.4717179267061116
B0048,14,1.4190563985232272,4.156655311996452,2.693587841641054,3.442487347026378,0.0020320180393504,-0.9997588632259335,-0.944155823754122,10.479304841863389,3.992453746405328,7.810373532807223,5406.812,0.9642176484859788,58,1.4717179267061116
B0048,15,1.404272356704056,4.172913024979518,2.6905447145318244,3.4434500367152183,0.0012058996227724,-0.9998144854501804,-0.943749133811343,10.378581035006627,4.561699444118848,7.869709498966687,5353.094,0.9541722168506792,57,1.4717179267061116
B0048,16,1.3916140490958342,4.172334722190024,2.6889512479861937,3.4369770767738053,0.0018081909218465,-1.00055829140422,-0.948030574788209,10.851484720266557,3.989340515617782,7.873285917762758,5280.031,0.945571174912872,56,1.4717179267061116
B0048,17,1.3749618350294734,4.171533861821569,2.6767423992621824,3.4351167375068576,0.0018186296784073,-1.000296719098956,-0.942440288320164,10.70498211965856,4.320857993357971,7.888295790156799,5248.593,0.9342563612762466,55,1.4717179267061116
B0048,18,1.3545155713071164,4.172113180559959,2.692752260117709,3.4352880614818906,0.0029459229003412,-0.9998388108585378,-0.936561624298611,10.26828159930382,4.951795065579511,7.90514873318139,5203.375,0.9203635742473364,54,1.4717179267061116
B0048,19,1.3440223073315984,4.152547964911409,2.69610071870072,3.426473499744202,0.001847873095543,-0.9997539612146188,-0.9359740520534714,10.42028909453994,5.453380314760635,7.9278743808781424,5166.812,0.9132336318955414,53,1.4717179267061116
B0048,21,1.372384475860572,4.176821150785954,2.6813752744142234,3.423172304469916,0.0028257148701018,-0.9998450687021054,-0.9249433480673208,11.025933551300648,5.066670449647178,7.950376644939932,5340.281,0.9325051023412754,51,1.4717179267061116
B0048,22,1.318410575267441,4.171686901258687,2.6946752970811247,3.428797713311107,0.0018603393207839,-1.0005731202327626,-0.929678394158958,10.196289899952207,5.533218200827807,7.891054732187375,5103.0,0.8958310226051324,50,1.4717179267061116
B0048,23,1.3112727599578604,4.172000465131976,2.6954700046169733,3.4246615589655964,0.0030002151765806,-1.0035187304131965,-0.9340469067277114,10.67776116366158,5.448284108593169,7.911933312913009,5051.172,0.8909810339082113,49,1.4717179267061116
B0048,24,1.2970172419001187,4.151092092342163,2.696945913635699,3.420260120001828,0.0027748871456291,-1.0002204688393834,-0.9282929869770824,10.197605675555666,5.563022662749718,7.973125054817125,5027.563,0.8812947225580143,48,1.4717179267061116
B0048,25,1.2995219526631718,4.171107672675929,2.678219557836974,3.4176468335228454,0.0044641721580971,-1.00063095764688,-0.9361639727698596,10.817583822184044,5.305296976396524,7.988820643678426,4993.765,0.8829966184971764,47,1.4717179267061116
B0048,26,1.2826154066729571,4.170406220123355,2.6929901554909765,3.4172601086559014,0.0031591188266176,-1.0004747296268892,-0.9299928998106648,10.516072793190034,5.382210395843422,7.990220402102304,4962.469,0.8715089919055417,46,1.4717179267061116
B0048,27,1.2752890152407,4.169460748536267,2.684969781882089,3.4115448650857543,0.0020541121597789,-1.006586673096361,-0.934806579329965,10.549697060839051,4.323941422488026,7.882690956878554,4907.859,0.866530869875966,45,1.4717179267061116
B0048,28,1.2735572473264072,4.170165006607723,2.6836073579697186,3.4065891490442124,0.0018647317692802,-1.0026150245180556,-0.9370645194852636,11.262651366620426,3.947351265286175,8.054682377673142,4888.656,0.8653541716222668,44,1.4717179267061116
B0048,29,1.2594114333938535,4.148906074950599,2.6880496504528555,3.404850768576602,0.0038491351535378,-1.0001495156365343,-0.9310772172053212,10.67022537319244,4.8115564819625565,7.989516678064296,4866.25,0.8557424018151178,43,1.4717179267061116
B0048,30,1.2631632585495876,4.170272562112315,2.6866245843324728,3.4037388246513496,0.0025458608027601,-1.000662603416492,-0.9394586031577282,11.290252755528313,5.22224566501025,8.031961049301984,4836.125,0.8582916845870762,42,1.4717179267061116
B0048,31,1.2491717310136363,4.170271899546104,2.698617918096401,3.406828557709097,0.0034355211514904,-1.001004029933717,-0.935837916606588,10.973350060572036,5.67786105224998,8.043229181254354,4801.485,0.8487847489970028,41,1.4717179267061116
B0048,32,1.233984347835307,4.169452174938924,2.699107325579607,3.408678977410032,0.0032156201712743,-1.0009807316550958,-0.9322392887454544,10.3391489283262,5.160424118649307,8.03181115051043,4760.938,0.8384652557688945,40,1.4717179267061116
B0048,33,1.240031992028868,4.170146996930818,2.6835548325192,3.3973450050321667,0.0032676933828671,-1.0015794381065346,-0.9406998132859437,11.22843469416495,5.270377561388148,8.097013437245895,4740.907,0.8425744971417277,39,1.4717179267061116
B0048,34,1.30370857198071,4.12494331073437,2.681569834191177,3.3993392010348766,0.002741239360133,-1.000338666801855,-0.9537093572867028,11.142187018109254,4.729340770408116,8.022533123805395,4914.532,0.8858413343503755,38,1.4717179267061116
B0048,35,1.315055963470538,4.151287967783268,2.683679055503892,3.4116534333763227,0.0029521447447247,-1.0008223865758237,-0.9460022622334844,11.266783334689707,5.108006310610777,8.108172025448226,4998.656,0.8935516375843824,37,1.4717179267061116
B0048,36,1.2888738300982074,4.170265534323388,2.682654869893668,3.417645007960136,0.0027404094242924,-1.0014803549820417,-0.9477332619889278,10.42585253276335,5.16229310518604,7.897722007134805,4890.015,0.8757614531358383,36,1.4717179267061116
B0048,37,1.2877137595885193,4.170979556153871,2.682384467590376,3.4079105797438367,0.0030772516111169,-1.0011333619216,-0.955996398502354,11.216029100406416,5.449713987023955,8.04149350152151,4842.11,0.8749732107093262,35,1.4717179267061116
B0048,38,1.2673379985315465,4.169424514471797,2.686240486840372,3.407164499269472,0.0018306959853921,-1.0008607894638553,-0.9495988780290304,10.782099455149345,4.546722884578634,7.954120438181095,4798.281,0.8611283286927184,34,1.4717179267061116
B0048,39,1.250594345697306,4.170624380836064,2.6969281633328235,3.411264697940678,0.0018361514130153,-1.000768040220572,-0.9487217927497306,10.321202935071105,5.50301085785278,7.99745058769299,4739.188,0.8497513844220763,33,1.4717179267061116
B0048,40,1.2487131179395878,4.149740744130536,2.697244348677796,3.399055092260418,0.0058328434279522,-1.00042503459904,-0.9484783034454788,10.97070399517944,4.482961780107139,8.033089769228212,4733.156,0.8484731314881538,32,1.4717179267061116
B0048,41,1.248002326082933,4.170538290499679,2.682663772646134,3.397998613644679,0.0024128993077932,-1.0015325180388504,-0.960288282497019,11.121182366824469,5.62240286953277,8.032822875095608,4670.61,0.8479901640364726,31,1.4717179267061116
B0048,42,1.2300895244599586,4.170102316006519,2.6897565950033164,3.396874930872144,0.002341578409473,-1.0062480227973458,-0.9538841832821684,10.805368665446066,5.066112833343836,7.971994643634386,4635.0,0.8358188088481415,30,1.4717179267061116
B0048,43,1.2244197121500937,4.169002458595089,2.6851150517360427,3.394928539113621,0.0041882763157375,-1.000237361904988,-0.9534653843148168,10.90427632418744,4.014798668315889,7.985840586212385,4615.86,0.8319662959399413,29,1.4717179267061116
B0048,44,1.2186682845116386,4.169722967056448,2.691698678764574,3.3923053503439844,0.002146561775158,-1.0009932577793423,-0.956181471470956,11.177549576040898,5.146085898076146,8.055923800450703,4580.75,0.8280583272089173,28,1.4717179267061116
B0048,45,1.2037865236033616,4.147796072295514,2.688395997689043,3.393507466288284,0.0024197601963604,-1.0006542561971037,-0.949495711589349,10.375532122783676,4.773271337412214,7.982156595851859,4557.406,0.8179464975992962,27,1.4717179267061116
B0048,46,1.1947642300832226,4.16937546220786,2.696650926823416,3.397997936501643,0.0039275882749092,-1.0009626594711905,-0.9491950189128958,10.314092555911314,3.6358068711620457,7.842796481143621,4524.032000000007,0.811816047357155,26,1.4717179267061116
B0048,47,1.2052091893871495,4.170164354666364,2.6969697387700067,3.388292525771297,0.0019253522309582,-1.0010181767758786,-0.9617018565505489,11.367431862943256,5.400512363966563,8.079939832789865,4502.938,0.8189131677457773,25,1.4717179267061116
B0048,48,1.1955746593628465,4.169926901474105,2.6967087456075824,3.3877256181336417,0.0029828645995823,-1.0003688126988763,-0.9582791920312704,11.06954549641082,5.364985230876063,8.064765751727982,4483.094,0.812366716248875,24,1.4717179267061116
B0048,49,1.1888497102149884,4.169479557902343,2.691947029899948,3.3892443793813447,0.0014238030452447,-1.000126079444024,-0.96045733364653,10.977331626368253,4.837302629347535,8.047690080561159,4448.36,0.8077972610388612,23,1.4717179267061116
B0048,50,1.1915605250807406,4.1466990810536295,2.686563173222129,3.379247569665043,0.0029238576437456,-1.0021900619093496,-0.964049565042912,11.25041370680882,5.5735629503418185,8.077528255423264,4440.531,0.8096392001880427,22,1.4717179267061116
B0048,51,1.1726587153109655,4.168333177873153,2.696173744376241,3.3916390352444328,0.0024173954685969,-1.0003664269909844,-0.954156405475968,10.261913330935936,4.946061993175074,7.993540199499143,4416.547,0.7967958356908257,21,1.4717179267061116
B0048,52,1.1841133872494156,4.1690272272079385,2.687805922420921,3.3795641863547807,0.003278621257606,-1.0012571198673526,-0.9703946548779708,11.209451387068038,4.703986623811653,7.973181959906697,4382.937,0.8045790336328981,20,1.4717179267061116
B0048,53,1.1576825122317769,4.169215137661718,2.6954427225266566,3.390535719678572,0.0019777963812346,-1.0018658991684293,-0.9568118198331176,10.39465598668322,4.719507027593361,7.915947250994455,4347.453,0.7866198347008077,19,1.4717179267061116
B0048,55,1.259355851168598,4.135364610542779,2.6861121256233056,3.3909861606032004,0.0012033859895205,-1.0023792621826997,-0.9536560997964092,10.71880829888557,3.640778332395991,7.938268366482139,4746.5,0.8557046349141059,17,1.4717179267061116
B0048,56,1.265883375278026,4.1506494675081695,2.6816961536149058,3.3970417211274984,0.0007467315993929,-1.000168699926821,-0.9718532283937388,11.267543040114028,5.280785927020868,8.024531067354474,4679.156,0.8601399441476065,16,1.4717179267061116
B0048,57,1.247259867318412,4.170594556050919,2.6935260886313634,3.405389779326204,0.0008686434908399,-1.0029269600514006,-0.9745908346175696,10.977215485451683,5.439127798474958,8.026701986317695,4596.578,0.8474856796165657,15,1.4717179267061116
B0048,58,1.232808747256218,4.170902199360611,2.6819098951639786,3.4044637089503,0.0012745576170925,-1.0009156470599612,-0.9743182693533816,10.698980931953203,5.5760957810433815,8.083086131954136,4544.641,0.8376664610013943,14,1.4717179267061116
B0048,59,1.2319592783041904,4.1707733769162845,2.6836569825858465,3.40066115678775,0.0017172085207204,-1.0001085078242802,-0.9773202136961056,11.200778779435032,5.877656826915311,8.282945581406354,4526.938,0.8370892655099127,13,1.4717179267061116
B0048,60,1.220785786262778,4.170606882649154,2.686405541586876,3.399557901522936,0.0003549387845271,-0.9997514170880324,-0.9769934301900784,11.067122162658642,5.525503580120772,8.296254318972048,4487.438,0.8294971231308224,12,1.4717179267061116
B0048,61,1.2275441303266783,4.128047138171167,2.685608364298082,3.3869933616946555,0.0008543782112958,-1.0014756423920743,-0.9767440428637848,11.217197558663642,5.413129453673241,8.280354632475289,4513.312,0.8340892694526562,11,1.4717179267061116
B0048,62,1.2386788414290355,4.150268203613492,2.685972991906515,3.394753102028349,0.0016107871941853,-1.0292876659492052,-0.9738169504529768,11.59325762914515,5.989050471195661,8.346898191755683,4568.438,0.8416550610356112,10,1.4717179267061116
B0048,63,1.2283577755407058,4.1705243721131415,2.689198249643033,3.3979955411966936,0.0029197510088672,-1.0011525386558742,-0.9802233649908892,11.534047303435644,5.977980107459538,8.337878264565942,4499.656,0.8346421235011547,9,1.4717179267061116
B0048,64,1.2095481507570451,4.170294880009359,2.6983204775942364,3.399587991995103,0.0007032833500389,-0.9994560675644152,-0.9801797978590469,10.92572543982624,5.68627740208186,8.259622932500356,4430.984,0.8218613966768515,8,1.4717179267061116
B0048,65,1.2082142070681048,4.170568686817898,2.693240203211685,3.3951186218431086,0.0001566483540684,-1.0001444836054942,-0.9833769221524864,11.346378697595553,5.76985883802255,8.290496900072908,4411.141,0.8209550112447423,7,1.4717179267061116
B0048,67,1.2998734542832149,4.152589435404936,2.6866110987705887,3.402660754515897,0.0032773724490906,-0.9998506480954517,-0.9565798060844432,11.439171740202124,5.83847318455834,8.321321846834685,4883.312,0.8832354561260892,5,1.4717179267061116
B0048,68,1.2691220651743778,4.151970239591361,2.699083135691788,3.409317486730915,0.0021411055906852,-1.0004944197478995,-0.9772401913298512,11.147240167890732,5.409615967347339,8.23807744072398,4663.907,0.8623405627835433,4,1.4717179267061116
B0048,69,1.2555144634690785,4.170962379739071,2.6907134698484554,3.4133709426845624,0.0013498014629071,-1.0008604029243209,-0.9839943201059,10.831285577855546,4.717927692291231,8.189029507624946,4581.328,0.8530944963611856,3,1.4717179267061116
B0048,70,1.2519876926897655,4.171135033653532,2.684500860538322,3.4068009615962724,0.0002887625847544,-1.0019448914018847,-0.9871874196801942,11.236293148641268,4.908420996146337,8.234868029314756,4553.031,0.8506981330939348,2,1.4717179267061116
B0048,71,1.2374982003019996,4.170873392468351,2.687835669252526,3.406169063274703,0.0005939644267695,-1.0012709000931328,-0.9901111158822024,11.08616967823061,5.971467724106513,8.238279702155017,4486.5,0.8408528413265136,1,1.4717179267061116
B0048,72,1.2231273969878986,4.170920111392399,2.690437364566134,3.406745720524415,-7.174117374828844e-05,-1.0011831011426036,-0.9865545525457216,10.751912617606896,5.438496112688672,8.219372551773532,4450.625,0.831088196177246,0,1.4717179267061116
B0049,1,0.8583727215167135,3.8462292855248927,1.992540128455469,3.053366988981642,-0.000871109149625,-2.020967008916884,-1.991100813305088,16.380725919820748,9.276107406369094,13.052857746525287,1713.235,0.6071826636285137,24,1.4136976777088663
B0049,2,1.4209057149417377,4.162219408853582,1.9882559316714203,3.2129415422375103,0.0016948784926854,-2.0153014084095795,-1.83826156002667,20.824132297943244,5.641776754662599,12.628005551626734,3170.984,1.00509871194282,23,1.4136976777088663
B0049,3,1.372852133389263,4.191097729318615,1.999572792895172,3.184979657873478,0.0004569791270123,-2.014855437456021,-1.9024015568068968,22.127142494646403,5.701047125577017,12.625179528928726,3135.344,0.9711072989906864,22,1.4136976777088663
B0049,4,1.3643742487429145,4.191581344098992,1.9713959702644483,3.3418301077163908,0.0015804056575776,-2.01601295143096,-1.7343383193976387,17.45530915998414,4.621748251721727,11.462796138822773,3049.781,0.9651103416637928,21,1.4136976777088663
B0049,5,2.378643730568756,4.462470916200919,1.973516552675188,3.2625681004485227,-0.0013154972010939,-2.016781837557893,-2.0045868396237765,20.096309819317955,5.230894088969191,14.669814873687034,4565.859,1.6825688887200736,20,1.4136976777088663
B0049,6,1.0605357965671216,4.176096603328684,1.977906319610241,3.444775461340988,0.0028795308284142,-2.0159486718933524,-0.8640775471976618,20.530529696550808,4.389464977318044,10.159724053383584,5428.594,0.750185710346428,19,1.4136976777088663
B0049,7,1.0069932376659496,4.192152439213644,1.999505796022011,3.226430104098529,0.0024219966356886,-2.0165552728134664,-1.6316825774505053,19.605507267281187,5.509098422652694,12.747809437833528,2646.797,0.7123115879329665,18,1.4136976777088663
B0049,8,0.9298775334359536,4.19193811929599,1.9998676881173485,3.226587700876868,0.0038016990639043,-2.0160269331983307,-1.5413805979962576,21.578292345131203,6.631161942912828,12.859387226194556,2705.594,0.6577626518726236,17,1.4136976777088663
B0049,9,0.9232377029483808,4.191932999195206,1.9942412611094629,3.2214892828227866,0.0019806173998031,-2.015682931257663,-1.5480032557315486,21.333411676684342,5.752360169193854,12.77865014417398,2627.828,0.6530658693905772,16,1.4136976777088663
B0049,10,0.9053279121173716,4.190969695803424,1.988792982969284,3.3410764354812947,0.0020740371989916,-2.015748607797613,-1.2679865452905723,18.65094643921925,5.267530364129424,11.60077882051404,2981.312,0.640397113465311,15,1.4136976777088663
B0049,11,0.8595848360639872,4.171684324757671,1.99394963168183,3.064645703434,-0.0021481465656871,-2.016079035961751,-1.9918699549524488,21.206691637037263,6.687214876673814,12.46216600618278,1941.797,0.6080400708142127,14,1.4136976777088663
B0049,12,0.8369614294820705,4.190637849743496,1.997025505884536,3.2359600944959555,0.0008712855130487,-2.016783294487201,-1.4315359583206415,21.329570135453707,5.475337257448136,12.68524460660397,2663.625,0.5920370689428497,13,1.4136976777088663
B0049,13,0.8456824187653132,4.1898267739177975,1.990570708799589,3.306834813693079,0.0028026401539397,-2.015336886284324,-1.282717511127997,18.615958800969327,6.274589960817087,12.070917134385256,2862.25,0.5982059899368889,12,1.4136976777088663
B0049,14,0.8071214007577537,4.190571685709423,1.9874243707218109,3.027048731210282,-0.0021976488972561,-2.0158427443639826,-1.99132682330145,22.131760657764843,5.501426145497583,12.931744232686029,1894.485,0.5709292824657031,11,1.4136976777088663
B0049,15,0.7820744360746734,4.18826381558764,1.989251737206632,3.0458944536011447,-0.0013048173016235,-2.015178417335196,-1.9900791687971109,21.0797561027406,4.232622819861061,12.53100572898693,1799.25,0.5532119408600543,10,1.4136976777088663
B0049,16,0.7953019444133349,4.162762870031206,1.9868911872895965,3.0556096413337333,-0.0018541180127632,-2.015693117280659,-1.9889148395636456,19.66472404691272,6.133487883679988,12.335513729341908,1741.204,0.5625686148839508,9,1.4136976777088663
B0049,18,0.7752051154719997,4.1692630784027385,1.996058976050717,2.9848405470772863,-0.0021169047464473,-2.017126618248215,-1.990973959623023,22.347809168975328,4.032381358513863,13.18736744544518,1899.218,0.5483528251445877,7,1.4136976777088663
B0049,19,0.7711865903845158,4.186817701935873,1.9811242583835047,3.216101228170252,0.001761731592214,-2.016129985116996,-1.4760043090484107,19.41196098209977,6.563001902336632,12.73854385905339,2305.25,0.5455102618788712,6,1.4136976777088663
B0049,20,0.7585098914517947,4.188353148421002,1.991234767471124,3.0487042882213067,-0.0003158661530391,-2.0162046577360044,-1.9881249898325228,19.074608803884857,6.653715353599918,12.43174282130699,1690.594,0.5365432110499657,5,1.4136976777088663
B0049,21,0.7349386490499009,4.161361064351189,1.992352748796434,2.97408172255637,0.0005862349023809,-2.01581049777552,-1.9893873144726053,22.607671167433093,6.031905884095365,13.382353818734751,1800.421,0.5198697434666456,4,1.4136976777088663
B0049,22,0.7366758033690756,4.186507738215053,1.9960897948919885,3.044469563288436,0.0018671631753728,-2.0160585309963657,-1.986925150387184,19.003281636478988,5.761176746152184,12.300881528020009,1633.25,0.5210985453148526,3,1.4136976777088663
B0049,23,0.7093946599203638,4.188359485457034,1.9999963944412724,2.977231196667954,-0.0011126003309764,-2.016348795070144,-1.9884870151283096,22.10154579807187,5.952592648948693,13.146013541941878,1737.172,0.5018008242540629,2,1.4136976777088663
B0049,24,0.7186465009220309,4.185414346041184,1.9911540027307004,3.022114915131473,-0.0007286831106421,-2.0153902683188014,-1.9864544147288472,19.702963463668752,5.005291117104153,12.419820365387574,1614.406,0.5083452510771028,1,1.4136976777088663
B0049,25,0.6913885231046639,4.187572397568079,1.9924291348754952,2.9634989615749228,-0.001017198992986,-2.016217383011093,-1.9877745412866723,22.293655276575564,6.04278635810774,13.214727037699832,1708.86,0.4890639165689051,0,1.4136976777088663
B0051,1,0.6434735598158292,3.8000325140227753,2.469359676853076,3.1549295868000704,0.0013116512309689,-1.9904601456447133,-1.4446529772433487,17.933039751399626,9.111380110221903,13.521306814955082,1713.235,0.5013282132482438,24,1.283537496616411
B0051,2,1.293180461998278,4.166332642660912,2.494398109831089,3.351501394820497,0.0031720907397802,-1.99003056135952,-1.542691727192151,17.97953483271074,5.559342704925847,12.32941609273775,3170.984,1.007512803799879,23,1.283537496616411
B0051,3,1.2288940261191657,4.197817181186768,2.493737690186406,3.410335381330824,0.0018351090044872,-1.9907652212254523,-1.4746378269373634,16.976273689395825,5.537156809077428,11.78616330029516,3135.344,0.9574274451340196,22,1.283537496616411
B0051,4,1.2039031789717949,4.201090648817504,2.484825203522635,3.399036037954353,0.0011545811125547,-1.990224766082128,-1.5006800020025486,18.15291521418941,4.373525140056248,11.79177216318508,3049.781,0.9379571552412426,21,1.283537496616411
B0051,5,2.330873478782131,4.4605398643795535,2.481006838176381,3.35046347393405,0.0027262269910298,-1.9923919648262227,-1.896821592318448,20.74350641722436,5.098450949325577,14.855344209164883,4565.859,1.81597614789334,20,1.283537496616411
B0051,6,1.0092808819126011,4.183564695802171,2.4989144012367213,3.550786981618681,0.0022228249442601,-1.990655656298888,-0.737481989835175,19.42896460124537,4.186097078007529,9.407360590589006,5428.594,0.7863275397666296,19,1.283537496616411
B0051,7,0.9565659895125322,4.201222601303239,2.4909800416005967,3.3747303939191564,0.0010371434859419,-1.9928667511122289,-1.4120917458916038,18.9541455757646,5.426447209679076,12.00427347710193,2646.797,0.7452575339903801,18,1.283537496616411
B0051,8,0.901956291365404,4.202406487867388,2.494677278512384,3.4288897043375743,0.0006812868774389,-1.990238497569237,-1.2823219733883888,17.468709072861763,6.059036363902386,11.420322251577586,2705.594,0.7027112910554543,17,1.283537496616411
B0051,9,0.8897906666138162,4.204413406598424,2.4990630530936326,3.391239374171384,0.0010369244546384,-1.990706372919536,-1.3407891208749412,19.153660408464766,5.591121385175445,11.80356781146328,2627.828,0.6932330913272359,16,1.283537496616411
B0051,10,0.8830717036634559,4.203308441652878,2.49110131411956,3.458540277576628,0.0013412610800227,-1.990986162648124,-1.138956624462563,16.52477794467856,4.940486515770837,10.939133221658826,2981.312,0.687998368564502,15,1.283537496616411
B0051,11,0.8431270354481757,4.187936112831865,2.487899627353052,3.331880238029603,0.0022593304792197,-1.9921565534257668,-1.6577316261962292,17.11375752268931,6.288909422298661,11.883224057630692,1941.797,0.6568776040207469,14,1.283537496616411
B0051,12,0.826559103449663,4.204131585576503,2.4928843010694406,3.4455112582421257,0.0011385679482569,-1.9907118191391828,-1.2024628091563312,17.63739523383682,5.099449929132662,11.104558398908887,2663.625,0.6439695806539282,13,1.283537496616411
B0051,13,0.8352681546837963,4.20261624712583,2.4993609910440835,3.4313160640623783,0.0006626894133903,-1.99014628502916,-1.168347837338951,18.52236923892433,6.015605534281872,11.406827135294929,2862.25,0.6507547748980322,12,1.283537496616411
B0051,14,0.8025719464987874,4.204441713018145,2.498094046924129,3.3091927488307733,0.002239088154357,-1.9918526087146264,-1.665118160522683,18.39923327528304,5.385185542414158,12.198436592525171,1894.485,0.6252812626156089,11,1.283537496616411
B0051,15,0.7839218784699513,4.205629455017258,2.495501924298458,3.321646649287508,0.0022906662061056,-1.991528593862549,-1.6832381832629877,17.275372082939334,4.0024683515999895,11.825318185585296,1799.25,0.6107510536595011,10,1.283537496616411
B0051,16,0.7910763493036002,4.18869211223692,2.490477437469913,3.2949705809839465,0.0006567456152538,-1.990859718937767,-1.7405566859787576,16.60444518809659,5.697805223790791,11.83597928071688,1741.204,0.6163250792353093,9,1.283537496616411
B0051,18,0.7654538269480236,4.1821997161959255,2.491598912047876,3.3300145239416707,0.0026026422672707,-1.994157229105373,-1.5726949110278066,17.682518901037938,3.957976104923049,12.009985166510232,1899.218,0.5963626531876706,7,1.283537496616411
B0051,19,0.773177347633947,4.194584498935661,2.4869071541416994,3.391911995963896,0.0002846629432911,-1.9911277842699449,-1.314248973317158,16.94512387438401,6.220888547997254,11.6895460366882,2305.25,0.6023800237018033,6,1.283537496616411
B0051,20,0.7605293776416485,4.197406401996851,2.499952602276462,3.267971796503206,0.0009007613061717,-1.990804461946515,-1.7652832229320168,17.545176388637014,6.260405354471425,11.987366110206718,1690.594,0.5925260303236275,5,1.283537496616411
B0051,21,0.7376430319247004,4.189508964301152,2.4997210982004625,3.293393827536012,0.0008332610521895,-1.990688448137932,-1.639295567416511,18.870237090882178,5.826687243750715,12.368454802055908,1800.421,0.5746953508325493,4,1.283537496616411
B0051,22,0.739179500257907,4.19596724295681,2.491516785323916,3.271485849685164,0.000738898325468,-1.9935500054668205,-1.755416228780336,16.8501327260127,5.279036135378427,11.810149488093078,1633.25,0.5758924084465706,3,1.283537496616411
B0051,23,0.7014575429842594,4.190531975284901,2.496222014851971,3.30778530525047,-0.002102449039809,-1.993456926596487,-1.6005657555126516,18.12397455517185,5.705707902684859,12.09457421285805,1737.172,0.5465033509604528,2,1.283537496616411
B0051,24,0.7047349480541781,4.178476681914968,2.488325882818304,3.2841455177779646,-0.0028049556572372,-1.9932734131292416,-1.688137636758635,16.26047891418261,4.62220261072529,11.797027499425711,1614.406,0.5490567668743301,1,1.283537496616411
B0051,25,0.677848893570423,4.1919700049548565,2.495715251425015,3.3119152698386256,-0.0016923945684621,-1.9937534992241324,-1.5784322210682304,18.15350870977148,5.747210329435954,12.079392114792578,1708.86,0.5281099269459053,0,1.283537496616411
B0053,1,1.06914178861943,4.082016063841389,1.9808329057464715,3.0828389099409663,-0.0024914557337994,-2.0157846600725544,-1.993560711727946,19.02185891684059,5.6480393241342135,11.988576567861957,2349.64,0.9508307661721368,54,1.1244291062683962
B0053,2,1.1540727934432229,4.178658528567033,1.973555856067144,3.110328642546824,0.0006393162265119,-2.0158554217685096,-1.9952648424142536,18.304754041202315,5.543675124020882,12.059863244911188,2560.688,1.026363322515907,53,1.1244291062683962
B0053,3,1.1501525413826983,4.192255020207044,1.9558143264177168,3.1104628288221936,2.0450141392531515e-05,-2.015745008559969,-1.9952720113784064,19.33942752368694,6.154198814950669,11.967885395858058,2522.375,1.0228768847861556,52,1.1244291062683962
B0053,4,1.1305863853936766,4.192588912486402,1.99748310559266,3.115027942360279,-0.0002898797024177,-2.0158186517663363,-1.994739489778059,18.729143210051177,5.896215310159421,11.985900972885712,2488.719,1.0054759158144833,51,1.1244291062683962
B0053,5,1.121790272357562,4.192849949462827,1.974695202836088,3.109376043532363,-0.0010990640357604,-2.0154879896693143,-1.994716528121975,18.709411575172343,5.959010081605195,12.004376962205336,2474.844,0.9976531789366502,50,1.1244291062683962
B0053,6,1.1135982401443856,4.193081087954604,1.9637397944562875,3.1067532264566258,-0.0001586110429059,-2.01514791138818,-1.994462268339957,18.63570596513145,5.846660329659284,12.133888437168595,2473.875,0.9903676754153452,49,1.1244291062683962
B0053,7,1.0864654057095062,4.179165887700054,1.944364958852849,3.083406677687234,-0.0010307934301536,-2.0165720599153336,-1.9944377413009733,21.292305794774187,4.908867265489057,12.32708937826574,2495.5,0.966237355163387,48,1.1244291062683962
B0053,8,1.0647493568993147,4.191975122366585,1.9470490842081751,3.080580001769896,-0.0009173979841988,-2.0161080991224587,-1.994535794151797,21.01159959420005,4.163834525552001,12.164497494980395,2481.078,0.9469244000921156,47,1.1244291062683962
B0053,9,1.0809288094959644,4.191963518196991,1.9602813323957715,3.0828198149689934,0.0007767461392423,-2.0159395612536084,-1.99428874746264,20.939938897683515,6.560250515665322,12.128732336863894,2460.125,0.9613134376103134,46,1.1244291062683962
B0053,10,1.0852752041846463,4.192155796080977,1.9605995541160253,3.095128536447283,-0.0014786883453424,-2.015751416688318,-1.99423279352749,19.28383683899809,5.925238378002409,12.245191547318631,2440.547,0.9651788611078482,45,1.1244291062683962
B0053,11,1.0504799933740894,4.192319942921637,1.9595048550370973,3.078011917190656,0.0004769357655561,-2.0145490297544875,-1.9941297761315324,21.101391697483887,4.216243718800515,12.190916714981144,2449.922,0.9342340815600912,44,1.1244291062683962
B0053,12,1.0853550177054303,4.178294459840927,1.984585820237712,3.0992512260717127,-0.0013334970754673,-2.017540600725712,-1.993681474074749,18.64340722345076,6.132961419005288,12.163073942837917,2408.781,0.9652498424799412,43,1.1244291062683962
B0053,13,1.0508395690790722,4.192753069603226,1.944670916271544,3.0759964813859115,-0.0009249428037251,-2.0152928005596524,-1.994006147873811,21.313677971413888,4.384930600130763,12.292542702117029,2442.547,0.9345538666874756,42,1.1244291062683962
B0053,14,1.060906788333118,4.192029518756707,1.9692766515934297,3.076814828498021,0.0011360498138273,-2.016114129246863,-1.9936703356758645,20.92811979857166,6.632750483611317,12.1295279689702,2420.671,0.9435070494163144,41,1.1244291062683962
B0053,15,1.070582461063814,4.192422731350341,1.991566826677512,3.0908348956433267,-0.0009644415013623,-2.0152155871167707,-1.9936409148373784,19.930786955410536,5.945060994833763,12.364595355360214,2409.906,0.952112014083946,40,1.1244291062683962
B0053,16,1.024036665663697,4.192159667005352,1.9588680902433293,3.070553607905953,-0.0010442208821026,-2.0158432646768185,-1.9937041845656749,21.0220574646762,4.996866437841353,12.128324396717016,2416.672,0.9107169673525544,39,1.1244291062683962
B0053,17,1.0670957253433857,4.177933640317498,1.9836880271317603,3.087460321440554,-0.0009203110711447,-2.015297860734077,-1.993135366325924,19.091622529647232,6.030995537951039,12.302129277138697,2395.75,0.9490111198603878,38,1.1244291062683962
B0053,18,1.0279237850447498,4.192397472111982,1.968810244689163,3.0715434654202056,0.0004730600690917,-2.015387641467015,-1.993126693764504,21.30570494347084,4.410907685703091,12.366585260617878,2410.688,0.914173938858702,37,1.1244291062683962
B0053,19,1.0325426399701008,4.191651190035001,1.940239319338743,3.0648787393041275,-0.0022575515022887,-2.017433515230241,-1.9933351618651365,21.06885524244432,6.183556319848309,12.13341884254367,2402.125,0.9182816721960926,36,1.1244291062683962
B0053,20,1.055948784653705,4.191822005194803,1.9763616179319543,3.0920593287919123,-0.0003775870843525,-2.016831246534153,-1.992634824405149,19.0403826843671,6.218257931736524,12.146814956196248,2355.265,0.9390976974600432,35,1.1244291062683962
B0053,21,1.0445313831308718,4.192766032434195,1.958878972318411,3.0752264215555254,0.0013789590238786,-2.0149856192697904,-1.9928701313578605,21.22988294194384,5.631538993521259,12.493460218119653,2396.719,0.9289437433697548,34,1.1244291062683962
B0053,22,1.035313906812183,4.151701089360854,1.9866817453254884,3.063652287832334,-0.000372793138604,-2.0155113891751384,-1.9928226279037264,20.949809700571592,4.834059703350848,12.212439916474112,2442.344,0.9207462711882684,33,1.1244291062683962
B0053,23,1.076341053101982,4.177926260298856,1.960538225019884,3.081738329329653,-0.0007667134481947,-2.0152683941461595,-1.992894098916617,20.122996890408825,5.816404832755973,12.533800131697804,2444.703,0.9572333614468568,32,1.1244291062683962
B0053,24,1.0352223140423542,4.19142646613203,1.9904175883780109,3.0712653565298207,-0.0004304055028616,-2.0162575030692795,-1.992442672698046,20.906313087706064,5.994937390316825,12.15752125414067,2412.25,0.9206648140565398,31,1.1244291062683962
B0053,25,1.0514287056908256,4.191965715839513,1.9817745728975944,3.0775076513338275,0.0004057176879188,-2.017437032117796,-1.9925886065719591,21.20076254299653,5.843094607514775,12.500489505201012,2403.234,0.9350778095563228,30,1.1244291062683962
B0053,26,1.060332934638968,4.19127356264746,1.9986378497920827,3.081721091323029,-0.0005409954422397,-2.014921575124692,-1.9921660756337995,20.01669492389786,6.534507460429901,12.129752391274424,2361.047,0.9429966982603804,29,1.1244291062683962
B0053,27,1.0236966462748538,4.192474641560636,1.9475532037509715,3.065618110074436,-0.0001431873562248,-2.0155065877750697,-1.992579022263777,21.30088854975241,5.292102618551012,12.4375808996521,2392.468,0.910414574443168,28,1.1244291062683962
B0053,28,1.0465884668750889,4.17716731983324,1.9971786671898824,3.078450046499129,-0.0010996594085787,-2.0152751887801044,-1.992255631288736,19.859103950325803,6.062594917966209,12.499986997045514,2373.89,0.9307731906268112,27,1.1244291062683962
B0053,29,1.0031121684812232,4.191922035679278,1.954304860794578,3.0625561806089783,0.0011518379007899,-2.0172461252654528,-1.9924849523302155,21.371062787995548,4.155331079532283,12.407329307373493,2383.234,0.8921079709597848,26,1.1244291062683962
B0053,30,1.0461578935615607,4.1914917424018325,1.972812167862101,3.070668465167841,-0.0008815153454927,-2.0162327917586262,-1.991918687181604,20.121473725568496,6.613111096765472,12.12683073125857,2342.453,0.9303902644724384,25,1.1244291062683962
B0053,31,1.0156263513525603,4.192505197154108,1.9932654775438805,3.0689252222547845,0.0006252834043416,-2.015275118915808,-1.9920764243229472,21.375504791399432,5.384038595466962,12.488226976946088,2359.296,0.903237336787807,24,1.1244291062683962
B0053,32,1.0250054893129452,4.191388693209469,1.9677305370734943,3.059463155886766,0.0002033850866796,-2.0163318275424214,-1.9916033205160304,20.75519907919811,6.733785656878497,12.141455926320956,2345.453,0.9115785811651526,23,1.1244291062683962
B0053,33,0.9801331625592912,4.176817913788527,1.9646771872417268,3.0515604930870808,0.0012327070269828,-2.015461100618231,-1.9918811626801765,21.495108529574846,3.8100701431339856,12.395143910298115,2360.172,0.8716718173651917,22,1.1244291062683962
B0053,34,1.036777776420363,4.191203897341503,1.9842967959422224,3.077258112412092,-0.000232972154091,-2.015619248928888,-1.991620909948196,19.650976156235696,6.571237691712169,12.19451958922961,2315.407,0.9220481492702384,21,1.1244291062683962
B0053,35,1.026830062058722,4.191950279497998,1.9519786488395736,3.0764274410465147,-0.0004911582308015,-2.0158297917061314,-1.991691964766,18.85601423191303,6.1462236331107984,12.32467046038635,2322.156,0.9132012470456472,20,1.1244291062683962
B0053,36,1.0150379662805102,4.191989330112193,1.9991200294367053,3.0735171627901745,0.0005143921546676,-2.016194986579563,-1.9916164333598745,19.66943680638515,5.991686497438792,12.456556362135045,2327.1570000000065,0.902714062293426,19,1.1244291062683962
B0053,37,0.9904614739486176,4.192193889063254,1.9919158008530224,3.0586262243104274,-0.0008923751552711,-2.016217922284512,-1.9915769869135744,21.138845685984403,5.005649306807032,12.493233578273262,2335.0,0.880857199824387,18,1.1244291062683962
B0053,38,1.0145765174582757,4.176984220978375,1.94559141180858,3.0655406838342585,0.0002985192303386,-2.015859431138657,-1.9913283590219129,19.288047919779903,6.107617724558953,12.497083720348076,2329.375,0.9023036773081368,17,1.1244291062683962
B0053,39,0.9811308944080388,4.191893131054369,1.974560984027517,3.0545790418645686,-0.0010481129479596,-2.019579743107578,-1.991453914785753,21.3268013324968,4.640287420859574,12.499664099435382,2333.875,0.8725591404015535,16,1.1244291062683962
B0053,40,1.0041687429386437,4.191053526742021,1.945088917895143,3.050692756091621,-0.000143612777545,-2.016238639458721,-1.991333341091594,20.84260661100648,6.703945330872971,12.233147481743185,2317.453,0.8930476250931849,15,1.1244291062683962
B0053,41,1.007820487960787,4.191344296215671,1.9541644750198832,3.0706836502741286,0.0034891455382591,-2.0172163751638545,-1.99097599738962,18.56010936417985,6.278938371508271,12.380002749755878,2295.109,0.8962952687212143,14,1.1244291062683962
B0053,42,0.982454133084564,4.1920711169862885,1.935548354335742,3.051595420919736,-0.0004130883441005,-2.016287937204292,-1.9908720980814456,21.59240098021019,5.426196267928294,12.616251645969692,2326.657,0.8737359497434217,13,1.1244291062683962
B0053,43,1.1096775355538029,4.132408076306833,1.981406351768184,3.072187965091245,-0.0003234771223779,-2.0155258990014104,-1.9918802848881905,20.679962323191948,5.4465816574183386,12.829588969895449,2479.297,0.986880835232424,12,1.1244291062683962
B0053,44,1.1136801589914762,4.175775307137671,1.993141806070916,3.094404341842919,0.00047400875962,-2.015457752881536,-1.9920173318720955,18.9874805225948,6.1046272872518585,12.589854217504929,2463.578,0.9904405291387448,11,1.1244291062683962
B0053,45,1.0385009100572404,4.19084164853627,1.947894370100842,3.070776135685358,0.0007358271196004,-2.0161593144943324,-1.9921854505345813,21.621996984314368,5.236010150862445,12.499581621225964,2458.812,0.923580601273901,10,1.1244291062683962
B0053,46,1.0768815902180078,4.19061444729718,1.9856387948209864,3.093317588803282,-0.000166373267636,-2.0159544884457428,-1.991561493780433,18.973652680872625,6.159663782524879,12.550448845753785,2400.672,0.957714082830724,9,1.1244291062683962
B0053,47,1.0721705505837382,4.191036582578031,1.949232767477218,3.0749380759068083,-0.0011993209666156,-2.015999719716144,-1.9913636586660952,20.978900321002104,6.664645815607591,12.432369953422183,2396.407,0.9535243659263796,8,1.1244291062683962
B0053,48,1.0124588999851116,4.190677216614621,1.971670057823583,3.067728026888912,-0.0011465796503559,-2.016625929850398,-1.991302617182915,21.79016577987201,4.819866959645669,12.51661002939304,2392.375,0.9004203949728087,7,1.1244291062683962
B0053,49,1.0279944857549583,4.174970264553197,1.9947630114629613,3.063843811858756,0.0001656697838019,-2.015107043691624,-1.990880837032101,21.259687238039497,5.579247052636922,12.386978430486096,2373.687,0.9142368158420656,6,1.1244291062683962
B0053,50,1.0304147279049998,4.191223425605613,1.93495405419616,3.069633671738992,-0.0002129207747509,-2.01589697281402,-1.99127383323294,22.11367611975276,5.440421040819881,12.86442209459833,2385.922,0.9163892344663696,5,1.1244291062683962
B0053,51,1.0556163273995052,4.1907916530158085,1.9626921591466933,3.0774703956362286,-0.0019060860682032,-2.015193789051477,-1.99085556520326,20.51266351352416,6.572423757587878,12.452887134609783,2345.0,0.9388020298609508,4,1.1244291062683962
B0053,52,1.0011115418162628,4.191391388470691,1.965011869626919,3.065650898720959,-0.0001999016038291,-2.015263550837058,-1.9910466332112344,21.838243278861643,4.487249730728364,12.717167506079072,2363.047000000006,0.890328733252572,3,1.1244291062683962
B0053,53,1.0466839215498662,4.1908069648629,1.998288646492444,3.087680483774557,5.900360699598403e-05,-2.0167120885262446,-1.990491302640596,19.19841243068418,6.396599642741529,12.479976931874727,2316.687,0.9308580823058376,2,1.1244291062683962
B0053,54,1.047181656018543,4.176075101120923,1.987337089818558,3.080080108538352,-0.0001893862638354,-2.015138320039454,-1.9901940926688608,19.94793881732045,6.475850983046928,12.53086381740867,2322.0,0.9313007375749888,1,1.1244291062683962
B0053,55,1.0102740078425778,4.1919833117809935,1.9333820178355807,3.0638130274525714,-0.0006837028578907,-2.017603787583275,-1.9906079852392544,22.11167709201849,5.219841286029437,12.900294389057349,2357.687,0.8984772825699426,0,1.1244291062683962
B0054,1,0.7399351039859233,3.849482783980402,2.1808531235872497,3.224017445984581,0.0016573031097997,-2.014141944601924,-1.1710330967045814,19.2224107892251,6.150630538748289,12.46348139823978,2660.313,0.6883435595524624,101,1.0749502827730444
B0054,2,1.1665440238116096,4.150169673638684,2.1857283549042807,3.250620648698839,0.0013584955382444,-2.01461726969032,-1.6489958041029575,19.13350840101625,5.108163550070373,13.22908734445715,2826.0,1.085207420758364,100,1.0749502827730444
B0054,3,1.1052521456138635,4.18097797086454,2.191704472328808,3.3125509639490387,0.0002387365647997,-2.0143625410829222,-1.5571513787964162,19.246439328077983,6.216746939670361,12.767949622305691,2818.578,1.0281890830919636,99,1.0749502827730444
B0054,4,1.0960302257185877,4.183817862511293,2.194436684364802,3.014547209987882,-0.0009827143677666,-2.0147009133139475,-1.997470366256859,25.274344894624623,5.191019676552512,14.48548355867213,2713.812,1.0196101561936088,98,1.0749502827730444
B0054,5,1.0754450685609742,4.179551945393369,2.1744802077788186,3.362083204238267,0.0007464054229605,-2.0151107748835604,-1.4975619564128648,17.912726519981458,6.0970206115609225,12.210694836100142,2786.578,1.000460287136865,97,1.0749502827730444
B0054,6,1.0655493528023796,4.186221002348923,2.1991956579298835,3.01935322902276,-0.0016264277226859,-2.0153415190841444,-1.997023789472444,25.399130245059563,5.390283064555845,14.382852820878863,2667.89,0.9912545443995668,96,1.0749502827730444
B0054,7,1.0568368579972396,4.162967318861197,2.195382286735059,3.294907679053512,0.0020975301953515,-2.0145865502939007,-1.6640786232847224,19.95849572800336,4.660863557714339,12.646539321462496,2530.172,0.9831495232234576,95,1.0749502827730444
B0054,8,1.0449064445364842,4.186119302404479,2.186961493066742,3.099558518903638,0.0009125387621697,-2.0144164466227608,-1.9715817292939632,22.3455512044548,5.262700511098681,13.501798463127008,2446.062,0.972050950896951,94,1.0749502827730444
B0054,9,1.0458363976936966,4.183685207894235,2.1792899341144296,3.344320754921095,0.0003949234865627,-2.014507087829109,-1.5296202376253885,18.346440665576743,5.527548494059786,12.310686417130766,2713.25,0.972916063611572,93,1.0749502827730444
B0054,10,1.018187920878015,4.186682919177322,2.1960491387884744,3.3393968492515325,0.0016014352924118,-2.015019913901801,-1.5281296055710467,19.776786565302107,6.059669560082017,12.449589157423157,2676.578,0.947195360748592,92,1.0749502827730444
B0054,11,1.0226409233672231,4.187137846103755,2.1942476804372792,3.1066787302612444,-0.0016221042848951,-2.014966759457277,-1.9701082949463853,22.520284175103843,5.452031534117803,13.39260571620204,2394.734,0.951337880231187,91,1.0749502827730444
B0054,12,1.03890961861509,4.170757473231068,2.1907481286563577,3.3713317734388912,0.0006027268621741,-2.014728010762573,-1.5000378935218983,17.54568061289479,5.969757341249526,12.045245019281868,2673.0,0.9664722501723704,90,1.0749502827730444
B0054,13,1.0173250354350074,4.18733783943504,2.185877354823723,3.1171442968796907,-0.0002219994334112,-2.014368961045537,-1.8653555811837863,22.730114882559054,5.015066312968263,14.027143186292392,2619.578,0.9463926394908412,89,1.0749502827730444
B0054,14,1.033183911994548,4.183271363053432,2.18549830376202,3.3723181530355464,0.0018169291845525,-2.014355748891674,-1.5115018139952767,17.24230903543893,6.037899412491442,11.98698791631262,2640.016,0.9611457651131996,88,1.0749502827730444
B0054,15,1.0095232119739597,4.187176348907268,2.169486415611112,3.3752367769573675,0.0027737036013969,-2.0146806054764226,-1.497824274090196,17.67282228813571,6.267140578035413,11.961246010798938,2621.187,0.9391347936294292,87,1.0749502827730444
B0054,16,0.9862483259626476,4.187497017349983,2.1991609285274296,3.0680241783485127,-1.7629063355837714e-05,-2.0150473398447923,-1.9179494962272428,24.83365687277193,6.396319300611759,14.303923037098802,2616.453,0.917482735497708,86,1.0749502827730444
B0054,17,1.0080048320000436,4.167864162415893,2.16946894247905,3.080029423131606,-0.0005324313139626,-2.014525320811098,-1.9314917930639428,23.814869897999767,4.558886140748058,14.014570142346548,2565.109,0.9377222818153952,85,1.0749502827730444
B0054,18,1.0153387761254196,4.182759232638332,2.189366386338004,3.0995001166042586,-0.0006604754560847,-2.0146338064826703,-1.92048742497431,23.28615802177016,5.113078726408071,13.82742179742786,2532.531,0.9445448709554778,84,1.0749502827730444
B0054,19,1.0106786853355956,4.183401065560466,2.1938108499397133,3.135117188240346,0.0013945089029192,-2.0145545734774464,-1.849612166299431,22.857688282463823,5.459348970463833,13.793181239419976,2556.593,0.9402097022834882,83,1.0749502827730444
B0054,20,1.010409656585336,4.174098618023754,2.195354018162212,3.361825569933971,0.0007660352901161,-2.015071938818325,-1.525824007413269,17.0744400013979,6.016757746012392,12.006556818172502,2577.891,0.9399594314062476,82,1.0749502827730444
B0054,21,0.9801433323963482,4.187244537540539,2.1757051329882087,3.069748420550782,-0.0006062256347945,-2.015121108029787,-1.9223708469458909,25.034160636506623,6.042658985360008,14.223331420666248,2572.36,0.9118034090543023,81,1.0749502827730444
B0054,22,1.1016641723624383,4.149611746563943,2.1816843710356264,3.0996476610968013,0.0011408804125617,-2.013901151718406,-1.9101165488009808,23.82931377080337,5.709210511913059,13.816713741617784,2697.75,1.0248512791870523,80,1.0749502827730444
B0054,23,1.0826512239001271,4.167185143906847,2.1869057073992466,3.3276361450033405,0.000910841329896,-2.016096569932816,-1.6020144332363573,18.148295901779747,5.941327162782235,12.297445133045809,2683.406,1.0071639974894622,79,1.0749502827730444
B0054,24,1.0575008387868343,4.186239596060815,2.1798631989492883,3.090887653178106,-0.0002249646438239,-2.01701234819005,-1.9236868575194104,24.24050410772348,5.668984753416842,13.917709213674303,2646.156,0.9837672083389792,78,1.0749502827730444
B0054,25,1.0385517331615322,4.183562459488766,2.1957368370641035,3.1255606087732573,0.0001856418346329,-2.01436163651519,-1.8803961080701523,22.93935470684112,5.469812211001457,13.738247646589585,2593.531,0.9661393180737484,77,1.0749502827730444
B0054,26,1.0073294901291132,4.183469543197807,2.197272162359153,3.0910099520509644,-0.0007398599616689,-2.014438424073582,-1.905113543140002,24.77112444800467,4.207201525065222,14.02103674221244,2604.125,0.9370940277633212,76,1.0749502827730444
B0054,27,1.0160400308540347,4.182803471091083,2.186991625035034,3.371121145966289,0.0003704464091711,-2.014431202432039,-1.5218810456368534,17.39258920543283,6.28640211010205,11.909908874752375,2588.594,0.9451972311063176,75,1.0749502827730444
B0054,28,1.0158319636440951,4.177543051799468,2.1839945875783817,3.3382772643772527,0.0015834763482331,-2.013986354296884,-1.5596078514903515,18.305747733025576,6.134279357915084,12.313622257322168,2579.203,0.945003671261482,74,1.0749502827730444
B0054,29,1.0015383803216271,4.18745666665725,2.1974155139704856,3.275227014636782,0.0004232581665302,-2.014668185258512,-1.6471246950174097,19.849601783840107,5.986542220048711,12.835536006037293,2555.453,0.931706699716347,73,1.0749502827730444
B0054,30,0.981248861591824,4.187380122640154,2.1944796571193828,3.08264025202744,0.0003482658056583,-2.014862616769552,-1.9257089452541607,23.697887384213885,5.1610554839040566,14.025334270032486,2525.609,0.912831855870116,72,1.0749502827730444
B0054,31,0.9987416030110134,4.183314724424282,2.19582689132158,3.3354691487943056,0.0023648637536195,-2.014853256042905,-1.5632544144584155,17.639370990163055,6.207886752135766,12.206393799822909,2536.172,0.9291049260758036,71,1.0749502827730444
B0054,32,0.9584014230949642,4.187279483525102,2.180729125655269,3.06956232360524,0.0005164594761546,-2.0149047097695103,-1.9167231691178084,24.85575941323945,5.270843180696913,14.157912343382948,2536.204,0.891577441723705,70,1.0749502827730444
B0054,33,0.9800846133894624,4.168586129733135,2.198606902338691,3.1084291827280213,0.0007119884144027,-2.014435259110157,-1.8791583665297853,22.63357359621721,5.722103182419851,13.877029644763786,2488.86,0.9117487841959931,69,1.0749502827730444
B0054,34,0.9720372198962766,4.183747098480424,2.178492152794792,3.3581509225423294,-0.000365451002142,-2.014355978821028,-1.5204721015245712,18.24210090664387,6.476137773602135,12.000734280236426,2518.547,0.904262490529996,68,1.0749502827730444
B0054,35,0.9693202807518412,4.187523274109238,2.1931605321338634,3.1056894645085027,-0.0012134460256682,-2.0147034101308976,-1.8782588716032265,23.45958710638888,5.800936573345654,13.96142223075666,2485.766,0.9017349883859652,67,1.0749502827730444
B0054,36,0.9479786388506264,4.184269535257578,2.1971158447610275,3.076065545012625,0.0002514877075194,-2.0139210824745613,-1.89639216401358,24.87318926454243,5.20293193928935,14.14108020855593,2506.718,0.8818813800440427,66,1.0749502827730444
B0054,37,0.9638519569071228,4.183868392040906,2.192446180613871,3.121042954980713,-0.0004040900896858,-2.014478855847645,-1.8576897659318123,22.57895105031832,5.761431625069411,13.85707768210836,2459.297,0.8966479402383878,65,1.0749502827730444
B0054,38,0.9682336695484696,4.169539487587025,2.1750045839249057,3.330025768269621,0.0011348713724745,-2.0139737933023243,-1.5518869076190895,18.155876160419844,6.232059973571748,12.299989669041157,2488.734,0.900724140516268,64,1.0749502827730444
B0054,39,0.9407020864603765,4.18749739820457,2.1906356157422464,3.067009596769174,-0.0001950074727625,-2.014431483451508,-1.9124622855947,24.745737558953422,4.305592971843159,14.212120623239777,2491.375,0.8751121810337605,63,1.0749502827730444
B0054,40,0.9618442077038964,4.183674115350642,2.1969226044699126,3.224323331222822,0.0009356891792545,-2.018377681782796,-1.7011264817066785,20.864500972462256,6.057179250867235,13.232401754114171,2467.328,0.8947801801797115,62,1.0749502827730444
B0054,41,0.9332340144199704,4.185924206625423,2.188259141429684,3.348287536831091,0.0019142818319308,-2.0139931249992817,-1.5163049342863169,18.59367691804772,6.468117226524763,12.098481296366476,2466.125,0.8681648159694519,61,1.0749502827730444
B0054,42,0.9313454737145216,4.187821519147336,2.1682818867328626,3.0573024563037245,-0.0004385698076437,-2.014238765879417,-1.9284095076756849,24.597212846034733,5.303774553024726,14.31610663580659,2459.312999999994,0.8664079526654329,60,1.0749502827730444
B0054,43,0.9976429099116704,4.145501189988608,2.187733999755357,3.076951013118892,0.0012042722615816,-2.014308805131467,-1.8954338677218168,24.13178710047615,6.241830602241886,14.083550544682671,2559.125,0.9280828387132988,59,1.0749502827730444
B0054,44,0.9833315262972036,4.168037433999008,2.158914847324055,3.085795975435223,-0.000510711136426,-2.0138438441231696,-1.9122439737900216,23.61219491463305,5.210845802643093,14.07160712441505,2534.156,0.9147693079911636,58,1.0749502827730444
B0054,45,0.9904370062777442,4.182894970276525,2.1913469960772693,3.3302769619097354,0.0019869431863795,-2.0139333922350606,-1.5658732171156964,18.35582339692624,6.279878251621095,12.23792511997238,2521.985,0.921379362515928,57,1.0749502827730444
B0054,46,0.9499871340436294,4.187269403966888,2.1887585386046826,3.071754770434524,0.0002250002693812,-2.014466237816939,-1.9198544645109008,24.73342335069987,4.477295308936727,14.182674582038874,2503.172,0.8837498340787928,56,1.0749502827730444
B0054,47,0.9526027840900876,4.183666770470569,2.198239401427243,3.0794678744671966,0.0008260621950833,-2.0139589410587826,-1.90911637601604,24.172566338551658,5.442342429736949,14.103323081309012,2474.344,0.8861831094482459,55,1.0749502827730444
B0054,48,0.8850175175465715,4.071079307477162,2.1796805503092664,3.0669938746662084,0.0018807534469409,-2.0140304829398645,-1.8522071985944888,23.99040081449467,5.47822256069228,14.073408640034843,2349.64,0.8233101862753093,54,1.0749502827730444
B0054,49,0.9937402750241768,4.166737300664872,2.1687268442761383,3.092460830981556,0.00010055846998,-2.014601101608025,-1.9078833192347389,23.497913584081875,5.408422142688242,14.08105667252456,2560.688,0.92445231277174,53,1.0749502827730444
B0054,50,0.995507330519279,4.182736373587939,2.191725388766709,3.109872659544261,-0.0001340855903797,-2.0140748044967807,-1.888627594224352,22.413638355604547,5.991148211664694,13.882912785076057,2522.375,0.9260961613509912,52,1.0749502827730444
B0054,51,0.975407870968116,4.183619389994964,2.16190489413124,3.0916929425969144,-0.0009088109033558,-2.014119788854084,-1.913221621791072,23.276288269463745,5.732819885900644,13.976909425974554,2488.719,0.9073981249177968,51,1.0749502827730444
B0054,52,0.965960558373922,4.18340061507743,2.1867699716569766,3.092077800709679,-0.0007885955181956,-2.0142173050860928,-1.903346510749379,23.166415774259068,5.802609023266695,14.001484389915577,2474.844,0.8986095206952622,50,1.0749502827730444
B0054,53,0.9573702621688754,4.183750141327261,2.198752976514828,3.0868228519569625,1.1367125201972806e-05,-2.015149324108691,-1.902792879189828,23.915519230311656,5.707079898235714,14.09360506240207,2473.875,0.8906181778929828,49,1.0749502827730444
B0054,54,0.9294756591964932,4.16720818599326,2.166553275090901,3.072604933827402,-0.0001943477884958,-2.0142477748570418,-1.8852058718255225,24.7714915843067,4.93538168742523,14.300275862318223,2495.5,0.8646685098763164,48,1.0749502827730444
B0054,55,0.9323553879823946,4.183066668693598,2.197414602671961,3.076772656394079,0.0013874457314458,-2.01446153517772,-1.8841642253203457,24.68396453173386,4.50850198558012,14.124062472619883,2481.078,0.8673474512488165,47,1.0749502827730444
B0054,56,0.954568378404969,4.182465009412686,2.1984537160355733,3.291182919728884,0.0018773137499837,-2.014309429898032,-1.606120204894072,19.020363167421827,6.318974814008205,12.64526098166937,2460.125,0.8880116538436301,46,1.0749502827730444
B0054,57,0.9330242104372936,4.186729661376772,2.1699490089903373,3.0675140530182183,0.0006865116494746,-2.016093932087486,-1.9185686957922583,24.13873479197664,5.717180727157979,14.223331638985794,2440.547,0.8679696404473473,45,1.0749502827730444
B0054,58,0.923294184000959,4.183427098166605,2.176887912375456,3.0671371599201427,0.0016624872979337,-2.014278751068411,-1.890480213742444,24.81564122138252,4.5571193663113245,14.139185148296136,2449.922,0.8589180344407568,44,1.0749502827730444
B0054,59,0.9257799164262976,4.166698332057613,2.1883883016985664,3.078813614886158,-0.0004749170899645,-2.015356074543067,-1.8976415345909168,23.24485824164149,5.95152652801808,14.087390371698556,2408.781,0.861230450619602,43,1.0749502827730444
B0054,60,0.9162765793280084,4.184004022833215,2.170115376243027,3.066888936059056,-0.0011675266871354,-2.0143329905022145,-1.889434336896885,24.86373425921068,4.512821345911608,14.202958247128624,2442.547,0.8523897281689102,42,1.0749502827730444
B0054,61,0.9387011679112468,4.182970368325371,2.1966197167856167,3.2822748078833337,0.0012409509425369,-2.0139655039502675,-1.6116712184183055,19.187532398616906,6.386136733118297,12.672879944135303,2420.671,0.8732507753657999,41,1.0749502827730444
B0054,62,0.9158990586877171,4.186946857158577,2.1844861596911245,3.06323475400009,-6.733606290536308e-05,-2.0144164428749267,-1.915975846751273,24.608575630578702,5.7601794341551535,14.267116889972154,2409.906,0.8520385299355209,40,1.0749502827730444
B0054,63,0.9202608990433788,4.182782183216822,2.1969048206503072,3.3294345220814243,0.0002426345928423,-2.0139993110110943,-1.5310760587444987,18.81386799948548,5.299966599875553,12.173995572424568,2416.672,0.8560962435112682,39,1.0749502827730444
B0054,64,0.9111253917360888,4.175798948316686,2.189593119391126,3.059197039764698,-0.0006567111899304,-2.014122151363509,-1.9239678603051145,23.94925053538712,5.848905637040475,14.240824503948057,2395.75,0.8475977041334998,38,1.0749502827730444
B0054,65,0.8980507043695345,4.183432164471636,2.1801159908061365,3.0606951230963726,0.001102414340065,-2.0146239260917764,-1.895444573581731,24.82147170162433,4.531652125286138,14.275292993104369,2410.688,0.8354346417332318,37,1.0749502827730444
B0054,66,0.9278864624016372,4.182464884390648,2.1883204645817864,3.3096645129465334,0.0024805710291703,-2.0143268562937324,-1.5627949305443112,18.57811741414672,6.38067529782157,12.319879487331049,2402.125,0.8631901189029624,36,1.0749502827730444
B0054,67,0.9118415396987224,4.187190771734197,2.176027126654838,3.068838395977353,0.0015452491424955,-2.015447318773766,-1.9221081343667143,22.523812738647745,6.022446604287029,14.017340985088923,2355.265,0.848263919096285,35,1.0749502827730444
B0054,68,0.8936491649329469,4.184124653963867,2.192431157609426,3.0642577232510537,0.0034241831776561,-2.016007641646079,-1.8937037642157024,24.88527095803529,5.483998805799034,14.309673058312116,2396.719,0.8313399970718685,34,1.0749502827730444
B0054,69,0.9100864492604256,4.1396795894908935,2.165885100454371,3.05089172896046,0.0009557015458926,-2.013710590988413,-1.8756620997311104,24.49535100296176,5.038499992280609,14.20580721645281,2442.344,0.8466312013172178,33,1.0749502827730444
B0054,70,0.911490473146094,4.166798038044882,2.1973597496316057,3.072387080532633,0.0015607504591146,-2.014086384956398,-1.885477604514064,24.79248513927076,5.651935504910369,14.343325580342825,2444.703,0.8479373304546943,32,1.0749502827730444
B0054,71,0.9337172811638196,4.182556356872751,2.1972629267290893,3.292510597456584,0.0010676082475306,-2.013579783626152,-1.589261111842247,19.41886177632084,6.168296951051776,12.52113276136492,2412.25,0.8686143872208799,31,1.0749502827730444
B0054,72,0.8981517756068776,4.18680349899093,2.198752877987022,3.0615420925064947,0.0025721386949795,-2.0145269757019744,-1.9122401856096207,24.843161021240142,5.6482188713412365,14.320010513448285,2403.234,0.8355286658373814,30,1.0749502827730444
B0054,73,0.9139367135371254,4.184455817920845,2.198603650230703,3.104814009888728,0.0016361724730521,-2.013833114751838,-1.8597568424209727,22.81807409211731,6.280754106924835,13.817833063271,2361.047,0.8502130081583373,29,1.0749502827730444
B0054,74,0.8764848617154279,4.184079696303244,2.1805571893421827,3.0591573873230504,0.0002252713399257,-2.0142375375887425,-1.891396177801322,24.58129890321389,5.217782787981243,14.23049295284562,2392.468,0.815372464905413,28,1.0749502827730444
B0054,75,0.8854917958581964,4.166279880071051,2.174201624293327,3.0574972660409525,0.0007502528687713,-2.014518531839137,-1.90026011860222,24.65462709285521,5.889172082910019,14.343710795679344,2373.89,0.823751395807718,27,1.0749502827730444
B0054,76,0.8819074622846708,4.183737744816785,2.1705705059131044,3.0567448490556264,0.0008023234274003,-2.014683733517366,-1.890256821336201,24.667711168999983,4.3491996290214985,14.146643227132303,2383.234,0.8204169778062833,26,1.0749502827730444
B0054,77,0.9045809105944796,4.18293565751089,2.196118065671102,3.151370552126675,0.0023862872409208,-2.0176843567914893,-1.784583999673922,21.67226159753115,6.348441643412096,13.55224741011707,2342.453,0.8415095331301615,25,1.0749502827730444
B0054,78,0.8734606349455996,4.18457456922587,2.184361072149743,3.0561639338398625,0.0009782170913423,-2.01440809078633,-1.8986075226465784,24.96144413226689,5.249499157393519,14.28080189135689,2359.296,0.8125591005868077,24,1.0749502827730444
B0054,79,0.903131190986828,4.1835244239011375,2.193007424689509,3.236611432340167,0.00135163332535,-2.01555396881296,-1.6591500079295531,19.86209455847644,6.471624054328617,12.92628985289928,2345.453,0.8401608943783191,23,1.0749502827730444
B0054,80,0.8712217754060124,4.171664411266561,2.168539148301184,3.0377786371686537,0.0008212597056584,-2.0138149794596263,-1.9081461941354183,24.813991518744384,4.062685213629907,14.22945813956484,2360.172,0.8104763442254516,22,1.0749502827730444
B0054,81,0.8936499043476617,4.183480212813237,2.1987726546793334,3.096631349811912,0.0007200303241818,-2.0144066602582416,-1.8642154954714247,22.3422759308799,6.3492044227029645,13.889055949262897,2315.407,0.8313406849313226,21,1.0749502827730444
B0054,82,0.8835064014687892,4.183649118386083,2.1680465237840907,3.0611426143701355,0.003315416060428,-2.0144189721619354,-1.906331885689026,23.389616432610406,5.955778945436106,14.09831645395676,2322.156,0.8219044318864792,20,1.0749502827730444
B0054,83,0.8779403705367915,4.183468521205082,2.1849035687167166,3.0558445282698004,0.0015777467579256,-2.0141152321395848,-1.906213265155084,24.437246414395887,5.825550922776701,14.205610727972749,2327.1570000000065,0.816726489221411,19,1.0749502827730444
B0054,84,0.8599389109365094,4.183632733146927,2.1788266272471644,3.0499483326806858,0.0007191346742737,-2.0141663967491747,-1.8957242503552243,24.61732308170388,4.985875777467166,14.19998846070805,2335.0,0.7999801709136993,18,1.0749502827730444
B0054,85,0.8697358119609565,4.165207327973796,2.173598497548058,3.0516041952252326,0.0009103086102594,-2.0132527178328865,-1.8948015430442453,24.271941214408503,5.918637843485242,14.288204303284642,2329.375,0.8090939887166716,17,1.0749502827730444
B0054,86,0.8638271814812677,4.183812225950738,2.171024131749843,3.047245491636025,0.0005900335384779,-2.0141620392272914,-1.895095880298053,24.804728027574093,4.717320820720208,14.208858242752529,2333.875,0.8035973340579591,16,1.0749502827730444
B0054,87,0.8865694537789144,4.183143233797935,2.193241046616703,3.231306720712414,0.0023148276563043,-2.0142693231407978,-1.6587879730372206,19.87934804833635,6.440562810414375,12.936183613815922,2317.453,0.8247539146571832,15,1.0749502827730444
B0054,88,0.8690078572313327,4.185938542114043,2.1928820402300686,3.056199201144417,0.0024617092309174,-2.0151269835079497,-1.9142507746667623,23.51552492010551,6.077473970046565,14.084182887600768,2295.109,0.8084167902068522,14,1.0749502827730444
B0054,89,0.8474446088377652,4.18432308250829,2.1802092140590776,3.049101236395701,0.0014826400043264,-2.0142021506611645,-1.891201590561377,24.913142338885027,5.302928909816632,14.275903069670573,2326.657,0.7883570267562665,13,1.0749502827730444
B0054,90,0.8799727721580702,4.1182630057067415,2.1788337133933458,3.0592618954233486,0.0018633848146805,-2.014661709338553,-1.839892080493984,23.80380834532953,5.32011532301954,14.30665353308513,2479.297,0.8186171828226404,12,1.0749502827730444
B0054,91,0.9110444582768508,4.164907528561344,2.1830841723157457,3.070487564105729,0.001261830603277,-2.013850378393117,-1.879174287287796,23.08245417914552,5.942709497554191,13.97058204189835,2463.578,0.8475224137125984,11,1.0749502827730444
B0054,92,0.912172429335506,4.182445897550156,2.1910520386239125,3.067048133380307,0.0010734731299127,-2.01445536812595,-1.858308089580359,23.778234573688007,5.221682916333026,13.7991550818426,2458.812,0.8485717376457439,10,1.0749502827730444
B0054,93,0.8872043975884799,4.182116565141312,2.199607761547385,3.0722065010406205,0.0009478484694142,-2.0139766427208468,-1.8751258468342007,23.05943482945761,6.009128924685555,13.85337076803369,2400.672,0.8253445873792067,9,1.0749502827730444
B0054,94,0.8961236767959215,4.183709805636206,2.199124134730816,3.117253230362332,0.0011116971892386,-2.013905512810969,-1.800714268791482,22.244929264861582,6.458699847661158,13.514874679422098,2396.407,0.8336419750355294,8,1.0749502827730444
B0054,95,0.8851334001128452,4.18305579589887,2.187300234238766,3.056060239035108,0.0012263788356902,-2.013316103545993,-1.8630586445315187,23.801178997375885,4.81267925487376,13.789537640473576,2392.375,0.823417988997101,7,1.0749502827730444
B0054,96,0.8793386645436118,4.163750891434571,2.1979569345819563,3.2276996110787217,0.0022732169752853,-2.013953855353921,-1.6261597439567572,20.129283300775896,5.501686531395091,12.632160467633849,2373.687,0.8180272879925068,6,1.0749502827730444
B0054,97,0.8461224238450626,4.1857725238225205,2.1932450152273764,3.0511101255752124,0.0020909638822916,-2.014814424140281,-1.873244340822881,24.104183465359974,5.351117666412455,14.133236180004296,2385.922,0.7871270303425796,5,1.0749502827730444
B0054,98,0.8705933152969343,4.183962354946822,2.188819744044954,3.110131898177326,0.0010529439650279,-2.0136887102362766,-1.804865486921968,21.124822433154826,6.375873645297861,13.44514404240349,2345.0,0.8098917031316729,4,1.0749502827730444
B0054,99,0.8440520909609104,4.183748382269399,2.1933054601044173,3.048474354226641,0.0008463313151572,-2.014227701858619,-1.8598703836367976,24.038373358435607,4.453452329059047,13.90645728525564,2363.047000000006,0.785201050213702,3,1.0749502827730444
B0054,100,0.8536244678403578,4.183059531782334,2.1984194356911515,3.0720502151516498,0.000856968028501,-2.014321523108064,-1.8567326723251223,22.33379539164456,6.17575332412204,13.600457924373249,2316.687,0.7941059986869966,2,1.0749502827730444
B0054,101,0.8524519337958137,4.164596042177817,2.197124548478272,3.0780861695186963,0.0028472669167878,-2.014990295943545,-1.8332643523185828,21.7292466341309,6.253290373532171,13.622342114819537,2322.0,0.7930152188962147,1,1.0749502827730444
B0054,102,0.8373919001793014,4.183536913886723,2.1601370672426743,3.047978400472379,0.0024551357337226,-2.014705651659665,-1.8581507060124247,24.067733333922256,5.103571054269733,14.071709155413798,2357.687,0.7790052373576621,0,1.0749502827730444
B0055,1,0.7989997927037011,3.843735024444539,2.493079498483449,3.24393616697826,0.0042823961648897,-1.990840186664541,-1.1715210918629737,18.02446981350722,5.905007114660983,11.879033293126689,2660.313,0.6653774151878009,101,1.2008219312315938
B0055,2,1.319892156462878,4.174020568347548,2.480538609588174,3.2904290284649416,0.0053861380226678,-1.9904809087057087,-1.74860076458836,16.633080095446793,4.942623651334148,12.415262417855027,2826.0,1.0991572706447514,100,1.2008219312315938
B0055,3,1.2769832801132015,4.1994512899066025,2.48985034932468,3.326231366449631,0.003747548082239,-1.99068249202928,-1.7060235650197326,18.02222405324747,5.997529564281996,12.360226804144617,2818.578,1.0634243486904795,99,1.2008219312315938
B0055,4,1.2572591312230863,4.201354950378872,2.485404008194569,3.3385354077080747,0.001363995791464,-1.9912233324564588,-1.729815531355395,16.276920867509258,5.026960406334869,12.182802262813878,2713.812,1.0469988085024473,98,1.2008219312315938
B0055,5,1.206763751299412,4.2022865042877005,2.484071154442301,3.3690503311576365,0.0017320881760283,-1.9905957922031048,-1.630519419462631,17.386184005164274,5.865948272472199,11.995175259559732,2786.578,1.00494812753938,97,1.2008219312315938
B0055,6,1.2077322536103197,4.202804398571556,2.481388096934316,3.3596802370189534,0.0004260224573474,-1.9916252726422965,-1.6935037519026297,16.287370504806514,5.190771825672599,12.01585259085846,2667.89,1.0057546603697007,96,1.2008219312315938
B0055,7,1.2009614290093835,4.194689870235318,2.4857750442530606,3.331138062731705,0.0037839412750622,-1.9907997928291328,-1.796982266620521,18.76540773861097,4.583842371477875,12.310516344609582,2530.172,1.0001161685793385,95,1.2008219312315938
B0055,8,1.189059086549973,4.203456278554985,2.4898705968582,3.335155652675837,0.0025079335764194,-1.9913346793894355,-1.8221216958276871,17.743208793113464,5.053303205495654,12.203269426883178,2446.062,0.9902043388984773,94,1.2008219312315938
B0055,9,1.169708782604433,4.203931038045003,2.486378896244576,3.397039754952534,0.0032813052512828,-1.9910133759936124,-1.60517659481492,16.27240932778339,5.301590477162979,11.974188885781311,2713.25,0.9740901229250116,93,1.2008219312315938
B0055,10,1.1483647194613424,4.204477051328936,2.484196378836121,3.3803008994123225,0.0028535599024067,-1.991488728701696,-1.6273590433187917,18.496064110315466,5.8612804541487264,12.146032186206996,2676.578,0.9563155781836448,92,1.2008219312315938
B0055,11,1.1527726060972296,4.204395922551529,2.488899766066993,3.3446128760924214,0.0004039487468772,-1.990666668360672,-1.807780475892982,17.233592924973692,5.2119884831744345,12.075029193191549,2394.734,0.9599863028108726,91,1.2008219312315938
B0055,12,1.1318370471727228,4.196508158151434,2.4856427415338582,3.401696293991564,0.0024125926743342,-1.9902971005145704,-1.5934585102181222,17.25233196126928,5.705410445510598,11.953480850146518,2673.0,0.9425519452429402,90,1.2008219312315938
B0055,13,1.1326525803383347,4.2049198480597365,2.4945204316368925,3.377782507073848,0.0019106021357381,-1.990731521433284,-1.6457766002423246,18.84637103862602,4.902169412870768,12.091243346975183,2619.578,0.9432310910383334,89,1.2008219312315938
B0055,14,1.1160565716574584,4.204749253288386,2.489824423973652,3.411152214850695,0.0047423574400032,-1.991422567659727,-1.584422122674529,16.69866695291335,5.753127682539503,11.84145066042513,2640.016,0.9294105500828104,88,1.2008219312315938
B0055,15,1.0984641825068853,4.205529950993648,2.4929609831648176,3.4062074380814424,0.0034910948504664,-1.9907556302335792,-1.587531424902602,17.281200338137296,5.968718586088171,11.85500353854918,2621.187,0.9147602603995352,87,1.2008219312315938
B0055,16,1.092569410309668,4.205627291462969,2.4987737122938984,3.4006629565141497,0.0018374760510517,-1.991522785179081,-1.5865260183824126,17.87487048558903,6.123949353685871,11.91733362745109,2616.453,0.9098513125831243,86,1.2008219312315938
B0055,17,1.109167680712031,4.197933604847559,2.4960528571959832,3.373436366456084,0.0013482790166261,-1.9908882502143304,-1.6558769500299215,18.56561933924195,4.49280427247954,12.135031767584422,2565.109,0.9236737370164784,85,1.2008219312315938
B0055,18,1.107503502890571,4.205390438967899,2.4950345179419164,3.375129892014157,0.0029195283409771,-1.9907992030652173,-1.6682381023500137,18.731388722663795,4.9201973970875486,12.085534035682384,2532.531,0.9222878714037868,84,1.2008219312315938
B0055,19,1.106751675424531,4.205435554958762,2.499203075422064,3.3799212171444224,0.002172830590767,-1.9911585440753383,-1.6518184000413114,18.85911132920102,5.243499809183194,12.035133443915594,2556.593,0.9216617773539646,83,1.2008219312315938
B0055,20,1.0726694124582823,4.183847655178161,2.4858947643408493,3.4131937901660443,0.0023980838431653,-2.0081513637326145,-1.5631982736121797,16.474886676905992,5.726221729849384,11.694010522378292,2577.891,0.8932793318973822,82,1.2008219312315938
B0055,21,1.0776844021506693,4.205811869776469,2.490219926603604,3.388212777111266,0.0023980631984279,-1.990451483901724,-1.6102431965480546,18.42983942194132,5.897932892357624,12.02595112446758,2572.36,0.897455629449879,81,1.2008219312315938
B0055,22,1.1981714734535909,4.185284066167707,2.49591717391522,3.3833310240018224,0.0023527014541292,-1.9908816662096405,-1.6643817613294818,16.79121110894689,5.492060015387616,11.84728862446686,2697.75,0.9977927969925696,80,1.2008219312315938
B0055,23,1.162538155268093,4.196690472475704,2.493901769830843,3.406033299298373,0.0042422871447303,-1.991512324127019,-1.629380871239606,16.558207457541112,5.668092553976134,11.64238700767333,2683.406,0.9681186902339168,79,1.2008219312315938
B0055,24,1.1556827465844224,4.205348595061986,2.490665842720209,3.395122860818019,0.0009821633720412,-1.991058496787956,-1.6480629343875914,16.176716026227933,5.429660968759904,11.772012658338625,2646.156,0.9624097599542712,78,1.2008219312315938
B0055,25,1.137444098422356,4.205552375701064,2.491266216084571,3.3678744885149583,0.0033936943173849,-1.9907463266064145,-1.6963503354994716,18.28920429337146,5.220369333730443,11.983454214473864,2593.531,0.9472212897175888,77,1.2008219312315938
B0055,26,1.1126375352125493,4.2052142034116535,2.492760704750605,3.3809383898685605,0.0015718230358572,-1.9907919913750125,-1.647762002114427,18.65863623047158,4.059057953389152,11.908597488676612,2604.125,0.926563303246302,76,1.2008219312315938
B0055,27,1.098656067845981,4.205763745942962,2.486626233949432,3.41469739374783,0.003139047521193,-1.991007869042188,-1.6019969747290892,16.83473057053666,6.012193151140061,11.5894392622721,2588.594,0.9149200553983646,75,1.2008219312315938
B0055,28,1.098530275888464,4.198995746839671,2.495104294734825,3.41231159843661,0.0034818707960933,-1.990345948099886,-1.607009362096321,16.756789919207705,5.870935139797071,11.629714317449922,2579.203,0.9148153005181904,74,1.2008219312315938
B0055,29,1.1029370400968537,4.2061133400646735,2.487763139286609,3.40438229399094,0.0020568504479771,-1.991281599746559,-1.627589670095513,16.24699765148442,5.731201872960767,11.647248561632294,2555.453,0.9184850904293972,73,1.2008219312315938
B0055,30,1.0949644922735318,4.20656078786278,2.497867584305148,3.367342836467804,0.0021452957889262,-1.9916328373941727,-1.6825636345526909,19.12998485714981,5.019667115044019,12.022205345514337,2525.609,0.9118458480771652,72,1.2008219312315938
B0055,31,1.0890679714830998,4.205789072356055,2.482550786926367,3.410419638073745,0.0048992280817572,-1.9905681770945949,-1.612755670182398,16.36765160927189,5.933226299085981,11.54222490222824,2536.172,0.9069354440971308,71,1.2008219312315938
B0055,32,1.073323391636053,4.206468698154612,2.498794021092515,3.387548379409374,0.0021630836415904,-1.990833007177876,-1.6303240143418964,18.15665009637772,5.144155527321384,11.825965633220362,2536.204,0.8938239415191435,70,1.2008219312315938
B0055,33,1.095373856745309,4.19878751718924,2.4986675609061084,3.353344563900017,0.0028822715331249,-1.990852926244492,-1.71799533716817,18.80550760238104,5.434214970889567,12.03863906152037,2488.86,0.9121867516375768,69,1.2008219312315938
B0055,34,1.0639517466243125,4.205549436509086,2.495967983888696,3.403128476363774,0.0037963361825877,-1.990543780937116,-1.6148091574306578,17.559578387097904,6.196484124316794,11.59317451081218,2518.547,0.8860195828811157,68,1.2008219312315938
B0055,35,1.085798072407703,4.206680085108051,2.494521891499824,3.3737196134296283,0.0028915382938365,-1.9908289073916383,-1.6806946415000543,17.467083355342886,5.53725249055581,11.87359860158602,2485.766,0.9042123933346892,67,1.2008219312315938
B0055,36,1.0588748965507555,4.206242808359698,2.4940939052144744,3.382746702873388,0.0026901014635949,-1.99092503062938,-1.63831200906344,18.49462899513655,5.005149643020689,11.809310238880515,2506.718,0.8817917702958226,66,1.2008219312315938
B0055,37,1.0813260035191288,4.206501526529983,2.488192777263103,3.364191938389696,0.0015151692121164,-1.990154379954445,-1.7019108237148657,17.91164881741511,5.491386768106055,11.933034010302556,2459.297,0.9004882201061177,65,1.2008219312315938
B0055,38,1.061601862588323,4.198066617715753,2.483590427491968,3.408219619852174,0.0040899056863324,-1.9913019551390152,-1.6137161861379503,16.71929796179109,5.963161321140903,11.53732922797716,2488.734,0.8840626865463033,64,1.2008219312315938
B0055,39,1.0593920670581127,4.2069940867465805,2.494836964233761,3.3720438606583496,0.0019834896350736,-1.9913493608624204,-1.6587094218378893,18.743872075423457,4.189009368019207,11.942237573488166,2491.375,0.8822224507272057,63,1.2008219312315938
B0055,40,1.0742513141424723,4.206185443933068,2.495294559262084,3.3954495279596,0.0027453667564063,-1.9913634315445168,-1.6449474011417666,16.07532193134441,5.793714360247393,11.654440484569944,2467.328,0.8945966809922372,62,1.2008219312315938
B0055,41,1.04056147341315,4.206494698836393,2.493930027919102,3.3886471333647554,0.0029433881304167,-1.9918655941270955,-1.6341793441136752,18.1055360480279,6.251113028855723,11.722702041818202,2466.125,0.8665410302307883,61,1.2008219312315938
B0055,42,1.0575656535324895,4.204041730199119,2.4968794236107965,3.356819503345258,0.0021348260516324,-1.9909179006012367,-1.6871055404907072,19.22539590220654,5.116748649373631,12.13910591187991,2459.312999999994,0.8807014812327946,60,1.2008219312315938
B0055,43,1.0983528970914622,4.186445589660851,2.4980844986118784,3.38173030037378,0.0027554239621475,-1.9901698852064904,-1.6534663598224018,17.79698901775945,6.011078978848951,11.725785170275977,2559.125,0.9146675860299814,59,1.2008219312315938
B0055,44,1.109758993739737,4.198472809564929,2.497690135885909,3.332585578324588,0.0016337951411109,-1.9895632028305583,-1.746935874580489,19.90310164984231,5.016805714592111,12.14093273670559,2534.156,0.924166160590971,58,1.2008219312315938
B0055,45,1.0793315779206871,4.205147121886639,2.495812780943487,3.415794800601349,0.0041302137494647,-1.9901409410080384,-1.6100189784192438,16.28428434167548,6.003174490550036,11.32244979928203,2521.985,0.8988273363842523,57,1.2008219312315938
B0055,46,1.0716159094756148,4.207061766566151,2.497968365806555,3.364395338116308,0.0024325175728162,-1.990707591128993,-1.6797818306005563,18.858200111612096,4.366396831280806,11.899725740614365,2503.172,0.8924020136578769,56,1.2008219312315938
B0055,47,1.0746464211019795,4.206586679847002,2.494850314865808,3.3556150350421454,0.0020283573965965,-1.990485251168809,-1.703206082949298,19.26539604228336,5.206133332056047,11.9698483506891,2474.344,0.894925711424836,55,1.2008219312315938
B0055,48,1.08643683065179,4.136062355148983,2.497025585392751,3.2813552523710348,0.002499906189932,-1.9905983386514208,-1.8582921214004529,19.91574517945343,5.259112558612603,11.944879920447905,2349.64,0.9047443275269902,54,1.2008219312315938
B0055,49,1.1340138347387958,4.194893964041484,2.497531566741249,3.3340325216514985,0.0025191038749758,-1.9908092541495768,-1.7577069451672969,19.74476118019262,5.216087256419887,12.028925123088165,2560.688,0.9443646932528308,53,1.2008219312315938
B0055,50,1.1176964717951587,4.205199298124983,2.4925446639956585,3.355658576925396,0.0030767238763984,-1.9908548428883857,-1.7278318736099232,18.239458117812696,5.744165438234034,11.71503135296823,2522.375,0.930776198140236,52,1.2008219312315938
B0055,51,1.1046468529644289,4.205853256210238,2.497355535023157,3.353357049023896,0.0006172357972143,-1.9913602598228903,-1.7321258947169127,19.14324542302631,5.507329315542777,11.810607676487717,2488.719,0.9199089592171878,51,1.2008219312315938
B0055,52,1.089700148407426,4.205832053797409,2.496005450177785,3.356165416087441,0.0030356138462177,-1.9907888064016417,-1.720909576078404,18.957146305546704,5.573561761773879,11.765625767571136,2474.844,0.907461897610249,50,1.2008219312315938
B0055,53,1.075533547538172,4.205960258814088,2.4945789390502733,3.3655236596965747,0.0013938634104431,-1.990266430302993,-1.6928963609340808,18.56961122669724,5.471875013474925,11.666664960009529,2473.875,0.8956644774426107,49,1.2008219312315938
B0055,54,1.0609866776144368,4.1982654098780685,2.497451626540361,3.3657531038090425,0.0018782138053998,-1.991098985092008,-1.6674344219063135,18.38960415048188,4.7559665018276,11.70893917625306,2495.5,0.8835503832997634,48,1.2008219312315938
B0055,55,1.0518218041615568,4.206713417529564,2.494771530909891,3.3849405998756663,0.0022043450938765,-1.9906339241312176,-1.6377223794615257,17.859841515218953,4.341162665276274,11.450092345609722,2481.078,0.8759182163526789,47,1.2008219312315938
B0055,56,1.0553857898132757,4.206861671465562,2.4850759949386982,3.410105370394735,0.0028249023072608,-1.990683911752466,-1.614385286745976,15.816276936907297,6.07471040588154,11.131625464424475,2460.125,0.8788861715165753,46,1.2008219312315938
B0055,57,1.0533102333691788,4.203250203022516,2.4972833794296387,3.3607031370514133,0.0005137994958183,-1.9905747713276665,-1.6847849277248683,18.755426828419857,5.569532980827864,11.73883233236768,2440.547,0.8771577250332836,45,1.2008219312315938
B0055,58,1.0315365260084348,4.206868467936627,2.4994934553850463,3.3928240190547645,0.0017702403766918,-1.990246399339889,-1.620409812946121,17.253309886018204,4.361361037075223,11.33070420089266,2449.922,0.8590253885107383,44,1.2008219312315938
B0055,59,1.0533401053259417,4.199652821200027,2.496397324750552,3.3379943082200825,0.0022491755572575,-1.990571689998828,-1.7350634493263108,19.044660235871767,5.751869487900278,11.71743632355557,2408.781,0.8771826012917744,43,1.2008219312315938
B0055,60,1.0317876798810788,4.206354715936561,2.498591356778633,3.383748883671106,0.0012301642827289,-1.992243974592476,-1.6355169727932202,17.632782962314124,4.340189960269769,11.448023523006356,2442.547,0.8592345401477227,42,1.2008219312315938
B0055,61,1.0354207912157296,4.207116858721508,2.4793908002585576,3.4034852057714984,0.0027021133440438,-1.9907853647960991,-1.6207746296063927,15.652866929465386,6.143775309699732,11.113362092407373,2420.671,0.8622600606184595,41,1.2008219312315938
B0055,62,1.0322251791310608,4.203805356740808,2.495919101086891,3.348847901013984,0.0025523051765695,-1.9905834799687467,-1.695046194498669,18.851175405608,5.571328973227946,11.759912549960136,2409.906,0.8595988733087047,40,1.2008219312315938
B0055,63,1.011543397303472,4.206451344410812,2.487748902505861,3.400337322032958,0.0020930660281791,-1.9921786004311488,-1.607752495748955,16.682382112943166,4.968805766113298,11.095152329208846,2416.672,0.8423758519017113,39,1.2008219312315938
B0055,64,1.0413760568150228,4.199840856194157,2.496210707787105,3.334305277604064,0.0027024064178281,-1.989844699379149,-1.7288529172580396,19.331265935552995,5.660378328396747,11.855416870953553,2395.75,0.8672193850981392,38,1.2008219312315938
B0055,65,1.02174193386881,4.206363005983127,2.499306018937951,3.3786546268712,0.0023935756065588,-1.9901768106891888,-1.6438464708058846,17.796486773673443,4.351576620593823,11.501464461877692,2410.688,0.8508688151796873,37,1.2008219312315938
B0055,66,1.0133135547969283,4.206927414011855,2.495131192399576,3.413323315609648,0.0031216492128016,-1.990803712367652,-1.5920409233304795,15.641866781260571,5.971615781064481,10.922543090852551,2402.125,0.84384997345747,36,1.2008219312315938
B0055,67,1.029994255962691,4.202275822485786,2.498865224973231,3.3358445561886736,0.0022943405872625,-1.9894496431673536,-1.731928125216886,18.47501778028561,5.84288321199093,11.679121657086682,2355.265,0.8577410431755709,35,1.2008219312315938
B0055,68,1.0189349807814327,4.20659875616185,2.499842473941914,3.353709465020553,0.0010294081398047,-1.990447808855782,-1.6777504908523246,18.598567041058164,5.307125762559343,11.716719550648063,2396.719,0.8485312886785694,34,1.2008219312315938
B0055,69,1.0290879520854015,4.18778132479275,2.4984245148092805,3.366457418651549,0.0010693248909807,-1.9897273979460817,-1.6531774202404774,17.70296113245331,4.793714682634252,11.332026451776493,2442.344,0.8569863068955965,33,1.2008219312315938
B0055,70,1.0567629241900045,4.19944321827157,2.498165502515704,3.319131030823727,0.0024530517649134,-1.990141425142264,-1.748766373641858,19.648490501323845,5.442704349708029,11.967823512320054,2444.703,0.8800329979867717,32,1.2008219312315938
B0055,71,1.0291668536316647,4.205593767786481,2.4838403700559373,3.4032103094968886,0.0020891871811015,-1.989425250782484,-1.6200178882302807,16.178060673787062,5.773805005802396,11.01544977025214,2412.25,0.8570520131791104,31,1.2008219312315938
B0055,72,1.032129844490102,4.202887645707948,2.4989275943849365,3.343831990901096,0.0019185498554081,-1.990115909060455,-1.703990940961131,18.88644438182567,5.4874434269864585,11.818028778074437,2403.234,0.8595194821529643,30,1.2008219312315938
B0055,73,1.0409230283951276,4.206513407222774,2.497716849078165,3.3724641292622257,0.0025736712210441,-1.99260580638712,-1.6883184479362592,16.020151248713987,6.0802173107416,11.295282200562326,2361.047,0.8668421198199888,29,1.2008219312315938
B0055,74,1.011161098766987,4.203597448523021,2.497475666164784,3.3553714698756965,0.0016074549539084,-1.990141813358955,-1.671488542905288,18.292174814306744,5.04978045716812,11.589249198689654,2392.468,0.8420574878491054,28,1.2008219312315938
B0055,75,1.0337876112911784,4.19879054583806,2.499631738732727,3.3279855680794297,0.0031801191906238,-1.989834931537412,-1.7381151009412772,19.26049129848449,5.684780648332787,11.857143843844955,2373.89,0.860900008905483,27,1.2008219312315938
B0055,76,1.003994224020383,4.206474987547079,2.499611198369732,3.380340612404249,0.0025505804709288,-1.9899806169770808,-1.6383784100519558,17.24384546974176,4.098023303253593,11.276289724634314,2383.234,0.8360891801756658,26,1.2008219312315938
B0055,77,1.0334195479955004,4.203906513751972,2.4972946109355068,3.379505906360248,0.0030844110871244,-1.9903659110556824,-1.672030203070361,15.900824096276386,6.154043751745358,11.220787392479364,2342.453,0.860593499433841,25,1.2008219312315938
B0055,78,1.009893656411646,4.203458601351602,2.4950143445404667,3.3419486124359232,0.0010004868661221,-1.9909373483293216,-1.7040964736723387,18.94850032004803,5.071936740792496,11.759447806620914,2359.296,0.8410020088289637,24,1.2008219312315938
B0055,79,1.0126262447940628,4.206479388387375,2.496127080556164,3.3994343538904057,0.0021262594521734,-1.990502094790344,-1.6294399730001763,14.95747625778177,6.25364067071202,10.988248985047369,2345.453,0.8432776071598621,23,1.2008219312315938
B0055,80,0.9948742055727694,4.200091561431062,2.498292598142556,3.3674537565378784,0.0030464662893548,-1.989645979871128,-1.6515379727772603,17.70459844093717,3.8800548728711344,11.355681286808547,2360.172,0.8284943668145709,22,1.2008219312315938
B0055,81,1.0240799556179332,4.203624990778383,2.4995493131113817,3.3529430513041807,0.0026884006882836,-1.9914645709614995,-1.7174483877318063,16.746714545942115,6.148340867351155,11.443287391092776,2315.407,0.8528158330416322,21,1.2008219312315938
B0055,82,1.0208889510043029,4.203121026339225,2.4954991257797223,3.313138824967226,0.0017931896221138,-1.9904890532016013,-1.7693261826528028,19.20127329879016,5.787016143586005,11.785825239943042,2322.156,0.8501584826629982,20,1.2008219312315938
B0055,83,1.016100815944114,4.206360725269558,2.495394779769103,3.331207681083792,0.0015693472491334,-1.9905162279081985,-1.7382171562180335,18.921215014535083,5.641238888974559,11.72640480534808,2327.1570000000065,0.8461711012406102,19,1.2008219312315938
B0055,84,0.9987875345106276,4.206662505631524,2.4987692806726884,3.361184494584018,0.0017426438602133,-1.9908925129030703,-1.675984130985824,17.83845317353606,4.756256149278372,11.472788708066494,2335.0,0.8317532421199583,18,1.2008219312315938
B0055,85,1.0158868294923784,4.198906004577256,2.4984561833393784,3.317225424194071,0.0035235815041069,-1.9908017427512696,-1.7579493131782606,19.413252469388496,5.698404620370843,11.802235485150677,2329.375,0.8459929012542757,17,1.2008219312315938
B0055,86,0.9963437517762594,4.2063268655944,2.495225392424711,3.367194898395345,0.002721909037869,-1.9912354426427308,-1.6637548048231785,17.555469742468727,4.512189814493232,11.363194027921852,2333.875,0.829718150429168,16,1.2008219312315938
B0055,87,1.0053777381419529,4.207127040760322,2.48261274521935,3.394889434849019,0.0025048898448595,-1.990118242201512,-1.6389209925149488,15.18160164516741,6.211606004685817,10.949818258159802,2317.453,0.8372413194609226,15,1.2008219312315938
B0055,88,1.009132291002791,4.202430409703646,2.497894652809196,3.310050856120256,0.0002211101454508,-1.990653705320796,-1.7742280928785608,19.119001932657707,5.940874439372288,11.706437723845246,2295.109,0.8403679719338562,14,1.2008219312315938
B0055,89,0.9984581240784204,4.206373386837717,2.498867447840723,3.3458687278652697,0.0025384475979368,-1.9910685168887925,-1.6962395390509193,18.259385299695204,5.136537248585617,11.583533228310795,2326.657,0.8314789213204793,13,1.2008219312315938
B0055,90,1.0892389324114138,4.181574605333568,2.49494387511604,3.2453384054657453,0.0019286316389317,-1.9898551893530096,-1.867980838781304,20.334330441428275,5.168854919273502,11.961499960858754,2479.297,0.9070778140221528,12,1.2008219312315938
B0055,91,1.0793936031703524,4.194441045655941,2.499224528115884,3.3032859676964024,0.0016730136650589,-1.989802834953792,-1.7868262879672985,18.82433959610769,5.778759295022704,11.522596039987194,2463.578,0.8988789887134212,11,1.2008219312315938
B0055,92,1.032614295314224,4.204880578247997,2.492495487385769,3.3954172971180325,0.0021399166713433,-1.990332615385347,-1.61471261152207,16.215064274032724,4.90935771345217,10.721858182752005,2458.812,0.8599229148447917,10,1.2008219312315938
B0055,93,1.0498572649026638,4.202840264863921,2.495661665849974,3.319390417324327,0.0021684043207868,-1.9905492967668528,-1.7601408237271083,18.624861324787787,5.843736618132186,11.4115438943797,2400.672,0.8742822208667552,9,1.2008219312315938
B0055,94,1.0453902697248565,4.205754690488186,2.498900329146198,3.3844424778085065,0.0014848417196671,-1.98999253160494,-1.6551157920024593,15.137573162785118,6.247749132704212,10.810513729948518,2396.407,0.8705622728364708,8,1.2008219312315938
B0055,95,1.0001607736713514,4.207084563921945,2.489889091081545,3.396001919549735,0.0018180403797146,-1.9901197988107224,-1.6115078715312523,16.113386903826303,4.553234100913507,10.714176302518482,2392.375,0.8328968247986284,7,1.2008219312315938
B0055,96,1.0084094786878155,4.198111672339926,2.498768290819146,3.4091500642055776,0.0030381689253116,-1.9897475031713527,-1.5964976013167924,14.51027225857862,5.225750777207206,10.478734086554464,2373.687,0.839766040626494,6,1.2008219312315938
B0055,97,1.003655158082039,4.203133911551857,2.4975933279193185,3.318069571504016,0.0058359026979377,-1.9897262444197568,-1.724633006126093,18.79688115527297,5.149777395390148,11.577446477629389,2385.922,0.8358068186285244,5,1.2008219312315938
B0055,98,1.028526967659532,4.206432255358412,2.495932540383024,3.3705488423522825,0.0019369491435675,-1.9919373010273944,-1.6761541599227183,15.51511607516065,6.180586109765796,10.889278314878904,2345.0,0.8565191398566884,4,1.2008219312315938
B0055,99,0.9816844358987022,4.203481073295822,2.493973960448579,3.3580320611343826,0.0015022496896493,-1.9911024104896389,-1.6566423606087433,17.410882869971065,4.230529685833689,11.125862267460422,2363.047000000006,0.8175104154633998,3,1.2008219312315938
B0055,100,1.0127121434171131,4.20306302939134,2.4945849403498523,3.330593214259216,0.0025435201299524,-1.9901681479381788,-1.7366403960823258,17.541633082707207,6.030631603343591,11.180258248103398,2316.687,0.8433491403496017,2,1.2008219312315938
B0055,101,1.0201379996149256,4.197674431245264,2.4970956728658367,3.345081227582777,0.0033791207132014,-1.9909302972480336,-1.713215908723254,16.68412644043965,6.114851213625412,11.102809730123198,2322.0,0.849533118177352,1,1.2008219312315938
B0055,102,0.9907591663373164,4.20280430699626,2.496842059818817,3.3411218242164646,0.0015846798064991,-1.9899104414591309,-1.6853564371512757,18.127312484256297,4.948656251290236,11.412927585025807,2357.687,0.8250675146490442,0,1.2008219312315938
B0056,1,0.7852781208785192,3.8387228819147694,2.689656173110366,3.2954766160397124,0.004623557553845,-1.998659884695217,-1.082554743304369,15.737541036017063,6.293379384392066,9.97935642991351,2660.313,0.6148628557126176,101,1.27715979845358
B0056,2,1.3443555553017368,4.14918086948454,2.686775295531401,3.278114932402385,0.0074926515555551,-1.9959503490046475,-1.7199163116216971,14.09017680302044,5.134434306769039,11.067443145348816,2826.0,1.0526134293684466,100,1.27715979845358
B0056,3,1.317502710734752,4.17533419262966,2.698313212370538,3.3106158390566507,0.0027426893502046,-1.996169566048845,-1.690515546033322,14.9073664521439,6.309523595846732,10.889462468094056,2818.578,1.031587991048591,99,1.27715979845358
B0056,4,1.2973654679476911,4.177469814791119,2.692589583576849,3.3172843725733268,0.0042138769813703,-1.996337766770787,-1.7267083547233482,14.04619289990165,5.211287405874109,10.764459531712715,2713.812,1.0158207841482143,98,1.27715979845358
B0056,5,1.263960414854898,4.177333358996554,2.6980823652266586,3.344030455029123,0.002802622353711,-1.9969110305254825,-1.6420112923998629,14.458798502682042,6.178935155399547,10.655748964418308,2786.578,0.9896650492642628,97,1.27715979845358
B0056,6,1.2589496187032136,4.178105672730461,2.699291592092144,3.336353669510842,0.0032332126433805,-1.9971248669228028,-1.7046338232855287,13.79068771013097,5.39439129102979,10.604398240583924,2667.89,0.9857416591311318,96,1.27715979845358
B0056,7,1.28061976902026,4.169426750713255,2.6902918098264004,3.3009005971377725,0.0034146019954467,-1.997374519568108,-1.824767001508376,14.881216824496482,4.426819588312324,10.747618198190096,2530.172,1.002709113276874,95,1.27715979845358
B0056,8,1.2572786868607095,4.178499777464705,2.6937716432028966,3.3051103949821674,0.0059064642800569,-1.9974455810197207,-1.8506548604930129,14.283153326557814,5.312147533516523,10.642275000961927,2446.062,0.98443334059141,94,1.27715979845358
B0056,9,1.2226260041048898,4.178690194193401,2.6912557599593363,3.367107139335169,0.0010713774774085,-1.997549921598698,-1.6314150295742418,13.24625881226546,5.6515867328868215,10.449432487805073,2713.25,0.9573007274307248,93,1.27715979845358
B0056,10,1.2292772249257495,4.178597106977031,2.698815560187372,3.350670766767032,0.0027056703241456,-1.9978221218978045,-1.6616088416098966,14.784638313108044,5.220334657606481,10.535109718676145,2676.578,0.9625085493719676,92,1.27715979845358
B0056,11,1.2275780135689456,4.179016949083667,2.698364593875605,3.316178080747263,0.0038419532959405,-1.9994834284107947,-1.84550694209588,13.967206000860529,5.570469230692195,10.596589405147554,2394.734,0.9611780883295346,91,1.27715979845358
B0056,12,1.2133872888296768,4.170255325585353,2.690491235069901,3.3637533511944144,0.0031136212733109,-1.9966769679348089,-1.642646129856428,14.10183741263998,6.084434485536904,10.518875176620943,2673.0,0.9500669299948836,90,1.27715979845358
B0056,13,1.230223614493081,4.1791853671260935,2.695326027100301,3.345736483227564,0.0034177533469387,-1.9987446420077768,-1.6956317121625684,15.014735099158155,4.921795521823371,10.55326910161315,2619.578,0.9632495604564671,89,1.27715979845358
B0056,14,1.1927530108462678,4.179445713445421,2.69100578312218,3.373106355519255,0.0022451805638626,-1.996670402669732,-1.6346840292281264,13.814334631047265,6.116609695035815,10.414707663905276,2640.016,0.9339105508100756,88,1.27715979845358
B0056,15,1.18671066359878,4.1797547856645245,2.6980104623652483,3.3697897239570302,0.0032653842932197,-1.997770382383616,-1.6381228999586526,14.16755708920704,6.316690675392846,10.394183210718758,2621.187,0.9291794691906854,87,1.27715979845358
B0056,16,1.1914875140242167,4.179854576648961,2.6918100210263542,3.362330412062295,0.0030588278959838,-1.996548124766132,-1.644505354812866,14.498480751440637,6.052444172595308,10.441904510807989,2616.453,0.9329196827733716,86,1.27715979845358
B0056,17,1.214178606017816,4.171853041375375,2.6994455277907243,3.3440747440292173,0.0037009288855311,-1.9978026678137104,-1.7073520267726885,14.957470899011565,4.304297219399819,10.556505695788386,2565.109,0.9506865213640272,85,1.27715979845358
B0056,18,1.2094387558721402,4.179639783717689,2.6974370448855804,3.344993026252808,0.003158961945327,-1.9976555316387103,-1.7217523886019717,15.001521036754518,5.213080935275404,10.53632658220726,2532.531,0.946975278533322,84,1.27715979845358
B0056,19,1.207072299940321,4.180054992180052,2.687185471488668,3.350361911675404,0.0041274895103375,-1.9970386663902504,-1.704181930358103,14.338173356663557,5.597688862446929,10.495199596430949,2556.593,0.9451223734115944,83,1.27715979845358
B0056,20,1.162961249391913,4.174069945070663,2.687470388534462,3.37818787285201,0.0015311077226198,-1.9977714431306908,-1.6317327720996542,13.436612124692124,6.078427429770419,10.301909086360435,2577.891,0.9105839776667404,82,1.27715979845358
B0056,21,1.17887968705904,4.180243969445706,2.699656546174108,3.362062528447157,0.0031207697291047,-1.9978617916136057,-1.654732613269804,14.639269846531356,5.116793486932669,10.453998023862312,2572.36,0.9230479134141708,81,1.27715979845358
B0056,22,1.2945104146044433,4.160878235645104,2.6854368250416094,3.346029829980996,0.0022851607635622,-1.9980492124102964,-1.7304356189135517,13.577353530338334,5.8914322039769536,10.390292640584766,2697.75,1.0135853134211334,80,1.27715979845358
B0056,23,1.2602567563003473,4.170401928183799,2.690427787524509,3.3654291392154736,0.003737113994385,-1.9972356722093,-1.69638971406972,13.568274326866668,6.05311982524561,10.290310895798491,2683.406,0.9867651313690744,79,1.27715979845358
B0056,24,1.2408721291565108,4.179668272690069,2.6939728433831345,3.3689721031647792,0.003260175405835,-1.998021114166224,-1.691874172061947,13.222923404873027,5.823430858098223,10.263087503889402,2646.156,0.971587213016721,78,1.27715979845358
B0056,25,1.252197340273113,4.179757059071528,2.6814059367851253,3.3465295769688743,0.0060114207639521,-1.9972921065349984,-1.741408244106888,14.117236767649958,5.53869752832389,10.400005286038288,2593.531,0.9804547103575512,77,1.27715979845358
B0056,26,1.2279025700477384,4.179381275805115,2.695307365997281,3.352812339869088,0.0024761417614236,-1.99764011344434,-1.7007572591990598,14.72590749283402,3.424938930685151,10.409833153074386,2604.125,0.9614322119554002,76,1.27715979845358
B0056,27,1.1917170308946994,4.179761909304835,2.687952325629709,3.3743035968482755,0.0033035605274213,-1.9963245471931028,-1.6642520477871068,13.782905674311683,6.350021063353402,10.249617197163523,2588.594,0.93309939158566,75,1.27715979845358
B0056,28,1.1858570240011006,4.17225893612502,2.696650296000414,3.3764282291064944,0.0020006615524911,-1.9964370552261024,-1.661218424865919,13.53465268656202,6.212494977901734,10.237028804942252,2579.203,0.9285110801615968,74,1.27715979845358
B0056,29,1.1840938286611429,4.180576245666881,2.683210476599473,3.375019443182964,0.0022855211247853,-1.9977877783000189,-1.6741395350666333,12.997563677985069,6.0965420969346615,10.198234922837491,2555.453,0.9271305204680544,73,1.27715979845358
B0056,30,1.2059829135917657,4.180487517962948,2.6972876615572554,3.3500962120625943,0.0030058078747593,-1.9977122672890133,-1.7210677294448378,14.9075480868495,5.21139627291658,10.430944576015769,2525.609,0.9442693976525122,72,1.27715979845358
B0056,31,1.165428493679393,4.18039553298969,2.683737907365728,3.379062729502439,0.0032857943579778,-1.9993057278946789,-1.660218253465555,13.20576446654183,6.255965125187059,10.139534423823738,2536.172,0.9125157987986514,71,1.27715979845358
B0056,32,1.1790060613193858,4.180559366384886,2.69363443342256,3.3612064036489087,0.0041197457254577,-1.997237284045861,-1.6771366747493928,14.51158708545384,4.436574189222228,10.308440154694576,2536.204,0.92314686286474,70,1.27715979845358
B0056,33,1.2013113747183153,4.172113004233132,2.6943722854819816,3.3463562838477823,0.0027730294767697,-1.997516578108804,-1.7399898086415906,14.30233008977442,5.843254805327094,10.36840954285901,2488.86,0.940611641685634,69,1.27715979845358
B0056,34,1.165597803317432,4.180373353367004,2.688897787724772,3.368266919681875,0.0027418357980324,-1.9971577867500607,-1.6716395639461556,14.15321706372225,5.851530999861755,10.204673365751807,2518.547,0.9126483661079606,68,1.27715979845358
B0056,35,1.180303335055002,4.180733041897962,2.6882331708894665,3.3594964247247177,0.0027201717102978,-1.998331732478157,-1.7116000565977858,13.855287867564956,5.91378656366684,10.315613775538878,2485.766,0.9241626118236308,67,1.27715979845358
B0056,36,1.1658134189695046,4.180279081248084,2.689459077872609,3.3615676241747825,0.0045186068602737,-1.9970287986633808,-1.6774896727466349,14.492855960891132,4.383632932786695,10.276786926763112,2506.718,0.9128171904417156,66,1.27715979845358
B0056,37,1.176396051577376,4.180999495499183,2.6894641263415138,3.355757582090394,0.0023823699703963,-1.997841104369512,-1.7243823805848957,14.065463723343733,5.890742770262958,10.32641766409495,2459.297,0.9211032581841274,65,1.27715979845358
B0056,38,1.1458325512940766,4.172470795694908,2.6842747820981163,3.377027547912211,0.0017083176668616,-1.996969373310469,-1.6629834811063648,13.412858944276625,6.294398176572229,10.173012177291527,2488.734,0.897172423279751,64,1.27715979845358
B0056,39,1.167557759980296,4.181062785086551,2.6890536637756743,3.357651728668808,0.0041022435179154,-1.9983414092740528,-1.689827294587583,14.60610388019012,3.4706366198583978,10.35991803443565,2491.375,0.914182987433528,63,1.27715979845358
B0056,40,1.145636654711916,4.181144967626914,2.697570405713833,3.3773583743313456,0.0016751730449656,-1.9966505293094987,-1.6766143500201731,13.208123302069437,6.181852228029927,10.160882493726476,2467.328,0.8970190387288139,62,1.27715979845358
B0056,41,1.1443667002824445,4.1812569980664405,2.6861014784430512,3.365617870156837,0.0014068645796714,-1.9978856754777936,-1.6751510777905991,14.33986737197622,5.4282756124962095,10.194404833993095,2466.125,0.8960246804417702,61,1.27715979845358
B0056,42,1.1605177686388095,4.181218970555332,2.6984158813975863,3.356825640396486,0.0042307276659578,-1.9982856792977777,-1.700799316178765,14.869194370874,5.462658317326679,10.45640074188921,2459.312999999994,0.9086707630822676,60,1.27715979845358
B0056,43,1.227201304260248,4.162741220330822,2.6966170938157865,3.3493744607237104,0.0038058283996317,-1.997330304637193,-1.7280902642659892,14.255223899564948,6.346473966012052,10.313619268601707,2559.125,0.9608831296962034,59,1.27715979845358
B0056,44,1.2454797202045476,4.171908005371084,2.6938401614375964,3.337826170095946,0.0021531070220713,-1.998225530162105,-1.769766800531709,15.145967765545794,5.330043312887019,10.450923975542697,2534.156,0.9751948986435436,58,1.27715979845358
B0056,45,1.1722288849037228,4.1801184107331695,2.694145271746648,3.379813223194436,0.0032148263578494,-1.9969891662839128,-1.677663577814701,13.36575567843813,6.34658464709465,10.066401247840554,2521.985,0.9178404192827628,57,1.27715979845358
B0056,46,1.1953514999944956,4.180978585892375,2.6949310922042096,3.3529139626798687,0.0043096716981464,-1.997363772478968,-1.7206408430840376,14.761564527480054,4.116504475200627,10.43749851062521,2503.172,0.9359451350111866,56,1.27715979845358
B0056,47,1.1919514716203925,4.180622872978541,2.698968781686075,3.3506050479395064,0.0014162939162654,-1.99808080514684,-1.7353946887212042,14.927522519928406,5.58901887421474,10.413907415221043,2474.344,0.933282955714422,55,1.27715979845358
B0056,48,1.2296223665252586,4.109379346813982,2.69347301500386,3.282678428854045,0.003967090750038,-1.9983807330397183,-1.8819520327756425,15.38684146714604,5.665521103919391,10.513733364328893,2349.64,0.9627787908874984,54,1.27715979845358
B0056,49,1.2774519419396988,4.169898025659996,2.6975073541494394,3.33124930750755,0.0031118017365223,-1.99817268738769,-1.7966492983038744,15.06186195706642,5.573068872747025,10.477654553290115,2560.688,1.0002287446617664,53,1.27715979845358
B0056,50,1.2433879751668584,4.18030832398499,2.68847764541694,3.3452443163116463,0.0019168976886098,-1.997470740297483,-1.7761136080338402,14.19417584217932,6.1258339997928415,10.317281833213247,2522.375,0.9735570886841152,52,1.27715979845358
B0056,51,1.230802542912592,4.1803883737342336,2.695809647268888,3.341356791517586,0.0023496058284812,-1.9980970694464453,-1.7812712509429691,14.670219241896357,5.9005666328317705,10.380685727786512,2488.719,0.9637028541008584,51,1.27715979845358
B0056,52,1.2162358534094664,4.180539223969872,2.6988862295180773,3.3435875505910966,0.0026045242510488,-1.997256112978706,-1.770178297141129,14.756439650219583,5.903527281130212,10.36448134266215,2474.844,0.9522973201020876,50,1.27715979845358
B0056,53,1.2088335726499548,4.180613197410378,2.6881817818985594,3.3430796751998537,0.0022368027077908,-1.9977292149583488,-1.760331259072874,15.074941469247385,5.8489381468345405,10.41860697803518,2473.875,0.9465014277098636,49,1.27715979845358
B0056,54,1.1946181162240357,4.171995741541347,2.693866336049454,3.3475631632118508,0.0034084547288534,-1.9968867131079733,-1.725357477499951,14.772345213065618,4.845099517773972,10.467474839092922,2495.5,0.9353709047767648,48,1.27715979845358
B0056,55,1.1734248134794991,4.180481328623388,2.692863343941837,3.357330861748052,0.005005383573287,-1.9974954691900964,-1.704918486361954,14.624267787138264,3.728912857451424,10.24758606535621,2481.078,0.9187768162608266,47,1.27715979845358
B0056,56,1.1404596305913128,4.181058054860729,2.6912645328393867,3.382778882292665,0.0021237016379272,-1.9970688320372325,-1.6737250543608966,12.974017575008304,6.373094745752049,10.06027633089391,2460.125,0.8929654941943934,46,1.27715979845358
B0056,57,1.1821716406845988,4.18149130108492,2.6880196285337377,3.3460645335108428,0.0028396049015322,-1.997380801624444,-1.7445639059237337,14.962343761280408,5.93429573355944,10.46181981941412,2440.547,0.9256254715471036,45,1.27715979845358
B0056,58,1.1480663382055174,4.180595098911064,2.6997902360046213,3.3641915924918147,0.0044539558153769,-1.9972649359124228,-1.6890678369808096,14.288936379622092,3.743950457401352,10.21776828052081,2449.922,0.8989214502332658,44,1.27715979845358
B0056,59,1.1825381935034152,4.173047661044039,2.6973629105606647,3.340090097397974,0.0025138288953142,-1.99737218946031,-1.7678866953516277,14.731654795183925,6.114072720010311,10.382854030148234,2408.781,0.9259124777770682,43,1.27715979845358
B0056,60,1.15520928628466,4.180864505746636,2.691300691707842,3.35648490646885,0.0035031383941846,-1.9971710052373428,-1.704950103976557,14.530184451529058,4.3307844113005975,10.344585715881983,2442.547,0.9045142884104392,42,1.27715979845358
B0056,61,1.1216816712671696,4.181146414659693,2.689936372979849,3.3822432790887755,0.001167977176898,-1.9985618755593448,-1.6727370538477788,12.920963346782584,6.442077206808246,10.028217431506214,2420.671,0.8782625890866065,41,1.27715979845358
B0056,62,1.162666262561457,4.181695073360697,2.6913240152919484,3.3475849268060007,0.0026416556786705,-1.9981998904229497,-1.7375416574771907,14.975497658516607,5.941505902318034,10.497532395250284,2409.906,0.9103530067022508,40,1.27715979845358
B0056,63,1.124695615744926,4.180846468482689,2.686923064348457,3.368899621618762,0.0020681754728745,-1.996923639616402,-1.6790843732728171,14.006665059857031,4.463108983552895,10.07845666833466,2416.672,0.8806224695662502,39,1.27715979845358
B0056,64,1.1664177948797931,4.17358432175774,2.6874437664677444,3.340217809060051,0.0048090818704853,-1.9980323886030191,-1.7528301920007388,15.065495014920012,6.0438417076765605,10.437586290235986,2395.75,0.91329040915015,38,1.27715979845358
B0056,65,1.1346745156379463,4.181103233539769,2.699800435335948,3.36067066404266,0.0032740801973608,-1.998026842266808,-1.696361090547745,14.438517748547325,4.395353055146922,10.327680053270171,2410.688,0.8884358222141359,37,1.27715979845358
B0056,66,1.1012231317092755,4.181672942091641,2.697960709571132,3.384477709863685,0.0021371517886426,-1.9970444217112648,-1.6547810696984198,13.194289211464437,5.467033052002404,9.931318938388468,2402.125,0.8622438108705479,36,1.27715979845358
B0056,67,1.1560733948472832,4.181798435766776,2.6834783907862354,3.3408256322235093,0.0041515968391919,-1.9970743538086635,-1.7665140217971276,14.482501609291248,6.1840581710617695,10.341385046767083,2355.265,0.9051908745069244,35,1.27715979845358
B0056,68,1.1385609898764002,4.181361272735532,2.699619006890264,3.35418892388286,0.0020928520034813,-1.9974408693161616,-1.7114334458397396,14.720749328790644,5.706523784496858,10.494744894336083,2396.719,0.8914788824820521,34,1.27715979845358
B0056,69,1.1757265448773706,4.16432577440784,2.689809371052332,3.340961153961277,0.0036443826698351,-1.9965313509817573,-1.7341386416649764,14.529077890794348,4.307718499726119,10.206418347273608,2442.344,0.9205790428895214,33,1.27715979845358
B0056,70,1.1969385632452556,4.172633979258993,2.688916524535636,3.3371235826921466,0.0034020074710463,-1.9980007270295648,-1.76327611270095,15.244128605525711,5.891844878630556,10.592911474763564,2444.703,0.9371877855022852,32,1.27715979845358
B0056,71,1.1267457988726266,4.180507540870247,2.698695743312111,3.376237517393404,0.0023369148883525,-1.9963931274279247,-1.684432789415394,13.512900564234096,5.246700336751547,9.984423245892255,2412.25,0.8822277370748135,31,1.27715979845358
B0056,72,1.1601031368559531,4.181900407397767,2.697889593175275,3.348647645780763,0.0039821980126532,-1.9973201800320188,-1.7382277088571685,14.862132323599852,5.874849632040624,10.532756069231716,2403.234,0.9083461116303831,30,1.27715979845358
B0056,73,1.1361458729690277,4.181297616479253,2.695993320018532,3.3622424767286905,0.0025962369202408,-1.9964731697990847,-1.7328967687649997,13.378405270944848,6.410388406245794,10.144690849516095,2361.047,0.8895878764307367,29,1.27715979845358
B0056,74,1.1397253894261876,4.181657232676167,2.6955474945092024,3.351293107048021,0.0037626166712808,-1.9984147436126416,-1.7156881587629869,14.806201026240291,5.384732504738278,10.418716582380116,2392.468,0.8923905926307721,28,1.27715979845358
B0056,75,1.1560010024767575,4.172972784971319,2.699727848412594,3.341409807131833,0.0023322700554823,-1.997322036385649,-1.7530374056679272,15.144104218787898,6.101848075316235,10.532972017810645,2373.89,0.9051341921946456,27,1.27715979845358
B0056,76,1.126818619026835,4.18131610574028,2.695330424081241,3.35783559274309,0.0033477922608708,-1.9984597486368607,-1.702815564152015,14.39832488350013,4.084166515359861,10.294250246042282,2383.234,0.8822847543363156,26,1.27715979845358
B0056,77,1.116688355680394,4.18166924078605,2.6854130230502054,3.36675593545663,0.0025037042003981,-1.9966874158615944,-1.7175512283850776,13.069857113335043,6.429628140459934,10.050387765399137,2342.453,0.8743528860151336,25,1.27715979845358
B0056,78,1.1330613197666846,4.182044120407073,2.690400334997493,3.3487514550466417,0.0040630626732428,-1.996813128658143,-1.7291690081472486,14.625776758086843,5.451623395786474,10.472005861254315,2359.296,0.8871727102110686,24,1.27715979845358
B0056,79,1.0893839897995972,4.1815714469098,2.6887925590382147,3.3810092385566413,0.0025601995835908,-1.996118783382572,-1.6749388332386832,12.585237711150564,6.11049109042055,9.909401931448466,2345.453,0.8529739122063293,23,1.27715979845358
B0056,80,1.112083645925937,4.174449328074176,2.6988640537115023,3.3564306318997588,0.0026089222798205,-1.9966626412426896,-1.6967956767696222,14.409091639662265,3.478832252819572,10.24276059598256,2360.172,0.8707474564048119,22,1.27715979845358
B0056,81,1.1279950254648337,4.181914870814706,2.680924614006194,3.3508758903963662,0.0037956445854832,-1.9961541065626969,-1.753415191734097,13.639615611059916,6.434721330714935,10.216290881964335,2315.407,0.8832058657269365,21,1.27715979845358
B0056,82,1.1386774565024178,4.181346159150703,2.689418119708915,3.338909543714827,0.0041820034148517,-1.996805159927613,-1.764019308767849,14.880692487289394,6.134456958282581,10.357968672788791,2322.156,0.8915700743800108,20,1.27715979845358
B0056,83,1.1271136962200643,4.181554177966883,2.6980519577561664,3.346321199511455,0.0029903163385119,-1.9972871538382808,-1.743062159577205,14.94384328293818,6.005594338757506,10.4126408516178,2327.1570000000065,0.8825157960537159,19,1.27715979845358
B0056,84,1.110150886965375,4.181615967935099,2.690667005796631,3.3538216131821788,0.0031192335725896,-1.9961673384143368,-1.7115530017171725,14.50969090814752,5.030235174367,10.355563284677745,2335.0,0.8692341305368178,18,1.27715979845358
B0056,85,1.1344632260422465,4.173516161117117,2.690672584400043,3.339346853440726,0.0023584820069415,-1.9977234858011128,-1.7522810293736757,15.062267575750978,6.089161695473585,10.41665753464741,2329.375,0.8882703851279109,17,1.27715979845358
B0056,86,1.108458756302863,4.181332312389274,2.689574754055628,3.3536514376808864,0.0021404034834667,-1.9961257474747869,-1.710215261310459,14.468947045350122,4.585621214546927,10.301294534772044,2333.875,0.8679092135886326,16,1.27715979845358
B0056,87,1.0768220870214844,4.181999698138027,2.685045319644668,3.38120127228625,0.0036343746368092,-1.9962061010235703,-1.6752482242752484,12.508239840028546,6.429515302198803,9.91165771895873,2317.453,0.8431381009058774,15,1.27715979845358
B0056,88,1.128398212919817,4.182136607973574,2.68848533115398,3.3368543585349384,0.0038620864140458,-1.997069949040176,-1.7684173466123287,14.887028438704052,6.296641349264367,10.349022787330426,2295.109,0.8835215564145633,14,1.27715979845358
B0056,89,1.1066350346531368,4.18160323028519,2.695941959305812,3.3522604662249167,0.0025657471840771,-1.9963789398934428,-1.7117088970464227,14.643769942307395,5.538086495831655,10.403963430415772,2326.657,0.8664812625585936,13,1.27715979845358
B0056,90,1.271609072217319,4.160391647622785,2.6936113374580533,3.3018532294003613,0.0032817318257988,-1.996869636138654,-1.8436644323324185,15.536147821768504,5.589404852949979,10.672589964446292,2479.297,0.9956538514264373,12,1.27715979845358
B0056,91,1.2415767175377967,4.171177372817309,2.6975058053441106,3.3271853602584223,0.0016095782865167,-1.9961823426458585,-1.812029971968896,14.710321906861784,6.148564653472159,10.38887188704922,2463.578,0.9721388968249172,11,1.27715979845358
B0056,92,1.174652904422814,4.179908499745383,2.699681085693745,3.357838197685972,0.0036524763126088,-1.9964302092493789,-1.7201885508327548,14.282705134297458,4.640489034391772,10.084749408390376,2458.812,0.9197383959666724,10,1.27715979845358
B0056,93,1.1989389885187762,4.1812209027547125,2.6932891744671807,3.3341676075284923,0.0027888064901798,-1.997779900696868,-1.7962378329894884,14.735427526864724,6.218879927153501,10.365887906876877,2400.672,0.9387540932391424,9,1.27715979845358
B0056,94,1.1461398965188565,4.180715020333036,2.680335373836448,3.3656652776557863,0.0021193941169443,-1.9975262926757336,-1.7222270467266645,12.986214565204865,6.178865544940476,10.019608551209917,2396.407,0.8974130707109902,8,1.27715979845358
B0056,95,1.129224378671885,4.181433629004157,2.695500756668203,3.365125158092583,0.0021600123104716,-1.997646005572408,-1.6995424040803295,14.020906563644123,4.377429194705951,10.060030313914345,2392.375,0.8841684337693536,7,1.27715979845358
B0056,96,1.1103432888019913,4.173658812188033,2.6916361141573137,3.3750175764348014,0.0015880325830457,-1.9965283091685109,-1.6857958238112818,13.158594712143495,5.017513490360806,9.894806886286888,2373.687,0.8693847787461094,6,1.27715979845358
B0056,97,1.153909472897475,4.1820632868427365,2.6977127849492053,3.344781159371398,0.0027835303868064,-1.997780645919671,-1.7402948082227618,14.942021026324584,5.572372622031885,10.535153782453834,2385.922,0.9034965509364296,5,1.27715979845358
B0056,98,1.1302191455340138,4.18182200740338,2.687276744661873,3.3605010057610825,0.0037933599919961,-1.99655615549846,-1.7346003290908103,13.316711053744784,6.4855111247249,10.116013026114192,2345.0,0.8849473236649902,4,1.27715979845358
B0056,99,1.1258719408034097,4.1819501512020345,2.6980124491519586,3.3538264483941607,0.0038585927044938,-1.9963875537113744,-1.7146209406772344,14.61281089291766,4.439395603649657,10.332244370257053,2363.047000000006,0.8815435172377383,3,1.27715979845358
B0056,100,1.1430108283920968,4.181791330814548,2.6927360739353285,3.341678704653779,0.0031940091638897,-1.9966683821433664,-1.774352624864773,14.205466297575018,6.342042334381916,10.278021353580035,2316.687,0.8949630498674368,2,1.27715979845358
B0056,101,1.1372731775310292,4.173014294511639,2.6899104032044447,3.345641854210524,0.002816327829988,-1.9964442856948763,-1.7619972814702227,13.862516639323273,6.423916307174514,10.263503141787313,2322.0,0.8904705416722878,1,1.27715979845358
B0056,102,1.1290590137779504,4.181882887350109,2.6950189281281465,3.3496423795442105,0.0030133855931726,-1.9969949900194384,-1.72263317090233,14.899199505524647,5.330925832926126,10.452748281670244,2357.687,0.8840389551448816,0,1.27715979845358
