battery,cycle,capacity_Ah,max_voltage_V,min_voltage_V,mean_voltage_V,max_current_A,min_current_A,mean_current_A,max_temperature_C,min_temperature_C,mean_temperature_C,discharge_time_s
B0005,2,1.8564874208181574,4.191491807505295,2.612467347907089,3.5298286688693397,0.000728585272845447,-2.0180146876333027,-1.8187019641679727,38.98218133148803,24.325993424022467,32.572328114029,3690.234
B0005,4,1.846327249719927,4.189773213846608,2.587208728940726,3.5373201277859714,0.002927403359080335,-2.016820542901454,-1.8175598506612867,39.033397966787035,24.685948163596,32.72523522519307,3672.344
B0005,6,1.8353491942234077,4.188186735991303,2.6519168938437794,3.5437367282719,0.0014836763652280672,-2.016573862170142,-1.8164865418840956,38.818796689817404,24.734266163954402,32.64286193755933,3651.641
B0005,8,1.8352625275821128,4.188461118855572,2.592947964776547,3.5436661072601456,0.001547011952723541,-2.0159359571668354,-1.8255891938692528,38.7623045063458,24.652243741292516,32.51487646204882,3631.563
B0005,10,1.8346455082120419,4.188298524761055,2.547419651124539,3.5423432526672167,0.001701454824503414,-2.017425579158831,-1.8261139590277586,38.66539257343368,24.518700434435164,32.38234901543077,3629.172
B0005,12,1.8356616600675495,4.188815807948604,2.5209480504077413,3.5413347346347575,0.0024899497555445145,-2.0162347618032066,-1.8168108743168803,38.75169504640032,24.51442664842638,32.43418218230641,3652.281
B0005,14,1.8351461429226603,4.18839163793879,2.487927319492314,3.5410250495075215,0.002314295882739856,-2.01583310669507,-1.816791144707133,38.8207012322275,24.575581239008407,32.480416444757985,3650.828
B0005,16,1.8257567905665537,4.188927891511958,2.6652049047458775,3.554133296801584,0.002227616056915605,-2.0166395518034546,-1.8443412120754061,38.51713023385634,24.71132429046902,32.41046186109587,3572.453
B0005,18,1.8247738529891333,4.189029250882121,2.6038584726333673,3.5529355991467955,0.005401028321021492,-2.018357230695621,-1.853972745505648,38.526267904657,24.628487294051176,32.3461408313,3550.594
B0005,20,1.824613268496936,4.189223427076418,2.552853984885676,3.5512057319376997,0.0030191479674457028,-2.0160718378149842,-1.8535899338510957,38.52698128472781,24.561560340089137,32.27679750791685,3551.25
B0005,22,1.8246195526864504,4.188916055911241,2.4724483018527317,3.549292319740949,0.002626400189938571,-2.0160713863396573,-1.863380178294828,38.54143406601644,24.43128509546442,32.15709350345252,3530.25
B0005,25,1.8142019357673917,4.189876247266316,2.64956413267546,3.559759220648976,0.00236452370176732,-2.016851865845563,-1.872968810287894,38.52197451768004,24.74037188089418,32.36407129853099,3491.016
B0005,27,1.8137521577549054,4.189286794768804,2.5724981777366227,3.558081969139198,0.0018583785527610795,-2.016393908986775,-1.8826095043160833,38.582485834057856,24.733107699311514,32.3181954403762,3470.281
B0005,29,1.8134404914735822,4.188837765892728,2.5249886697730286,3.555692244172496,0.0022664654273509715,-2.0158117255163046,-1.882536787636365,38.520294134873915,24.44798340505406,32.15709029211502,3470.0
B0005,31,1.8025980036306504,4.189110301768517,2.694621861688723,3.562746818017503,0.001319946437255823,-2.0193509920362724,-1.8817935155260215,38.21358592965045,24.463097121123557,32.04407000314609,3450.297
B0005,33,1.80210690024615,4.18921207304098,2.64010141737067,3.5614521756489204,0.0030782527761262007,-2.0164420273602586,-1.8921861285036712,38.1983618706913,24.32051139249706,31.931593674911532,3429.407
B0005,35,1.802579500826209,4.188899969428112,2.5739035098380962,3.5603420474985823,0.0009018486465400538,-2.016465255161054,-1.9027629207037406,38.31926916027133,24.357321702352365,31.941655359029298,3409.484
B0005,37,1.8030683142834096,4.188779799856791,2.4942396831720126,3.5591189041401865,-0.00044812397487015555,-2.0181069603406625,-1.9133470605822436,38.4787542519308,24.382419922756025,31.965008645476725,3390.422
B0005,39,1.8027776247196041,4.189272591516219,2.4556793246645583,3.557886771846508,0.002337558709004184,-2.0170254305215485,-1.9131602105481538,38.54659017774874,24.355030419469987,31.966241678512723,3390.281
B0005,42,1.8470259949329193,4.187614060563439,2.632142800798914,3.5520375235511907,0.005955165804640151,-2.01684718332263,-1.8553455745575975,38.44749852224995,24.549424447285215,32.37143341978575,3591.734
B0005,46,1.847417311283644,4.1876287811083985,2.5027764692056795,3.5525668436897124,0.0016182635202416972,-2.016190951623346,-1.8746995273150975,38.992275791716615,24.917503693363493,32.70024990461686,3552.297
B0005,50,1.8361774213478947,4.187447226312926,2.617507742871704,3.556794038327039,0.002519215784369448,-2.016760348146938,-1.873827212788385,38.51424197364312,24.56596639952811,32.32266411829938,3531.578
B0005,54,1.8257807475776242,4.187344026387161,2.694074478000972,3.5614100044534203,0.0037933120349866447,-2.0160230713598764,-1.883193546754683,38.165816144899125,24.21658146702539,31.98795810666763,3492.907
B0005,58,1.8251136435078368,4.187438187636325,2.6237674644021887,3.5566107947817986,0.00343888873867598,-2.01719076462715,-1.873239184822504,38.16526203587147,24.054990657817566,31.894456524691385,3511.594
B0005,62,1.8255815042203762,4.18774138117799,2.5010798299873738,3.5586742170266272,0.0012614422239159216,-2.0161148625656655,-1.9139593751505897,38.27549578575718,24.024851602995685,31.78039681801023,3431.9370000000054
B0005,66,1.8140311275083907,4.188261122540052,2.6849988185249796,3.564103182686905,0.0031353992245556606,-2.0168636304742815,-1.9030532722310995,37.982160799183106,23.93622764909489,31.688747146342205,3431.125
B0005,70,1.8147691941158939,4.187338767288234,2.547109116468133,3.559588063594272,0.0011043615738374486,-2.024643671910137,-1.9134590742247914,38.11100191887773,23.811534187517502,31.596747992569153,3412.406
B0005,74,1.813969388710352,4.187560306288175,2.471314764334132,3.556833231052199,-3.060676830687782e-05,-2.017291134571006,-1.913620909902553,38.18831137948753,23.754765330883426,31.565586498787077,3410.688
B0005,78,1.802765665167823,4.18805176248713,2.6613903306108773,3.5624410850948944,0.0037901043107805275,-2.01713712589233,-1.9025819745719061,37.998541119085836,23.79410930748377,31.59124667045208,3410.718
B0005,82,1.804077040117352,4.187667484260542,2.541762355407921,3.5591407106855666,0.0006901740069088986,-2.0159460285100574,-1.9130621638638965,38.194201649765226,23.801300986918452,31.603485399391182,3392.719
B0005,86,1.8518025516704486,4.2010701773378685,2.628919415830567,3.5573161327793144,0.0008475435827522827,-2.0167372379007014,-1.920618117118412,38.45796400011448,23.78129749955371,31.91556385491565,3470.672
B0005,90,1.8307038456739428,4.1996223345495824,2.6312552691827045,3.561870782772737,0.0011650883880798665,-2.0183057226929555,-1.9298830859597569,38.49126351534004,24.2036410699716,32.081128118597164,3414.109
B0005,94,1.8199041089501267,4.199853323702163,2.654880745360911,3.5617586337260088,0.0019472390588109682,-2.016579511976592,-1.9293005284805407,38.31473393357882,24.00078927251757,31.849792632896243,3395.219
B0005,98,1.8093079637028517,4.199103467081427,2.6749688422803803,3.5597307651083123,0.0018372947715281892,-2.0193879194408373,-1.923330987770314,37.861934640176806,23.53999092882516,31.465690433362017,3386.0
B0005,102,1.80460990458052,4.199998536865001,2.6159705726789904,3.5575937553540915,0.0074961910680886356,-2.015814483813837,-1.9284469980320087,37.90665575786083,23.566095747572557,31.40934895665031,3368.187
B0005,106,1.7993770651972192,4.19967522099872,2.658447162110498,3.5597237883937995,0.001392374886299951,-2.019901495893039,-1.9231439161693824,38.34003238560517,23.9730227457941,31.902247475518077,3368.266
B0005,110,1.7884432335370462,4.1991847248803165,2.6979426084271156,3.559061771422033,0.0025753372180031702,-2.016522387288751,-1.9170149640438081,38.0745950590744,23.755161868961988,31.649024294808623,3358.719
B0005,114,1.7829230484252723,4.200012480335,2.6617272246516333,3.557015527748059,0.0011747056452339859,-2.017112121704317,-1.922048805055383,38.07252758016199,23.51454265913581,31.48874626238971,3339.5
B0005,118,1.7730337158018288,4.1992373656547874,2.699288287625812,3.5562481933590964,0.0023816748049826563,-2.018009988339822,-1.9162302821549877,37.80133585100446,23.27146353182613,31.329995610092634,3331.265
B0005,122,1.773037755078937,4.1993957811187075,2.6127932408838532,3.5532756526091784,0.0021374370347549054,-2.017724236336294,-1.9220800182578983,38.39873985476869,23.439367870877128,31.569551201845574,3321.188
B0005,126,1.7678721106662054,4.1995786980260705,2.6637064901468075,3.556266431640255,0.00151986195803867,-2.016792488625222,-1.9162417890311958,38.74929237918251,24.020578317587123,32.111426258867944,3321.844
B0005,130,1.7623150704093087,4.199546957512695,2.6668454289754746,3.5563095420140822,0.0018244735178706453,-2.0172551326315866,-1.9158809823517762,38.87275464755104,24.256086319320033,32.271676011112376,3311.828
B0005,134,1.7676172924938447,4.194091469340824,2.684431051981017,3.558950851054106,0.0005228307091433465,-2.0159457514475405,-1.9114406265753041,38.503541429116005,23.99270220171187,31.842291659678658,3327.391
B0005,136,1.762668359743147,4.200715235801255,2.645224362345869,3.5534418211598053,0.002427106886628309,-2.021877555086194,-1.9158166997544155,38.27009094548294,23.826487051861594,31.759815453754253,3312.078
B0005,140,1.7517304870664143,4.1990980807180325,2.6603527244917,3.5510121537420285,0.0006158711833322257,-2.0169903181968984,-1.9151304155635374,38.11684755251712,23.348558306380394,31.41911167391793,3293.172
B0005,144,1.7418496047960008,4.199398534411534,2.6926849789916263,3.551317608213948,0.0008035192993614022,-2.016185456554963,-1.9148485784393638,38.04152715355532,23.236214188565974,31.331626572312267,3275.328
B0005,148,1.7360913511847138,4.199122915612965,2.670544734728978,3.549003180550162,0.0014889451776809062,-2.0170647431651068,-1.9144128654409127,38.17980302242767,23.214801785728056,31.35934131425137,3265.016
B0005,150,1.7936240148573608,4.190409478081396,2.605158060541757,3.5597648340955175,0.002493114712392233,-2.0168134548386294,-1.9388813849818083,40.71218198711114,26.647373946169793,34.31088483888259,3328.937
B0005,154,1.7831890223273275,4.199933846791869,2.672012007453096,3.5623454342368555,0.002858970104521588,-2.0165540953857675,-1.927509725704535,39.885261233152924,25.69911743242072,33.43585640373788,3329.266
B0005,158,1.7673642076278957,4.199365021329158,2.674271233724938,3.558336657621618,0.0012369720338688353,-2.022483480851903,-1.9267185977839403,39.18287352945846,24.833281081823134,32.66698125020078,3301.579
B0005,162,1.7570177850353066,4.19902365945384,2.6309416727017187,3.554013138622869,0.0027115029184951785,-2.0168041459037114,-1.9261308349663746,38.951564804030774,24.361616832363048,32.28423408691397,3283.563
B0005,166,1.7468706179837907,4.199432142144215,2.6629725743154204,3.552376095886298,0.003127245831423531,-2.0172800396238526,-1.9202346781375206,38.607510759873634,24.019157444608588,32.00739178780946,3275.125
B0005,170,1.7417172507457144,4.199640922827531,2.612942119873717,3.549618661283733,0.0012894534058489268,-2.0159193745006387,-1.9201011498853633,38.920359903369054,24.006646494284762,32.06387071886056,3265.656
B0005,174,1.7364225056478186,4.199305653118061,2.6157198442661476,3.54938103086703,0.0010352326876111328,-2.0206059195730015,-1.9144278105456467,39.23273115358871,24.328038456694348,32.43754560319043,3266.093
B0005,178,1.7263217239235826,4.198949734540481,2.6287695472774453,3.5472118680418956,0.002141440621650397,-2.017554048083073,-1.908340706503589,38.964927068400804,24.121591093765634,32.16809876635083,3257.594
B0005,182,1.7158065389330133,4.19834220599025,2.6655106679421823,3.5467052098640246,0.0017702200905978112,-2.016416703030436,-1.902207182631691,38.83927283461771,23.971565610462942,32.05752645824972,3248.593
B0005,186,1.710533351135192,4.198995776266302,2.650495153350403,3.544629653883431,0.0014307662327893813,-2.0170229987437884,-1.9020484449938713,38.82796377704433,23.83541998401671,31.975920928072714,3238.766
B0005,190,1.706014499648521,4.19916986492694,2.643236235233877,3.5436291614253204,0.00490119980676573,-2.016783933430818,-1.8964907679062355,39.14007944734004,23.956923878018035,32.21689335291319,3240.14
B0005,194,1.7003110272642588,4.199246833083063,2.656450207001938,3.5444946147995258,0.001796424269077256,-2.0199829306240713,-1.895971437908019,39.349611598028886,24.465118009505925,32.55632993697177,3230.109
B0005,198,1.6945798601797895,4.1992551886401595,2.626177688152069,3.5409201846556857,0.004899013626111221,-2.016448312230377,-1.8899648799839277,39.29444535878087,24.267851748683743,32.40048085325998,3229.7810000000027
B0005,202,1.6849029086609286,4.199610827671791,2.6582230344240045,3.541195668799061,0.002434406743192847,-2.0264654916334726,-1.8893703824420507,39.10487658009542,24.14386556947967,32.29371860868794,3212.469
B0005,206,1.6744741591159717,4.1994453812630566,2.695100237338448,3.540671044783382,0.0014513205321675263,-2.017330650607364,-1.8776883243431417,39.0462609369598,23.934085583884677,32.136071448067796,3213.219
B0005,210,1.6745692479879102,4.198991968341307,2.639091813583503,3.5376048790268775,0.005933998461667336,-2.0225787607034706,-1.8831065986697755,39.398032192832,24.080595341823642,32.38268549723498,3203.578
B0005,214,1.663716375981405,4.197785116892181,2.6857210282450983,3.538422485261741,0.0034449440902895195,-2.0158674131052456,-1.876359921441716,39.10678394120843,24.428816535813286,32.30899951427637,3195.125
B0005,216,1.659013868748246,4.201331130571617,2.69017866510873,3.53928626988912,0.0012286208011475699,-2.016878594815316,-1.8709550260104437,39.44448954135193,24.3288116844709,32.56636929496716,3195.3129999999946
B0005,220,1.6538540573335014,4.199339974904826,2.639895313359579,3.533690170241391,0.0006759557151863035,-2.0190191551299326,-1.8705599868289542,39.509602016775695,24.124885387020978,32.46542951751835,3186.297
B0005,224,1.642653782130131,4.198916244859707,2.68991452927918,3.534367734544495,0.0017286665299136564,-2.0179820220655023,-1.8640049795794804,39.334865362245324,23.980294072799666,32.347056454418095,3176.438
B0005,228,1.6378578430223698,4.198537488587242,2.65935818848874,3.5312941932103548,0.0008822013179447034,-2.0158401305926343,-1.8636932149873204,39.43723270017243,23.969183667109306,32.371538940646154,3167.593
B0005,232,1.6327350407099108,4.198943932259475,2.6657030585650423,3.5309134771684274,0.0032196054196979183,-2.0192083553177325,-1.857820396301907,39.51375235624076,24.037074564457942,32.45549347979197,3167.719
B0005,236,1.6277528915533617,4.199579806494986,2.642986759012803,3.5287226893409893,0.002329222708757339,-2.017754065523427,-1.8572160981955346,39.60170302810528,24.074008046047823,32.50017194695606,3159.077999999994
B0005,240,1.622125485521159,4.198782234828033,2.6311169118893036,3.52625493581969,0.0036382151418645234,-2.016206764491147,-1.8568340008006827,39.687463597582074,24.043536678896338,32.50100298369444,3148.829
B0005,244,1.6113256603765849,4.19910517813207,2.696157404617167,3.528684324337005,0.002409343074541808,-2.018425729441905,-1.8448886500218815,39.53535075538898,24.007622451152475,32.4728927422438,3149.094
B0005,248,1.6065631397488385,4.198510853141954,2.6667596238241567,3.525556939424901,0.0018183081167425818,-2.0200094988659028,-1.8444180038305806,39.6502371632164,23.99346277596251,32.50480154634882,3140.547
B0005,252,1.6015142233917594,4.198732430468704,2.6403185448373043,3.5226805646793737,0.0023945547129780136,-2.0160906793454063,-1.8438790389835118,39.69929058154853,23.977316018708777,32.51218336210202,3131.625
B0005,256,1.590369231400328,4.198799630396931,2.69892986372897,3.524673458789008,0.003459179478904217,-2.017218805788003,-1.83711254029409,39.56076309770468,23.92726467831658,32.45692821941515,3121.907
B0005,260,1.5857889968242211,4.198753541225669,2.6682466504352993,3.5213155754526824,0.002911553978859486,-2.017576881832417,-1.8315957075983758,39.63708096307912,23.878754027011194,32.447059186431154,3122.125
B0005,264,1.5849430707374117,4.200309982421394,2.6479207279724903,3.51803386486462,0.001691287375631991,-2.0163186530776205,-1.8311195242792309,39.43977047692484,23.90454749592773,32.32889654966259,3121.672
B0005,266,1.5955263892495937,4.201124089732316,2.6741633856529066,3.5236841955396794,0.0031344620126884833,-2.016322017667326,-1.8432799764914718,39.839022256254516,24.472949639670766,32.84488475360107,3120.86
B0005,270,1.5747301747801037,4.198150316653697,2.6892528956736257,3.519146638240668,0.002214915830402201,-2.0160583834613157,-1.829798505957538,39.41794949618613,23.81400684876703,32.31731555011648,3103.828
B0005,274,1.5649019950937946,4.198524048997099,2.688809122993162,3.516233648608237,0.0026959062866318295,-2.0176016183677974,-1.8236746835609148,39.262781682151214,23.405971076202263,32.06376130177751,3095.094
B0005,278,1.5597659473370362,4.198840869468569,2.6743555987897745,3.514773138461639,0.002592567167286657,-2.018404141903304,-1.8176720770210877,39.47237839941986,23.504268200620626,32.21997626855924,3095.781
B0005,282,1.5594815668184234,4.198119631667182,2.6430294964336345,3.5132992979150073,0.0015197601976623138,-2.016777852675889,-1.8179238657973993,40.037541469513684,23.986241979219916,32.7120225448885,3094.328
B0005,286,1.55468935359061,4.198320288264955,2.6584858447131823,3.514484830704665,0.005375811737933425,-2.019500858990014,-1.817160673909645,40.142730162011574,24.332016492731967,32.945022147355694,3086.531
B0005,290,1.5488741079890418,4.1980467610750285,2.629782173759164,3.5109677353595243,0.001299695920075446,-2.025028692484549,-1.8110297241968543,40.1165626728546,24.210935532035016,32.857549597381336,3085.625
B0005,294,1.538236598942558,4.199047008209673,2.6622967647315545,3.5109358749578012,0.003654247255878711,-2.017188769565156,-1.8094435644526072,39.87503330866132,24.000424305912805,32.629663328789654,3067.203
B0005,298,1.527914258251028,4.197669918520713,2.682380966742509,3.509393098217416,0.0013741929346254653,-2.0203529496154493,-1.8026537331443495,39.61961987024145,23.66809609847637,32.379859014262976,3058.157
B0005,302,1.5285252629756445,4.197600624105256,2.6401894768922713,3.5066782411556563,0.0020536118932937353,-2.016749317444538,-1.8031542757366414,40.067324667444815,23.845674209557426,32.68215852457039,3058.812
B0005,306,1.522647325284378,4.197985718630326,2.693769409137257,3.5109885623008092,0.002233821019065787,-2.016964364118414,-1.7965666438696486,40.24716716520102,24.23969113753901,32.99387423636739,3058.578
B0005,310,1.5174859938489869,4.198164128530042,2.695787450704935,3.510305462695178,0.0029663849324865874,-2.0177154474110517,-1.7959771394311956,40.30253125568348,24.30453859448875,33.04539707211165,3049.328
B0005,313,1.605818899130659,4.222920057935785,2.6920548172137724,3.5222215314850214,0.0015450426899526494,-2.017087516284557,-1.822916991757235,40.09418103142496,24.112523495131093,32.856295641052824,3177.219
B0005,316,1.5638491446744425,4.200423045909808,2.629071246219689,3.5163492154331264,0.0029495288044011506,-2.0177115857667665,-1.8294275689587538,40.52238496316615,24.719311536144843,33.33950238056361,3082.937
B0005,320,1.5480915247767786,4.198372063670128,2.631343871050918,3.5134397623234963,0.0016903309192767824,-2.0160877086861952,-1.816317296828028,40.56886357314186,24.73538913848975,33.35156485472646,3074.266
B0005,324,1.5323755631868592,4.198353213898968,2.6983970036642315,3.515137522009075,0.0017335297510131795,-2.0174325692631547,-1.8033689952639713,40.27804845768325,24.494140877553082,33.147486361012966,3066.0
B0005,328,1.5269528268489705,4.197873789078739,2.6338485871981514,3.50830390643132,0.003201402568771493,-2.017976023705107,-1.802670753119494,40.2921849196155,24.254986942423244,33.007275861749356,3056.437
B0005,332,1.5169573017136326,4.197955644238241,2.671566207861818,3.509190808443004,0.0012207622759792553,-2.016684455267326,-1.7958941337499832,40.184384347174266,24.1488106351578,32.91990812745461,3048.219
B0005,336,1.5118975960142693,4.197918434710392,2.6540810507928123,3.5068097579555353,0.0027177292470912523,-2.0185074328810417,-1.795344963527795,40.320066232195046,24.205952380559673,32.99903328622305,3039.218
B0005,340,1.5065638960681105,4.197739340034368,2.656849703962618,3.50609090727422,0.002966026743767936,-2.0206154364574687,-1.7893518988259454,40.336505612651585,24.228213693022468,33.03772281691292,3039.047
B0005,344,1.5015453526671363,4.19785490446139,2.6363048614501152,3.5037157727265953,0.0019690360203288167,-2.0174212119307557,-1.7883879159763685,40.43267631588412,24.25745983903501,33.07740307192613,3030.375
B0005,348,1.4908444050400238,4.197306756122815,2.69951692300468,3.5067479961367156,0.002722369357879482,-2.0224772834102507,-1.7815447770741009,40.314538591575015,24.228985806758885,33.05467981523988,3021.0
B0005,352,1.485868384561201,4.197528212001444,2.698216006032282,3.5058813026542324,0.0006217348755526608,-2.0179249554704706,-1.7753115642966961,40.386661855917744,24.27409668200787,33.11570360624461,3021.75
B0005,356,1.480413677976106,4.19743662221161,2.6911707598773864,3.504168333530808,0.002574506411845257,-2.018486701026112,-1.7742377662318358,40.43384612547835,24.26045465629052,33.12942148982364,3012.265
B0005,360,1.4752095869031632,4.197717228550219,2.690162319231471,3.5030568931470634,0.002304044135428048,-2.0172029187594718,-1.773860289771637,40.44479269068758,24.246954155128837,33.130681310493344,3002.641
B0005,364,1.4859035988304024,4.192454851360723,2.6355034454892072,3.4982324882487936,0.0013818757062667917,-2.017032616337778,-1.7809702419814517,40.58499656066617,24.337824191545764,33.20069210329718,3012.0
B0005,367,1.4960918298136696,4.202845001527377,2.6594753656507684,3.5065859365661325,0.003790346438351921,-2.020648432189961,-1.7879098523188452,40.99869158762305,25.05068794027295,33.78697527817091,3020.11
B0005,371,1.4808005946928984,4.197952808231904,2.644554999824577,3.501457140697961,0.0029141195307161565,-2.018056806197647,-1.780229415660985,40.997807625227495,24.845214918132577,33.673365085761986,3002.172000000006
B0005,375,1.4697543268466824,4.198017952345714,2.6719601666204564,3.501658387162809,0.0007844165488200334,-2.017916668624779,-1.7731015168894209,40.84213757482493,24.68293151974539,33.535818118317145,2992.703
B0005,379,1.4539012274845928,4.192162800008929,2.6598211033173382,3.4966186408455298,0.005446235642757207,-2.027591717224413,-1.7705879947441516,40.69012464267011,24.442107279152207,33.32269982188509,2964.468
B0005,383,1.4541462067235693,4.196993378341778,2.688360455508818,3.4991645719433246,0.0015596672777035013,-2.017344770444764,-1.7600629827474803,40.69938049882204,24.375162099510042,33.346230327490304,2983.375
B0005,387,1.455023751906683,4.197603515102162,2.6376728619288525,3.496080777360074,0.002686593832583876,-2.017072416845675,-1.765575132998529,41.06026204078849,24.70475717255037,33.64948900485925,2975.297
B0005,391,1.449042163761236,4.196406678544622,2.645120521151077,3.4959014526387993,0.0031991265142638165,-2.0179388823247932,-1.7588271887545277,41.19696040482682,24.851431185422516,33.79269513542102,2974.9850000000006
B0005,395,1.4386709371480566,4.197098662004674,2.698012437629632,3.49758697990267,0.003781794323562663,-2.029098489464331,-1.7516428147438297,40.84446688602949,24.582992198113057,33.52446663707275,2966.25
B0005,399,1.433445432156979,4.196909312093871,2.6928942772989077,3.4956989619989507,0.0013123608369275883,-2.025048878675005,-1.7513097768253418,40.764203830749366,24.38167771883123,33.39042251934235,2956.359
B0005,403,1.4333958900838095,4.197105220217278,2.6483923655058113,3.492875380810072,0.0017334904566314662,-2.0170494375017745,-1.7511840784846122,41.11212504270441,24.640411065560848,33.67370212742761,2956.344
B0005,407,1.42806487344776,4.196244829545076,2.6832134764261997,3.49551076423368,0.0022931157457021885,-2.017587381204539,-1.7446206812145286,41.27256611507568,24.932873139487384,33.91080564765892,2956.406
B0005,411,1.4229203181741186,4.1968026018066595,2.684960445221862,3.4942333590450834,0.0014033494395084456,-2.0245398824990146,-1.7436362428649814,41.15574924454392,24.80325379769347,33.7850680599871,2947.266
B0005,415,1.417429032731308,4.196227405416926,2.669922120529456,3.491197414255986,0.00328323198086081,-2.01689808000431,-1.7425325036061032,41.03237216951879,24.578577776974136,33.61126807392732,2937.984
B0005,419,1.412409228794446,4.196558172556389,2.664105530655056,3.4889094081576237,0.0026192373361047815,-2.0197651300783948,-1.7419837011363046,40.937269906716935,24.354940329833727,33.45598581472246,2929.125
B0005,423,1.412578792940193,4.196870541112335,2.634098605983684,3.487376295811431,0.0010338439367061337,-2.0182280835485455,-1.7421680980861822,41.240704611971786,24.616751003686066,33.723267448788484,2928.454
B0005,427,1.4075983731469897,4.196795527524874,2.68378702970616,3.491994243745711,0.002279801917616979,-2.0178512019397976,-1.735841378420618,41.43649987692296,25.013633898401757,34.050076369857344,2929.375
B0005,431,1.4333920485221476,4.189287343772767,2.660031949282934,3.491585878898649,0.0036040078454246437,-2.017223089332264,-1.7567879869499758,41.16703904201915,25.159494190646395,33.889346908026745,2946.031
B0005,433,1.4382550176792908,4.201144545237731,2.650011641082063,3.495576227046425,0.0022668920626443224,-2.0257290511470427,-1.7573176114092575,41.36216559728765,25.21215090210571,34.067648550088656,2955.438
B0005,437,1.4173547174485526,4.196925753814179,2.6936969083341418,3.4938988589692483,0.003419658941394484,-2.01734921830549,-1.7427628393326555,41.02198772703674,24.8439113089274,33.75168100943646,2937.625
B0005,441,1.406981663677643,4.196901090271507,2.697073130067154,3.49159162968384,0.0025963216962809578,-2.016959683770622,-1.7352637407600366,40.78818812957494,24.47190444990649,33.46482299584788,2929.078
B0005,445,1.4012037783587625,4.196688955833435,2.6806995515145213,3.4885729299834787,0.002009419144474731,-2.0173176445033945,-1.7344350518111926,40.81506138506309,24.335820690902352,33.40210697922146,2918.375
B0005,449,1.3967008232726328,4.196339302740304,2.6695398084864568,3.4869021151089825,0.004647788990613573,-2.0174893103299003,-1.7280392046289716,40.858374219876424,24.324432889352373,33.410688917712235,2919.812
B0005,453,1.391284788852726,4.196181412764837,2.671695307817951,3.4855485210036417,0.0022916013939350667,-2.0162082324346313,-1.7326888725308258,40.839876773287166,24.27764742305546,33.38984948261314,2900.422
B0005,457,1.3862287677978349,4.195770804194879,2.661289185949965,3.4838912547260388,0.002276420033202403,-2.0178551648279797,-1.7260735249920125,40.85376069244676,24.239023397259928,33.3700433438796,2901.375
B0005,461,1.3804366761974138,4.195456241846729,2.667817533540102,3.483198941484065,0.0016756334707971991,-2.01649929452358,-1.7195393742714093,40.74795214258888,24.12349712975845,33.27215987470977,2901.187
B0005,465,1.3752364150256224,4.19654355365607,2.684008069130594,3.4836274447098883,0.0022384407354535305,-2.0162911974216766,-1.7185829844462923,40.68794001196382,24.053006415445992,33.222444215660225,2891.64
B0005,469,1.3705128024895008,4.194357133255019,2.6585256208771644,3.480172442538601,0.004913397668118928,-2.0164165307282076,-1.717672415155695,40.7810749453613,24.058082195374322,33.26207748383125,2882.906
B0005,473,1.3705085566270399,4.195863681881766,2.6372250579822927,3.478452148610975,0.001179478056536671,-2.0166833595676397,-1.7177080769362936,40.88159339768709,24.086387020526896,33.312029905516525,2883.265
B0005,477,1.3647355108681518,4.1955845546644195,2.6514257735606432,3.4785782556105507,0.0025249486819050103,-2.0156447128046424,-1.7109669363015376,40.81191473576834,24.008188700976785,33.25287943255863,2882.969
B0005,481,1.375392016895762,4.188483624251573,2.676384659108382,3.4825195584604582,0.0023505638634883142,-2.015672372070857,-1.7184206130755166,41.11793533148924,24.719545529723796,33.745054045019884,2891.656
B0005,483,1.3861115151535393,4.200346502821317,2.6949138502817815,3.4886823636752826,0.0021180176276842364,-2.01575998810726,-1.7260471943596487,41.248795355864885,24.843079939814473,33.88841975386692,2901.25
B0005,485,1.3698500035838939,4.1981749992980655,2.6973343716306273,3.4858502383832755,0.0015018865835744713,-2.016014837696764,-1.712021613408506,41.16242984455477,24.576580515525826,33.7353756996425,2891.703
B0005,489,1.3647827949260758,4.195715092938243,2.642540259937964,3.478794177297151,0.0014907630238953716,-2.0165238233233063,-1.711022510206629,41.16437554618679,24.340286688400784,33.59131052719714,2883.016
B0005,493,1.3543220466259964,4.195755769877104,2.699226257883075,3.4812826020756744,0.002981994184247595,-2.0182163733141314,-1.703421414006958,40.864216180205034,24.03013803682012,33.32366688599416,2873.453
B0005,497,1.3546417018378962,4.195911764444989,2.676480329780849,3.480352041587074,0.0015383602403595874,-2.016150778973011,-1.703574708739156,41.25434553511566,24.392658600566655,33.691961507697364,2874.031
B0005,501,1.3547039213192407,4.195824004004723,2.642142168479886,3.4781127815565127,0.0030940952671648994,-2.0176181286216193,-1.7034912994217157,41.45023191903855,24.647812199908287,33.887639684793655,2874.234
B0005,505,1.349314997503458,4.196258226051591,2.644725254926797,3.4765867130506125,0.0056941514906116535,-2.017297732143782,-1.7023383270190764,41.27708509224051,24.39982529977077,33.67308060941856,2864.984
B0005,509,1.3441891937970554,4.196612664794988,2.632270655366611,3.4733769291841643,0.0031481012336326926,-2.017223266913469,-1.7014238498912502,41.064605154983276,24.071743981632668,33.411988203265814,2855.093
B0005,513,1.3389913790695755,4.195850781215982,2.6391006118876117,3.4726366397371127,0.0017629793721903892,-2.0197342717689364,-1.6950436046971957,40.99284868101728,23.873389284419225,33.29926524979532,2855.625
B0005,517,1.3389145230206971,4.1960023929619235,2.637841830893275,3.473439372740961,0.005009392491167575,-2.016896104476736,-1.695057731610264,41.29040553417739,24.168977704033605,33.59980731390034,2855.594
B0005,521,1.3340066759761655,4.196207586734141,2.668286095904868,3.4754777099091454,0.0025365511428236684,-2.0199925086996786,-1.6937809113323188,41.22740227746052,24.28428480579148,33.61961195858585,2847.437
B0005,525,1.3286444309174914,4.195534582569042,2.6490198126838553,3.4722884821666766,0.0028787153794497824,-2.0167450744074586,-1.6869434054016965,41.04619550953222,24.00593985304127,33.3945201718652,2847.36
B0005,529,1.3231708992276219,4.1957439573980455,2.664058512378051,3.471373665098864,0.004270068564987734,-2.0163628111205263,-1.6860649112944592,40.85874389007758,23.715060546682704,33.16734508187535,2837.328
B0005,533,1.3181691588445197,4.19586805747139,2.6883611693898826,3.4726160162875095,0.0023204014455349238,-2.0162121238671036,-1.6795829780331424,40.79196924883506,23.563561594833335,33.10962161613893,2837.281
B0005,537,1.3184664436640334,4.195347750909715,2.6869753836302124,3.4738146874457896,0.004169727934917151,-2.0168197393548124,-1.679793840292355,41.14127834456325,23.955208980751504,33.46501751186519,2838.515
B0005,541,1.318293040102702,4.196065828878837,2.6507536817766586,3.4701426486639693,0.0033179608221933095,-2.0187637742643867,-1.6851739865098712,41.14429319149828,23.967802824849826,33.4426191014044,2828.328
B0005,545,1.323872422244268,4.184534803011309,2.6646322789106516,3.467523652225441,0.0021406905839278507,-2.016191969154752,-1.6863812036302581,40.66184230912503,23.58968747789601,33.037928170775885,2838.265
B0005,548,1.3601216766554785,4.201240476440081,2.6400211837268666,3.4767525840839255,0.0028823561171506806,-2.021651287065962,-1.715777469309528,41.046694544970684,24.237681569505874,33.4949493613756,2864.547
B0005,552,1.3395306867947354,4.195703567262997,2.674198661305034,3.4758956827369127,0.0024155477323689854,-2.017592416950431,-1.7007216920098716,41.0462053156659,24.167374158398008,33.491363029025784,2846.39
B0005,556,1.3290286565120697,4.195744519551191,2.696427051131168,3.475812179626641,0.004008579519805372,-2.0171105982760715,-1.6928138295817332,40.868302643225604,23.987394863111092,33.329808599922345,2837.969
B0005,560,1.3236741274998955,4.196363050482315,2.6928340297696836,3.4746554404904435,0.003616989953114752,-2.0165753451036377,-1.6861104874993165,40.85283588259973,23.87546148452671,33.27302769298771,2838.156
B0005,564,1.318633896753293,4.1957929878569455,2.681747855329962,3.472301781313945,0.0028522205733032915,-2.0157688095228656,-1.685043785043406,40.85270645265791,23.800482246729,33.229879126701434,2829.843
B0005,568,1.3134751321324272,4.195797286482793,2.696791414385091,3.4729305773503527,0.0012910201456034266,-2.016274841649268,-1.678524839793589,40.8263251809212,23.75244046991811,33.20860833999321,2829.625
B0005,572,1.3132020634442203,4.196349384378125,2.664695973142795,3.4696192030612285,0.004289580699201413,-2.016821101865832,-1.6839115230941766,40.90308836809665,23.770683336009036,33.236115055926255,2819.437
B0005,576,1.3077959946944353,4.195609431921248,2.679191623358613,3.470018470757559,0.0019608791198133632,-2.0165933442123594,-1.6773783325850857,40.84337405460518,23.69874029857621,33.18660088296571,2819.579
B0005,580,1.3030329186405918,4.195339917236225,2.699983457940659,3.470762691935287,0.001890284329441244,-2.018075144841628,-1.676425373206175,40.81792110626284,23.681325932299053,33.174058099115534,2810.672
B0005,584,1.3033573559038205,4.1954020570061195,2.666300786624286,3.468111467035994,0.0024103529115243262,-2.018091528339797,-1.67627880896028,40.946993847659506,23.748579260944844,33.253984518546055,2811.485
B0005,588,1.3034100438655642,4.195685302232799,2.6308501373847837,3.4648625780221494,0.0043239362691777465,-2.0177167019715503,-1.6817992883033976,41.074938058306316,23.789078897860136,33.3198093248819,2802.422
B0005,592,1.2978870806495706,4.195561297751176,2.673348140468748,3.467864133752208,0.002138526794169908,-2.0160479224870884,-1.6750812261110137,41.02476444658572,23.827460066666994,33.33765795318198,2801.625
B0005,596,1.2980735056918902,4.196066962029683,2.632763831012711,3.464021404592563,0.0014821450901276818,-2.017067096348242,-1.675366426273468,41.06214198725253,23.738230385656273,33.29076744042025,2802.031
B0005,600,1.293463613844243,4.196640912532072,2.6687371180046218,3.4664623858156745,0.0016645655980570856,-2.018208092691312,-1.6744879201095209,40.98366325567302,23.73611267134457,33.27568841807217,2793.39
B0005,604,1.288003392619118,4.1956235749123225,2.696396337945361,3.46850906693551,0.0026884191804450396,-2.018933300007017,-1.6674467270234996,40.98234242711097,23.80026564355092,33.32067807371405,2793.39
B0005,608,1.2874525221379407,4.195862008850563,2.6794834862925194,3.466806213058136,0.0026918488897051404,-2.0237906818969758,-1.6674702882406252,41.06375085817118,23.849121770252687,33.37314972896719,2792.485
B0005,612,1.3090153642307354,4.18482689434833,2.6787137407179737,3.471070722008039,0.001335599326393533,-2.017308526034403,-1.6888978346592105,41.047029587744966,24.92195746617458,33.71351889594897,2802.016
B0005,614,1.3250793286429356,4.201968615940368,2.655378369801326,3.475472204020004,0.003306917134878647,-2.017696449416675,-1.6979281889133206,41.051007697556734,25.09329713312876,33.86531768239223,2820.39
B0006,2,2.035337591005598,4.179823027658306,2.4757677568281857,3.556946061827572,0.00043376246575117864,-2.015537581193984,-1.990533350635129,39.16298653238707,24.27707330832413,32.142777859921516,3690.234
B0006,4,2.0251402460314116,4.177288238505559,2.35152551190002,3.56147580138708,-0.00020764608327879694,-2.0149020169266376,-1.990277542145709,39.2462026826329,24.63823886086074,32.29307515705474,3672.344
B0006,6,2.013326371345464,4.1781213228922995,2.4404797151065436,3.5667524696413215,-0.0006575492150127537,-2.014434345552428,-1.9899467848963859,38.999202460252846,24.704057719023776,32.24414709253608,3651.641
B0006,8,2.0132846655407413,4.1785623580417175,2.4791558539003917,3.5687953371516272,0.0001981188152475248,-2.0142051662535234,-1.9896009282099438,38.843627771866515,24.648384924528084,32.14711742429942,3631.563
B0006,10,2.000528337624771,4.17824995156942,2.280187848173442,3.563970503289941,-0.0011423311186216645,-2.013995769332238,-1.9895483606575701,38.97798888258284,24.634206199911688,32.06687277315468,3629.172
B0006,12,2.0138990759931645,4.193216523251186,2.4392842568466446,3.5735512387791406,-0.0015410535505561715,-2.0151519685741275,-1.9901040351037365,38.83989920742278,24.343399604359956,32.03447836207717,3652.281
B0006,14,2.013101105626967,4.193732603145628,2.2812068449406446,3.5711391343785897,-0.0031490941234930576,-2.0145081864690626,-1.9900886222380372,39.04610837498471,24.430946389444678,32.11157496697372,3650.828
B0006,16,1.9687898262728398,4.176826628115461,2.366410527029613,3.5681507462163036,-0.0008455879137331849,-2.0146816699579064,-1.9891170520197212,38.87507521022778,24.650435471431692,32.112576242471775,3572.453
B0006,18,1.9681661764334244,4.176369138969733,2.436020049578708,3.5692834155812436,-0.0009662247647393986,-2.015071955488147,-1.9892116643905464,38.7260539826455,24.564976908542672,32.03566207329278,3550.594
B0006,20,1.9572307917560536,4.176897989902666,2.1864377487643725,3.563388513484579,0.00013882260841396987,-2.0155176072270926,-1.989191243247005,38.98629728904917,24.515019617858613,31.99527968872302,3551.25
B0006,22,1.9455991514129352,4.177579509962451,2.3406023605912454,3.566658719765511,-0.0021060459646946015,-2.014079047237871,-1.9891317699701738,38.65978861919643,24.40648205159496,31.874127571841353,3530.25
B0006,25,1.9347505044841131,4.177996110793395,2.4263021374140443,3.5687035970122842,-0.000990785360248984,-2.0134697854511865,-1.9887805507702212,38.84979195732924,24.666067568688486,32.120959708576166,3491.016
B0006,27,1.9232799539368028,4.176316409477926,2.4753697700007034,3.569207084156356,-0.00032364926356916147,-2.0148749194363664,-1.9887320866401275,38.75128344015104,24.819105859024557,32.11021168908644,3470.281
B0006,29,1.911889930948487,4.1779924550101715,2.342364523655007,3.5659271296109383,-0.0004261867664927878,-2.0144081790374893,-1.9887200290368634,38.76853764058789,24.627666776864352,31.989061278918154,3470.0
B0006,31,1.9010667141979305,4.177439981618572,2.188400081882664,3.5612417270649486,-0.0010580730504302503,-2.014472686005532,-1.9887874042287874,38.84686112344348,24.450913129560714,31.878814448635442,3450.297
B0006,33,1.8891989948061458,4.17561570814845,2.1206980945954057,3.557881987836072,-0.0037766213378683127,-2.0146756268214814,-1.9885910895930397,38.865889781652804,24.26604433063594,31.767450711024402,3429.407
B0006,35,1.878278372248849,4.177602520456299,2.369981457799298,3.56282437243777,0.0009547908042232252,-2.015931347705288,-1.9884892463229662,38.647578733807656,24.34725293029431,31.78991634963658,3409.484
B0006,37,1.8675697161520206,4.176354539745044,2.247991649924625,3.5591953280168633,0.0003362560415229371,-2.01432419683381,-1.9883474274444874,38.79218188173866,24.380274264917215,31.82883467218067,3390.422
B0006,39,1.8675892574453767,4.177450270459645,2.4115317107898875,3.5580906165580983,-0.0022772410696178776,-2.015920256743369,-1.9774549866256104,38.77022223929529,24.455293448252306,31.890449470827843,3390.281
B0006,42,1.979626548250818,4.174584178175673,2.2033558468593775,3.565899462157853,0.0009741380235390647,-2.0202081897757225,-1.9892347833261184,37.54320599748628,24.511611712923585,31.51177053595285,3591.734
B0006,46,1.9575499080884022,4.175224020262452,2.35887751155593,3.570814209348872,-0.0003149484747221053,-2.0141161810049812,-1.9890474874073771,37.90362577530197,24.910587532936997,31.874488497680712,3552.297
B0006,50,1.9458150170787551,4.177217300859919,2.218672914041916,3.5666817833633124,-0.0012008977604898057,-2.014039356997488,-1.988682950523383,37.6701605139887,24.567665011550126,31.53911453638972,3531.578
B0006,54,1.9242461121680094,4.176681511062203,2.339723057947995,3.5668392745025836,0.000529325755565477,-2.014851230713757,-1.9885447318884866,37.34166959188387,24.224319222372547,31.220866832188786,3492.907
B0006,58,1.9459811331421641,4.190384318239257,2.3997508208942735,3.571051969392875,-0.0023840361465472604,-2.013606338093071,-1.9885639445355097,37.28979017254232,24.029961629396936,31.119005145018026,3511.594
B0006,62,1.901407930553079,4.176973413125379,2.491410879472442,3.5666308474029793,-0.0016423681986834993,-2.014324216253238,-1.9880563928902786,37.16794481484507,24.015743593007034,31.033244078156734,3431.9370000000054
B0006,66,1.878674213680085,4.1734521552365464,2.1387303309558976,3.5527392240854914,-0.0013483637694533895,-2.0138293357975146,-1.9772969675547487,37.51577848501052,23.89771458163466,31.001249222460967,3431.125
B0006,70,1.8683061328264219,4.1764585468168685,2.346064498302046,3.5560959755046615,-0.00026012091102195506,-2.022139165928567,-1.9771693646864965,37.24165964092258,23.81688709830912,30.921434744041356,3412.406
B0006,74,1.8560244070082998,4.17626102066065,2.327337743316428,3.5504500858303394,0.00022521118946577974,-2.019521715890847,-1.9660385076397233,37.27233216178077,23.762584263292904,30.929360248207214,3410.688
B0006,78,1.8451997961855777,4.172855540858831,2.4863117233366316,3.546007083640312,0.0012030807811573936,-2.0145859231710013,-1.9445990482746272,37.207134503019795,23.77382410040801,31.00810965793079,3410.718
B0006,82,1.857228890885317,4.1881878017349035,2.2921663510920895,3.554257954720065,0.0017843402447845862,-2.01454229289152,-1.9769156942357176,37.49607769896255,23.756892194026193,30.96779499306422,3392.719
B0006,86,1.9247760889090635,4.189991619197343,2.4343006861812118,3.555857469677978,-0.002790026577360228,-2.015096988943597,-1.9997552547832569,37.250073961181094,23.74029655014346,31.10097217303459,3470.672
B0006,90,1.8822317526092551,4.186982490201218,2.472619908000758,3.5537306734803207,0.000219946169021966,-2.0246589334484746,-1.9884344406296768,37.39699052067588,24.18583594954418,31.307368922041046,3414.109
B0006,94,1.855276687885587,4.1864831065416155,2.403422072720937,3.5452650003621513,-0.0013831277471471597,-2.014540253971324,-1.9771310999966942,37.2852066420257,23.96227406279053,31.131339987164562,3395.219
B0006,98,1.8392508917181876,4.187721936001791,2.4006679782182205,3.538408778928339,0.0011594939858130299,-2.0140910758505797,-1.965705768920947,37.080390421974414,23.520157783193987,30.828713779105055,3386.0
B0006,102,1.8185396073994429,4.184171356892756,2.3194299432177345,3.5297688311332673,0.0012199865224596935,-2.0132183154407977,-1.9542494702422435,36.98024266357476,23.52943289153009,30.761533072057244,3368.187
B0006,106,1.8134770059567056,4.186779863144672,2.3401731734980076,3.5300676840423306,0.000712613725765745,-2.0142775706959855,-1.9490605727432448,37.598741245467004,23.947667716448013,31.30305692941581,3368.266
B0006,110,1.7971018450305436,4.186482965601712,2.3829603510808774,3.5248882875629555,0.0010041973417186346,-2.014866249205715,-1.9373547119632697,37.33680914521836,23.724670891624807,31.06432144678013,3358.719
B0006,114,1.7810046294120476,4.184741677172267,2.351855540704836,3.5190926887152725,0.0009279755162790197,-2.014036681172477,-1.9312604088713479,37.39499820465976,23.509674105704782,30.96654665282149,3339.5
B0006,118,1.7710130422682329,4.186114015167315,2.3535104841115886,3.5151810230271,0.0004104562259902084,-2.013562007420154,-1.925413982519257,37.35233964342659,23.239016261869025,30.826455697992966,3331.265
B0006,122,1.7604712448170943,4.186378094589789,2.3948058223938364,3.514029112834162,0.0009332187923950495,-2.0146073733834746,-1.9198444871883995,37.58677381866742,23.40832459139638,31.080769482413952,3321.188
B0006,126,1.7502913788006587,4.185742966026202,2.4418858444380294,3.514139684003936,0.0014623495361316455,-2.0156412315711094,-1.908733158939213,38.207044569893476,23.993875243611917,31.694287817425337,3321.844
B0006,130,1.7394925037732578,4.1849954235358595,2.391848815367812,3.509578354212467,-0.0009765358148676846,-2.014135597110891,-1.90276801874341,38.340431886092745,24.22249363678538,31.875581783696685,3311.828
B0006,134,1.7546766553637203,4.175622772952551,2.3166154227865463,3.5110708693292705,0.0005605769329787213,-2.013918427729744,-1.9093247566511207,38.521539672721865,23.931600807664452,31.543288143901563,3327.391
B0006,136,1.7659390941842175,4.191704957733779,2.4110989960643794,3.5159179315855056,0.0006125224393033973,-2.0164764928559697,-1.9306372167933323,38.03707160241571,23.80004225730534,31.420983409991024,3312.078
B0006,140,1.7337887419624838,4.185468369564667,2.4510125175432287,3.50585340727078,0.000726309956247418,-2.014424639912736,-1.907114151507875,37.934285687720596,23.325044766777037,31.15837149963786,3293.172
B0006,144,1.713325912040734,4.184201889006967,2.471216186082459,3.5010379345914444,0.0006105952606363766,-2.0136840343383655,-1.8953541357988335,37.88470784051604,23.22751550921504,31.15661421699882,3275.328
B0006,148,1.7024077813673466,4.185838836583766,2.470968641396993,3.497407662636496,0.0013481309742365592,-2.015243276008703,-1.8892713805954209,38.065368726791895,23.20127236203539,31.206611383963253,3265.016
B0006,150,1.82371946178183,4.1729165619005535,2.4288023941361625,3.5388872766749144,0.000883957804000857,-2.014822027548639,-1.9819359924929794,39.788440481350335,26.602945710082057,33.61169282822636,3328.937
B0006,154,1.8081284050314708,4.186982012423103,2.3551430866643166,3.5327430295356828,0.0013785124508379858,-2.014147642384201,-1.9653277079992455,39.212903178007906,25.5878756709222,32.85630077141311,3329.266
B0006,158,1.7757610945034283,4.186537777937825,2.365933525789291,3.521214759733266,0.0013469218858249991,-2.0135457323415866,-1.9470636598230844,38.66937823121345,24.788511221807962,32.210981559158874,3301.579
B0006,162,1.7447409841836798,4.182282350256796,2.3481961394586457,3.5093111439506677,0.0011884652184539464,-2.0143501433980724,-1.9241628426386395,38.5170065164806,24.29903895658481,31.965090081650274,3283.563
B0006,166,1.729207034132373,4.185961817428056,2.46945948630322,3.50716091973708,0.0023455920246722457,-2.013955993405398,-1.9124470439353747,38.292505299491516,23.984895747102637,31.744801840189538,3275.125
B0006,170,1.7081086552553244,4.1836566973224585,2.4666715880697576,3.500928918686389,0.0008097171102984877,-2.0143598768040447,-1.8950209973545986,38.52091685291118,23.99541497188152,31.876564068962466,3265.656
B0006,174,1.6975954237461768,4.184390004467988,2.4482931262785135,3.4973019898820894,2.3587764193591595e-05,-2.0146981664689427,-1.8837082435178907,38.95436345473558,24.295032488841088,32.24289319481841,3266.093
B0006,178,1.6820634524029463,4.184732708741646,2.4745215382882586,3.4929038301187156,0.0028840576269616946,-2.0150505202774576,-1.8716651994380054,38.731363854696035,24.10547107270791,32.07305565938816,3257.594
B0006,182,1.6714768322295086,4.185835940524748,2.469127855241356,3.488659224822318,0.0008062258329325605,-2.016431910751689,-1.8654809345089407,38.74827601131975,23.97620032331416,32.030140929891196,3248.593
B0006,186,1.6607591387047655,4.185703389994729,2.4177173347922416,3.4822930804774015,0.001300028898722823,-2.013961242413253,-1.8592903578575999,38.84227056628921,23.819965773306656,31.984935871368258,3238.766
B0006,190,1.651121015038069,4.184887437252902,2.3775131079338427,3.477575664197982,3.3324869557570366e-05,-2.0142789765419593,-1.848156298789804,39.221381996208315,23.938135747847074,32.23677365476226,3240.14
B0006,194,1.6401349256190927,4.1845671326128535,2.443723814618984,3.4787436506489255,0.0008339594777993074,-2.0170700253976435,-1.8415742473538441,39.466510899162515,24.442914706328594,32.56097148037261,3230.109
B0006,198,1.6291999416165441,4.184590722398005,2.4324278256917147,3.4740152461288862,0.002267298724556321,-2.0153270924031044,-1.8297533943331723,39.352653481724175,24.244880453394085,32.48984985901219,3229.7810000000027
B0006,202,1.6088496302961666,4.181227276564003,2.494085641889116,3.4718387718772696,0.002587585651271363,-2.0264444143525524,-1.8170860697729954,39.31890647034385,24.11448837545242,32.42612199208859,3212.469
B0006,206,1.6035244898969248,4.182601669503782,2.382347172890769,3.463180130644551,0.0017194503246426888,-2.014269976996697,-1.8111560774496664,39.47196886600465,23.928926832055478,32.29984271249387,3213.219
B0006,210,1.5989712144027983,4.183991041340736,2.406668297987779,3.463469391967206,0.0007053447084269127,-2.0248983473305704,-1.8113056300795982,39.74009698783903,24.062133136477676,32.610757585145336,3203.578
B0006,214,1.5876273123575604,4.182425008087469,2.4204142690378765,3.46021805164007,0.00037116990278515926,-2.0134062122749032,-1.803802475704306,39.03600072360686,24.423808071870038,32.25699351958767,3195.125
B0006,216,1.5829719744686166,4.190985194174346,2.4507845245525193,3.462574876665621,0.0010117048958550698,-2.014898941623113,-1.7982439953659044,39.16106395962828,24.297842706066838,32.47193402838835,3195.3129999999946
B0006,220,1.567137636713563,4.181860480163402,2.3930328819230717,3.4537077937586056,0.0007636707747866177,-2.014097659688176,-1.7857963808615818,39.20051799483514,24.115666972211724,32.40219271195366,3186.297
B0006,224,1.5613446139713882,4.183449364094532,2.3938995980718403,3.4514035349888337,0.0005527600059578974,-2.01648199199959,-1.7850748194527644,39.15878418316098,23.949350638183297,32.30987415652578,3176.438
B0006,228,1.5511711892790419,4.182943907496545,2.4373294683003053,3.450781146333252,-9.517952000869487e-05,-2.014359351341952,-1.7785916660457872,39.18225956809825,23.94684852697399,32.35440526839345,3167.593
B0006,232,1.5406741606295171,4.182592999177517,2.3705330061374523,3.446105572450592,0.0015048652079400844,-2.016181081460114,-1.7727874712030285,39.38159156766375,24.029360363522056,32.4731363791227,3167.719
B0006,236,1.5253138744624433,4.1775564354981025,2.351294851260762,3.4418152533277144,0.004482527231908509,-2.0224281819207026,-1.7601807681971697,39.44712875501599,24.054796737761627,32.52334649341759,3159.077999999994
B0006,240,1.5301570318067428,4.183199732433941,2.436845595522602,3.445008015985666,0.0010131499204386121,-2.015670909853089,-1.7653027883569699,39.40950590627068,24.004853828853747,32.518264823491045,3148.829
B0006,244,1.5246566834474087,4.183585552184287,2.39030487147494,3.441164687975023,0.002939357955384793,-2.0154336980599203,-1.7593486488770236,39.48443326993031,23.98676553992143,32.5437072434024,3149.094
B0006,248,1.5145492986655427,4.183170360974043,2.4892160721496315,3.443620591429828,0.005138941784565251,-2.014176241235146,-1.7526167898737661,39.4416762582387,23.972655907518135,32.562223096007365,3140.547
B0006,252,1.509391504602082,4.183501501534186,2.450611393803655,3.439943269617906,0.0019635914622084336,-2.0151247064734266,-1.7516949849801624,39.53866201326228,23.95941142019243,32.58978020040808,3131.625
B0006,256,1.5039974333050705,4.183243008796117,2.4111946043456745,3.43602719305159,0.0010096976995750016,-2.0150071612077523,-1.7510429704034998,39.5867547936938,23.89672125029287,32.57089563557426,3121.907
B0006,260,1.4935201918040188,4.182038001412004,2.4609139768640715,3.436309312279291,0.0015563666004580641,-2.0158858292130217,-1.7388746112390865,39.499752884420865,23.846991377084784,32.537854347094196,3122.125
B0006,264,1.4876323024497422,4.182440318401142,2.378420264362521,3.430470227771154,0.00120406950854599,-2.0170367841185635,-1.738622547139575,39.9686395722832,23.868790356430857,32.65645090520509,3121.672
B0006,266,1.5302876214401704,4.189962701965466,2.3844697219937414,3.4417311090871063,0.0004792431384679534,-2.015207980747731,-1.7870762809520677,40.42668250871336,24.45395460946014,33.180785234653264,3120.86
B0006,270,1.5040760088360112,4.181214475643097,2.448639661640692,3.4355429213552537,0.0013906428309179838,-2.013340550431054,-1.7612682208672186,40.02451449021777,23.812647163051572,32.71220835503141,3103.828
B0006,274,1.4887593608730894,4.182157933832856,2.362869757217078,3.4272336842373576,0.001681226390227438,-2.0143052426244057,-1.7545532300777185,40.02167483360719,23.379533041996073,32.543943889007906,3095.094
B0006,278,1.4782779285546637,4.1802491747767325,2.479712742728869,3.4307536518687556,0.006848118425125903,-2.01522796444188,-1.7364250156958492,40.078211781584145,23.483667289937664,32.6655410721976,3095.781
B0006,282,1.478459982215684,4.182775550999248,2.4609902569842412,3.430880434209888,0.0002472528891452739,-2.0164424024266667,-1.7371686757879778,40.565789328351094,23.948764926788748,33.160922870564626,3094.328
B0006,286,1.473214844899973,4.182970513713943,2.4794507375590507,3.431984614031654,0.001003005257382598,-2.0141732645976056,-1.7358183569582517,40.75221353269305,24.305636072230342,33.414445545408455,3086.531
B0006,290,1.4675164935067897,4.182588389688278,2.421513989921717,3.426913589626702,0.001953863417311998,-2.0145333122938633,-1.7297302660430056,40.71162611325717,24.16642252229391,33.3541679486525,3085.625
B0006,294,1.4516292657521335,4.180388252515709,2.3927989623544175,3.4220422356705154,0.002464932477340866,-2.0150807231044525,-1.7278671098991139,40.58721297402195,23.980795554734595,33.13634596100404,3067.203
B0006,298,1.4519237720967177,4.182476201666448,2.410475236770924,3.4202687142856667,0.0011413024919993738,-2.0151017082510445,-1.7269073147637581,40.37035790264624,23.638284377724087,32.92241762841388,3058.157
B0006,302,1.4471484694777745,4.182567814531136,2.4915333699239977,3.4248208106770663,0.0003841275623097243,-2.015773418279684,-1.7211995934038338,40.667923693760464,23.829441222036376,33.20338483123576,3058.812
B0006,306,1.4468538105659885,4.182606347806988,2.444861994529003,3.4234990883192666,0.001218107513799628,-2.0165661835906454,-1.721141114732718,40.990356883952465,24.20984647694025,33.533950654066935,3058.578
B0006,310,1.4416741930284678,4.183047552179642,2.4840755398082255,3.4247420964314874,0.00043057445010054817,-2.018144057635402,-1.7200547727480755,40.997744028174516,24.27322345224107,33.5767934055627,3049.328
B0006,313,1.5935866593100128,4.222516216835943,2.479017302613424,3.450702139255875,0.00029206186344975406,-2.0143333289759338,-1.8210481343824243,40.77265883698999,24.058176844558602,33.224088400657315,3177.219
B0006,316,1.5463902376915637,4.1909374470770855,2.4820670710190385,3.4480475429907522,0.00020266112069095444,-2.016338466932382,-1.821445703423604,40.522204934304625,24.676724380143,33.37083344726966,3082.937
B0006,320,1.51470559175661,4.183028520369727,2.452449045714353,3.4399481891896455,0.0019503732302666096,-2.0145951136219593,-1.7899159936953069,40.57746834859555,24.71374963671338,33.43366634309322,3074.266
B0006,324,1.4989786083335404,4.1838942747302825,2.4198491932573414,3.434112914501242,0.0005084867021221242,-2.0144018884289827,-1.7769345930773324,40.516963879873735,24.452648939888725,33.28676739403043,3066.0
B0006,328,1.4831110745410492,4.1839835007856605,2.4706823501191706,3.4325600940363916,0.0007359350635753225,-2.015270624937178,-1.7640032117743045,40.34325381638243,24.224651493389036,33.14347737377552,3056.437
B0006,332,1.4729664825468278,4.183640209073579,2.413759774558071,3.4270614887575657,0.002124212914898989,-2.015800833534411,-1.7571701008871028,40.39341126895154,24.107818019162874,33.11021541795579,3048.219
B0006,336,1.4627604396099307,4.183387047926521,2.4562499847243027,3.427340316812041,0.0017289535444482576,-2.0153848289913054,-1.7502670210777267,40.46341487442664,24.152350848480747,33.18991802149879,3039.218
B0006,340,1.4518364681062514,4.18356344388626,2.401794655879554,3.423482197888437,0.0015255121086987376,-2.017707476586292,-1.7439614243216512,40.5818264138806,24.1926071662797,33.26265398635676,3039.047
B0006,344,1.4468670644030392,4.18171248971767,2.4087687236133313,3.4220957701069374,0.0017135739999164965,-2.0198780169470747,-1.736850855663561,40.61670777074496,24.238609855596458,33.299978841087025,3030.375
B0006,348,1.441380399427779,4.1832473219705815,2.4308118485818704,3.421883545422636,0.0020383190496457725,-2.0197856871193367,-1.7360045229798653,40.631647661681036,24.191028062692588,33.31663547841367,3021.0
B0006,352,1.431210744960774,4.183049768329545,2.398886415333129,3.4195777411151886,0.0021980860706101134,-2.015287001210607,-1.729690117077797,40.74323383889164,24.226474805349635,33.39150630507064,3021.75
B0006,356,1.4260247179525716,4.1830924980863315,2.3814379490849835,3.4175281789596474,0.0005566103878417646,-2.013949066691416,-1.7287954627467013,40.81715493531611,24.22178922960351,33.41522427488497,3012.265
B0006,360,1.420487649966195,4.181536580807847,2.459885297095542,3.4197860540725715,0.0018803136776330096,-2.015065571425412,-1.7216729981632184,40.72877617289365,24.207764443084063,33.39690850726103,3002.641
B0006,364,1.4207006230355006,4.172034399629829,2.4007285025453995,3.4171369298988705,0.0022542409730723326,-2.0151971595728613,-1.7228162229694663,41.45494452672042,24.266994666970984,33.73731993653,3012.0
B0006,367,1.452255804330839,4.188427549455566,2.472830716079143,3.4305347141293625,0.008152353556458646,-2.0180838913239434,-1.7486639022205694,41.39678877103747,25.010523307428713,34.08965316576344,3020.11
B0006,371,1.431557632772571,4.181499335679726,2.467318928642863,3.4250844180972875,0.00019789529282717813,-2.015157068463395,-1.7345160724760178,41.36669473718026,24.81713061500866,33.9987286593769,3002.172000000006
B0006,375,1.415015751158943,4.179546243153898,2.3692462667540997,3.4171339862792935,0.001392653144198631,-2.013917344838714,-1.7271570233190525,41.37787352037061,24.66015421423191,33.907397114007345,2992.703
B0006,379,1.4097311506517451,4.18101558225098,2.4482618595124874,3.417521467040602,0.005189848551175063,-2.026182069042455,-1.7305179027385762,41.140956091698214,24.417272340572964,33.70518417605219,2964.468
B0006,383,1.404917318129309,4.182667734360821,2.4598632768748825,3.4181623236680356,0.0017804365403169887,-2.0154806588037197,-1.7141443638380731,41.2168813199875,24.34226965648951,33.7458832944166,2983.375
B0006,387,1.395164296571563,4.179947555799937,2.497869764845928,3.420331935905118,0.0004526100127092855,-2.014398878088724,-1.7067823273466607,41.40391881889191,24.68862064835225,34.01657212624259,2975.297
B0006,391,1.3945343832614077,4.182316086490744,2.472236707252471,3.4192916311692465,0.0004074114617765993,-2.015379938834276,-1.7063596521950202,41.586571331198584,24.83379380277289,34.175023374593785,2974.9850000000006
B0006,395,1.3893171179312644,4.18300582450457,2.4278749904763077,3.414352330355796,0.0027319664703010157,-2.024938600791225,-1.7052696591517462,41.43504077863728,24.567907151996646,33.976109677640174,2966.25
B0006,399,1.3838379472327809,4.1825046060820625,2.4275905200235055,3.412701167144591,0.0013872942238959522,-2.027018156432659,-1.7046265574439607,41.37436880579148,24.35845427718724,33.84150372451663,2956.359
B0006,403,1.3736814238195123,4.179533028548021,2.37337869163978,3.410409522809144,0.0037299171946931393,-2.014779909755338,-1.6985503106996724,41.66477948989921,24.62149945751311,34.1008464215818,2956.344
B0006,407,1.3786059891863676,4.18250512422575,2.4248604132549767,3.414419320260644,0.0014127620211878914,-2.0151111715849144,-1.6982347588599789,41.81816829502593,24.908657981582394,34.34663683304219,2956.406
B0006,411,1.3737600299108574,4.1828227593786,2.426962848243194,3.4131710032395315,0.0008856833378857151,-2.0151664181090267,-1.6971165805711328,41.686647000781186,24.777867901281315,34.216231530637586,2947.266
B0006,415,1.3682580583942712,4.182413969607667,2.417287750352038,3.4107019261975147,0.0022565477410673076,-2.016248522283907,-1.6959199401004303,41.565382893773936,24.55493670403353,34.041617020161176,2937.984
B0006,419,1.3633024037317505,4.182451170946608,2.4185087281747166,3.4089059214760367,0.002945843089707679,-2.015018401452086,-1.6953163120957457,41.46394809540406,24.318017130660255,33.890212870710734,2929.125
B0006,423,1.3580966140172601,4.181305580928812,2.480937393224248,3.4134080258317576,0.0017870517833380544,-2.014808414619914,-1.6890383512433216,41.6123634180086,24.575299028638764,34.116762412437,2928.454
B0006,427,1.353269090999531,4.1804870315884735,2.4078214169511205,3.411221044859532,0.0009686723211606385,-2.0149941642208877,-1.689240311218937,42.0075404495327,24.98269073769502,34.490493589415046,2929.375
B0006,431,1.3841605738237488,4.163570261072192,2.433234589649132,3.4155210852213678,0.0021530897065765533,-2.014889154962298,-1.7102007614808157,41.61679232360952,25.141147272482755,34.23744800906639,2946.031
B0006,433,1.4051467790651473,4.190012868765637,2.440822893388958,3.4229838362549794,0.0009450807694683962,-2.021897889619746,-1.730244918610445,41.80245062827161,25.169349346251153,34.41428886050454,2955.438
B0006,437,1.378719022627353,4.182418011462176,2.396078253891397,3.414757022019347,0.0022862143567549285,-2.013990107965066,-1.7152465923901479,41.653004783464006,24.821438212878718,34.16445180476378,2937.625
B0006,441,1.3682657783199066,4.182070839014939,2.449306948268824,3.41435871627236,0.0017603003484055497,-2.0141794769710484,-1.7013404928191733,41.36061809844917,24.44823164208337,33.877146811272176,2929.078
B0006,445,1.3573151296618016,4.182701902443236,2.384185417166802,3.4091886698418046,0.002448164539924058,-2.014245767720947,-1.7004366132157598,41.42815616511055,24.316938949769007,33.839566254190565,2918.375
B0006,449,1.3524934638801596,4.182270325485355,2.4440756213040964,3.411930366643558,0.0010573004756267543,-2.013969299900083,-1.6873533635265776,41.343265645039,24.299358283075954,33.818304796930946,2919.812
B0006,453,1.3474099151661236,4.182394535290608,2.4296014294774673,3.4094417183837504,0.0016960165224917886,-2.014779898380345,-1.6919294969110734,41.38118673567723,24.255785257635935,33.812621135472135,2900.422
B0006,457,1.3370075130842318,4.182061947471753,2.41022288115442,3.4081896097479882,0.0020320718333584533,-2.014211676143238,-1.6852952939579415,41.378450473707446,24.22667614097166,33.79894614410012,2901.375
B0006,461,1.3312352966718526,4.182288987105723,2.4098927032454966,3.40737851449911,0.008037676680716626,-2.0146307921789908,-1.6787428835073943,41.306600641009794,24.08401483096836,33.702723745621576,2901.187
B0006,465,1.3259303781727643,4.179662143533188,2.453938411405305,3.4085862639015,0.0010416352989289336,-2.013369705800471,-1.6712137513430336,41.204081036719124,24.032744419693664,33.63562651984647,2891.64
B0006,469,1.321578743867529,4.181392635232333,2.3940396792395253,3.404843616147767,0.0013051127215942834,-2.0139825284473383,-1.6768931248947176,41.32955629442644,24.035049734679703,33.690724061796516,2882.906
B0006,473,1.321225074066109,4.182099866234647,2.45134737470238,3.4081057374178703,0.0019059149885720526,-2.0138921521532196,-1.6701186583642826,41.300370296451625,24.066996312466095,33.71317033815572,2883.265
B0006,477,1.3156485301862682,4.182054276922838,2.475014603796582,3.4091728540380735,0.004822714606532057,-2.013710255019385,-1.6634753413292604,41.243646229563595,23.996723972247743,33.65376593260611,2882.969
B0006,481,1.3209025697502388,4.168816046299314,2.4569179775419294,3.4110817622184233,0.0016790557813109385,-2.0145340492151043,-1.6645875549232958,41.36464929786556,24.663353868241057,33.983578066068176,2891.656
B0006,483,1.3474328767273906,4.190149239555381,2.438240626221148,3.4167486246717154,0.0011291190058123485,-2.01382438347875,-1.6918384605140158,40.89285784811417,24.805357555777945,33.816348135475515,2901.25
B0006,485,1.3260128072353616,4.187196878135145,2.4946397780995584,3.4169689184247174,0.0015509192623282008,-2.0133154561700204,-1.6711981411684529,40.652964511118334,24.568710436075083,33.60692030225909,2891.703
B0006,489,1.3101186784831063,4.18232296515852,2.4367455144223555,3.4105763913818787,0.00178074624019554,-2.0139168871011672,-1.6632769410531225,40.58410707337388,24.308667818003084,33.47350597721994,2883.016
B0006,493,1.30521620229393,4.1822817387062585,2.4858689968085326,3.4113335283009314,0.0011362898765440136,-2.0142276812428177,-1.6559085740676296,40.322783635307104,24.003796003990193,33.209178727620106,2873.453
B0006,497,1.3004061951355774,4.181394192711236,2.3957550201907916,3.4081283345557187,0.001125807644408657,-2.0140803684449082,-1.6561009220603313,40.78032921971219,24.359100181053126,33.58088963686094,2874.031
B0006,501,1.300235735841116,4.182109437180301,2.4504684570147006,3.4125732422699135,0.003538590469666894,-2.014831579693271,-1.6493259508429792,40.85731522464202,24.621773390889473,33.76400861956033,2874.234
B0006,505,1.2895066722480755,4.181210531150237,2.3942028718004007,3.407693686560286,0.0007121321492493882,-2.014857985605384,-1.6481131076816375,40.74860220857894,24.362440700162463,33.57003564415372,2864.984
B0006,509,1.279253057384795,4.180183763169455,2.4303844034459368,3.4073499608041957,0.0020706037950560794,-2.013906118562721,-1.6402541382604887,40.472276230208436,24.05758090644101,33.272050895552354,2855.093
B0006,513,1.2792078171714618,4.181641969595387,2.4755630989048205,3.409292163767801,0.001176065085161298,-2.01480412850878,-1.6339151095418003,40.28187574900838,23.840036551906117,33.12740933210319,2855.625
B0006,517,1.274036760902923,4.1818501497507565,2.446712151873903,3.4095492354804775,0.0019702593856607345,-2.014522533445452,-1.6340244573659812,40.637565231244686,24.11614509838886,33.439116773449626,2855.594
B0006,521,1.2741273923001468,4.1817089329030335,2.4607112018206894,3.410318915287339,0.004049537026825638,-2.0149438038428857,-1.632488007933941,40.64243349478575,24.248375431600596,33.482874768414376,2847.437
B0006,525,1.2637639426440779,4.178725976011113,2.4619788522973796,3.409269478846637,0.0014280969271294325,-2.0150039133931816,-1.6192610042624402,40.38713367022122,23.97276387413658,33.22136307064441,2847.36
B0006,529,1.2581373688955233,4.181148894438262,2.4999079970509284,3.4094374435069095,0.0037301935665104953,-2.015129426588159,-1.6178242977824624,40.15316398972329,23.67821307261489,32.98562738901426,2837.328
B0006,533,1.253259864055301,4.181246648937272,2.4061574188511727,3.403885091976961,0.0014360032513640252,-2.0157490612295734,-1.6181015728870058,40.26211669866818,23.518722627950357,32.970182781539556,2837.281
B0006,537,1.2532313315493426,4.1821248744689274,2.40921365026611,3.4065929107527846,0.008808612211148337,-2.014223314502266,-1.6180985297864203,40.65437976632703,23.900390232503312,33.31018716138479,2838.515
B0006,541,1.2480874960313577,4.179545017207998,2.4705399687343235,3.4095930016592684,0.0018528412705641154,-2.0163352495806492,-1.6103535053387172,40.41021687551566,23.927161901061876,33.23406652671602,2828.328
B0006,545,1.2534354284944844,4.164241788212258,2.4996841687041944,3.409409922814414,0.0006572950596480301,-2.01499403966668,-1.611644410040853,40.49521984011741,23.563221777928874,33.117656712920734,2838.265
B0006,548,1.2898048773266901,4.189238693156103,2.4839695531514434,3.4195489282896943,0.0011420403060800586,-2.0181368086516467,-1.6420364978388977,41.357879741754175,24.182986071194534,33.78417036686004,2864.547
B0006,552,1.2635402021758835,4.180842923747738,2.4675402264113453,3.4151799904187996,0.0006389432339644004,-2.0142774492167734,-1.6194806393973795,41.37902988743146,24.13790128994837,33.806439563441614,2846.39
B0006,556,1.2479761706842853,4.18123823034649,2.4946438160388325,3.4154594925159083,0.005781248307535802,-2.0138128429431967,-1.6048643562670923,41.20920760771975,23.963097388160715,33.63735785291911,2837.969
B0006,560,1.2321202877943334,4.1798277092808815,2.4577382116375843,3.4130336456755868,0.0023397381848139728,-2.0149177563869873,-1.5916400783224371,41.20630554355683,23.85096067907487,33.58195933847606,2838.156
B0006,564,1.2271137666213534,4.180792839927961,2.40986495422137,3.4094524356574096,0.0010089516629164148,-2.0149300788502975,-1.5901105081883435,41.28239317323536,23.75303412345965,33.56245583951572,2829.843
B0006,568,1.2217397581377356,4.181365190126037,2.479418189447868,3.4138496008165014,0.000859480585004194,-2.0147963353542564,-1.5767754479909835,41.1595683576961,23.71579098948608,33.5111267532655,2829.625
B0006,572,1.211102678915174,4.180594670510683,2.434585389303289,3.410900672125043,0.001199208658635817,-2.015518745222527,-1.575262673173442,41.230427315370186,23.759120931060004,33.53675907012135,2819.437
B0006,576,1.2056159765131735,4.181424135030176,2.425682710641569,3.4105744140130074,0.0016688329956906312,-2.0147884579094577,-1.5684640005188113,41.21487873613708,23.662315778660414,33.49803069556778,2819.579
B0006,580,1.2008936262717274,4.181921994951423,2.417924401749313,3.4096514247359915,0.00267138921983699,-2.0146138657111945,-1.5671286757845893,41.27439823262361,23.65025525718372,33.516977262709986,2810.672
B0006,584,1.1905903985558335,4.179593598747663,2.4541577949851603,3.4128578373442537,0.002105455435076752,-2.0148417510809367,-1.5537993411647462,41.237668013317766,23.716467103089535,33.531923269271225,2811.485
B0006,588,1.185179251041941,4.180557596235595,2.463616101176541,3.413450901705652,0.0030546197767952537,-2.013981544237104,-1.5521827524962775,41.24068073261839,23.75283925140291,33.567636169584304,2802.422
B0006,592,1.1796706818144624,4.181414159913002,2.470375229475307,3.414388187503409,0.0020243726684846712,-2.014023708028726,-1.5452652929126827,41.28133907077437,23.806067140125037,33.60493096509702,2801.625
B0006,596,1.1745952836753915,4.180815073540562,2.4357634426689945,3.412419038813061,0.003941121782864298,-2.016504705213686,-1.538651770825325,41.28338645880181,23.71321070187237,33.54281440778599,2802.031
B0006,600,1.15381833159625,4.1697037841892834,2.481190011798763,3.4148103057455175,0.002247664734570795,-2.0192733708647617,-1.5169723774339863,41.149193043289586,23.707339766856947,33.472459360982775,2793.39
B0006,604,1.1644009557372264,4.180283727512206,2.491537251958465,3.4166177332601,0.0020222968056506606,-2.014625681416588,-1.5238501013926742,41.26268252018065,23.791460085164704,33.58210389885497,2793.39
B0006,608,1.1587974947916069,4.181170015245673,2.40904100737121,3.4121341541171764,0.0003659402321130544,-2.016243208356173,-1.523792814686802,41.45791806300034,23.802896883148367,33.6634605108384,2792.485
B0006,612,1.1749748834769171,4.1575524997258,2.475767645530351,3.419700177568569,-0.000423769574389527,-2.013736316594881,-1.5391310859398721,41.11666214070682,24.698597962486065,33.730546074122294,2802.016
B0006,614,1.1856752327929356,4.188511527828155,2.4160441724133666,3.4234687742187893,0.0032206172427055937,-2.014876364498059,-1.5426703969635054,41.36263766174168,24.907725860706154,33.8912822372509,2820.39
B0007,2,1.89105229539079,4.199497433806136,2.145975766935391,3.522006703394617,0.0009103844987851796,-1.9968672421771276,-1.8691188840185695,40.59042914535701,23.92407356409745,32.62485875142121,3690.234
B0007,4,1.880637027686859,4.198510349854315,2.1110166987852117,3.5319490434317116,0.003601550603928921,-1.9943911963511516,-1.8680422715350309,40.26023408628707,24.261106709876195,32.738209593287145,3672.344
B0007,6,1.8806626717011388,4.198280074112568,2.0251085128182655,3.5344025220217845,-0.0010276902277484255,-1.994681656822022,-1.877784734502072,40.27558633997852,24.3190033925327,32.68511456550919,3651.641
B0007,8,1.8807709009833444,4.198267468745592,1.922542180649595,3.53492504932652,-0.0006983471237198692,-1.9952731083659303,-1.8875256535871228,40.29314715799111,24.223578724887073,32.554748499572646,3631.563
B0007,10,1.8794508728285058,4.198464224146956,1.8711590450649882,3.534536640068787,0.0005983417342468405,-1.9935500451030046,-1.8871559747738404,40.268872630219796,24.13830760704513,32.46787845303298,3629.172
B0007,12,1.8807003517117404,4.197967993115647,2.1756867065903434,3.5411626672196816,-0.00042434758525011757,-1.9941041745764116,-1.8675154082122565,39.67620802332074,24.135840711684263,32.48624734055599,3652.281
B0007,14,1.8799352523566075,4.198023461704379,2.1117887156019437,3.541165612176161,0.0005401764510727361,-1.993164510431567,-1.8673304059806155,39.803817662926164,24.255515986671373,32.55779966353037,3650.828
B0007,16,1.8815088124038797,4.199372697237068,2.026250619894166,3.5494581176357975,-0.0003281718194490804,-1.9936540341331743,-1.9063154499484403,39.88810476942348,24.302952144966042,32.45374435641106,3572.453
B0007,18,1.8696907870385844,4.19921182024681,1.9505894332906037,3.5502805464079743,0.0005697252689816581,-1.99377953803378,-1.9164259300038171,39.95162250671474,24.257530932186896,32.373246444985035,3550.594
B0007,20,1.870052380139199,4.198957678253482,1.8688247067658061,3.5481347674910286,0.0035107556642499692,-1.9937831213829802,-1.9165016044519978,40.052021854718284,24.189583713016194,32.30534276235138,3551.25
B0007,22,1.8700442394188577,4.198832114024662,1.7896213776724978,3.5484272148956437,-9.593499764332657e-05,-1.9942511729128334,-1.926771167846017,40.1213838436794,24.062655752137022,32.183319483399806,3530.25
B0007,25,1.8596518987766364,4.198945227315025,1.910336108594535,3.5560433603714667,-0.0018154689461531233,-1.9938120330189373,-1.936979366983281,40.174657039770814,24.334878490739897,32.378853181816005,3491.016
B0007,27,1.8590746560862206,4.1990513028067955,1.9086884059809102,3.5604849642800684,0.0021769059281878883,-1.9942213710086447,-1.947065774665518,40.016434730174936,24.352069874766624,32.2913249500013,3470.281
B0007,29,1.8590084577709232,4.198107645780677,1.7868782934275431,3.5562872542469752,-0.0004508051048845279,-1.9939995868905829,-1.946961601670498,40.16569230743226,24.125190486792466,32.14782797344657,3470.0
B0007,31,1.8593622586957048,4.19925638222589,2.1361343961784502,3.5647746218187324,-0.001132462861187769,-1.994356138623711,-1.946851050742258,39.46139677634257,24.072501109913752,32.01380948237792,3450.297
B0007,33,1.8587355450601035,4.199087384946408,2.0133501283179167,3.565438928797127,0.0005922421493807632,-1.9935665024864544,-1.9574063719005568,39.5636595172155,23.938131916668528,31.881310103471357,3429.407
B0007,35,1.847817291322145,4.199009971925293,1.8575547668336483,3.565961679108638,-0.0019590482402041375,-1.993742172224942,-1.9680136940585706,39.628948319501816,23.932016714666645,31.854304304240515,3409.484
B0007,37,1.8485252916137047,4.1985172274243965,2.1657556124208934,3.572496559005355,0.0004326258514957495,-1.9946244036549008,-1.9680499927642312,39.225347214914876,23.976819790445433,31.856555404576753,3390.422
B0007,39,1.848378951850034,4.198245740608724,2.0270686341513207,3.5699492020415136,-0.0024409084852146062,-1.994455565707021,-1.9680218912213907,39.4126321606434,23.980775695020398,31.867182607083926,3390.281
B0007,42,1.8807805437609766,4.196262462698172,1.905311669649934,3.5464338449590023,-0.0008292148953224378,-1.9992261048783584,-1.9066656790606797,39.95874037686836,24.35868522365832,32.35216872128999,3591.734
B0007,46,1.8814721597443598,4.1969587758867,1.7951975189442124,3.5531968089006387,0.0007573311396121474,-1.9940266531677509,-1.9267118604677658,40.31302300333008,24.65025766803762,32.60219299451182,3552.297
B0007,50,1.8810954313244785,4.197071720130598,2.1058524852518143,3.5599340214678805,0.0013452537587627588,-1.993858646326954,-1.9260915660103672,39.359447242364645,24.306273974736932,32.19571819720114,3531.578
B0007,54,1.8710089649779995,4.19690260801443,1.846021007590992,3.5595604968237993,0.0006146261200233335,-1.9927272592846585,-1.9468340181835688,39.454159451189874,23.946713982155597,31.805988160181123,3492.907
B0007,58,1.8701995151941375,4.1966416719103465,1.7370300333706354,3.552385161941813,-0.000273936052171472,-1.9934659604006035,-1.9364196896718646,39.641748274009444,23.7951049382806,31.737001978644926,3511.594
B0007,62,1.8706715362800985,4.1971302559922,2.0506492642329937,3.5707670304281067,-0.00037863003489925804,-1.9930006393050421,-1.9675984733558025,38.86906912217273,23.718457017715572,31.51707667966367,3431.9370000000054
B0007,66,1.8596124644020169,4.19652461108806,1.8254369744762284,3.5657224847439295,-0.001495415658066508,-1.9947910338783705,-1.9680130544442065,39.11839966443177,23.64183560576637,31.442860781038384,3431.125
B0007,70,1.860033909718346,4.196790308710931,2.134879000684994,3.5712835067487094,0.0005398984445576489,-1.9956093835681803,-1.9675572757550353,38.68010761281634,23.519892775337357,31.32326275303232,3412.406
B0007,74,1.8591653109160768,4.196693048697735,1.970455493406623,3.5679716274891398,-8.502750867487407e-05,-1.9936520198661494,-1.967618505240168,38.863045678198645,23.467259682273063,31.28571570579735,3410.688
B0007,78,1.8481398178778288,4.197078923354,1.8132694309760007,3.5646314038791784,-0.0021454320098209796,-1.9944764248874858,-1.9678214300979182,39.14531169811219,23.492198340361576,31.331850868998004,3410.718
B0007,82,1.849201702126164,4.196062203382386,2.0483657324095637,3.568983888921194,-0.002512174488189696,-1.9940826161567085,-1.9675056354779956,38.8380564174779,23.51112503683739,31.32285733932258,3392.719
B0007,86,1.8834677437950846,4.206531081984383,2.181560983985832,3.564620688944316,-0.0020329549327671587,-1.9940812941255717,-1.9683447778186904,38.95965174080089,23.527236127318186,31.608436452122476,3470.672
B0007,90,1.8628211117905844,4.203187727641822,2.1177799354077496,3.5694388142217837,0.0016192589541852626,-2.003329552797809,-1.9788067754387157,39.053875772291974,23.9542942093336,31.782101501165204,3414.109
B0007,94,1.852085039652352,4.202997027311235,2.1637448793153697,3.568742147335628,-0.0016772567366890668,-1.9938003511879974,-1.9785908218423578,38.699551697978606,23.73407143959736,31.515041989202878,3395.219
B0007,98,1.8469504648208708,4.2027504558714135,2.0456561472058055,3.5642424070467817,-0.002490125507280818,-1.9942339530946611,-1.9784335668087778,38.6052414906155,23.309807963383705,31.13866351339678,3386.0
B0007,102,1.836828431169018,4.202665067816707,2.1356202266992863,3.5653038098527605,0.00021208804630958597,-1.9932621441916,-1.9781601679702336,38.42604747702835,23.305948209951065,31.068710515588776,3368.187
B0007,106,1.8371619619672275,4.20243913428064,2.042987153745025,3.565432167703823,0.0016978688568831312,-1.9932668899112056,-1.9783765899690637,39.0468968949422,23.739006255698545,31.618244836823447,3368.266
B0007,110,1.8316722583718854,4.202794567899269,1.9786162394118947,3.5622303163451425,0.0006200071499489343,-1.9945447573637072,-1.9780771457931066,38.836764958613884,23.487622777066665,31.331528063668397,3358.719
B0007,114,1.8211470951317783,4.203135326288817,2.15845357648832,3.564481026852489,0.0003106338402807465,-1.9937887547057833,-1.9780971417908424,38.49981470604549,23.2595984254445,31.132569191182142,3339.5
B0007,118,1.816506091511515,4.202837061508687,2.092603698932653,3.561614556780574,1.0269396682341148e-05,-1.992201283338572,-1.977978349880126,38.582340147970775,23.021675511770262,30.972969676157927,3331.265
B0007,122,1.8113815601504555,4.202745735932991,2.1528886431678034,3.5630587459190144,0.00063068070763254,-1.9945004268443043,-1.9784334957218421,38.787499833494046,23.189779567510282,31.1990648511682,3321.188
B0007,126,1.8116056333939583,4.203198796599359,2.0537418826405966,3.5629534367704405,0.0005017093700327061,-1.9931746766502974,-1.9782873833989176,39.31221126031847,23.746627825123486,31.722267598269813,3321.844
B0007,130,1.8060548955557403,4.202901668731174,2.0793300586339956,3.563446012076242,0.001495453213727525,-1.9946160382197378,-1.9781961432676651,39.40567993360536,23.98219553879158,31.900827580605675,3311.828
B0007,134,1.8132041826994056,4.196154302326916,2.0759793304520757,3.563998342345823,0.0009071057750656541,-1.9952878943511754,-1.9670969462670498,39.32802757827611,23.71372956170196,31.5372402498617,3327.391
B0007,136,1.8062641938283535,4.2044772244864275,2.0674349483094465,3.5604902283110547,-0.0007153493376797931,-1.9951041266249487,-1.9781214643703728,38.6112528181758,23.52099861667097,31.24662583059252,3312.078
B0007,140,1.7958310249900458,4.20211656315423,2.037264031192436,3.5567002097886946,-0.0012469857773277939,-1.9939079880095492,-1.9780364457328714,38.569726951286874,23.07246859020669,30.939399361884792,3293.172
B0007,144,1.7858852600390451,4.202901194454151,2.1632674190148338,3.5584127263446006,0.0005268652442651537,-1.9931708315999248,-1.977935781469453,38.34572083526661,22.983640218520346,30.884857004354572,3275.328
B0007,148,1.7803268604502753,4.201790697233378,2.106631526845483,3.556136820956992,-0.0024226440673283433,-1.9937766833094566,-1.9780170042003,38.482540634946716,22.969922978716898,30.920682316695828,3265.016
B0007,150,1.8150756899575577,4.191916354433964,2.1809272860788376,3.568999942180493,-0.00017580190974296852,-1.993416647067197,-1.9779140108313502,41.0499421893331,26.46604285791351,33.880577817079796,3328.937
B0007,154,1.8157025154845838,4.20342192245769,2.1773498094527195,3.571059290544873,-0.0012601283929447712,-1.9946576173158321,-1.978162017642311,40.361944885615415,25.38232315092876,33.038339318294426,3329.266
B0007,158,1.8002432178056673,4.202807443974011,2.180136101967249,3.5666921284622095,-0.000769330814282425,-1.9927642557550822,-1.9779553399945098,39.6676965288026,24.501910100578034,32.27329169539202,3301.579
B0007,162,1.7904476205609308,4.203276539809248,2.1286295199076855,3.563327431073248,-0.0006536943792753395,-1.9950332824030974,-1.9779914337720734,39.481181404811096,24.043121291612863,31.937919783481355,3283.563
B0007,166,1.780343032300132,4.202580870413733,2.155901281560187,3.5590146214829015,0.0007008105306003851,-1.994232501388858,-1.9721889844228178,39.419051143069204,23.724772219746917,31.688686599521045,3275.125
B0007,170,1.775328769596812,4.203244171517053,2.067103728219671,3.5566945836342914,0.00015040857434587754,-1.9927179646840105,-1.9723254573804139,39.72196117128354,23.738337987235628,31.779120691032947,3265.656
B0007,174,1.7702629734732853,4.202697222668131,2.0619831864543094,3.555013984911923,-0.0009153700172719097,-1.9937154240389596,-1.9668382736785281,40.041366724781085,24.06931067212055,32.133873372089305,3266.093
B0007,178,1.760081061854204,4.202581421564202,2.143037413381466,3.5526373754067415,0.00014659719067076842,-1.9925505277409798,-1.960929600351624,39.66314441864834,23.857377552308677,31.889431533099835,3257.594
B0007,182,1.749647593537689,4.201275185814673,1.9929057988209282,3.547186025484395,-0.0009119903753978465,-1.994265959280498,-1.9607588424014128,39.84751541049116,23.739137412822192,31.81736328028127,3248.593
B0007,186,1.749650075059311,4.202508747096239,2.0335961968180234,3.546814755244375,0.0010974883571477682,-1.9932021181710204,-1.9607439129501683,39.743357771631004,23.58399487368775,31.72316205746117,3238.766
B0007,190,1.745028739214683,4.202333230196108,2.0213017345171265,3.5447850172972655,0.0017748697671920149,-1.9932663431900044,-1.9550964299704847,40.07246786936068,23.708228344468015,31.957150654392294,3240.14
B0007,194,1.7396457455286727,4.202490707154508,2.0789964919635966,3.5465215420964156,0.0005136007463939187,-1.9938941800121164,-1.955058998571939,40.247716114003914,24.21598770999788,32.29917704213345,3230.109
B0007,198,1.7285642277717963,4.202290557382721,1.9925354808829658,3.540832547654255,-0.0018160550004962658,-1.9929599237339224,-1.9491545130405272,40.27220819224188,24.018596493562136,32.128842946565555,3229.7810000000027
B0007,202,1.723900324588418,4.20313824854604,2.14041602578448,3.542992511358393,0.0002657157345997756,-2.002837999763986,-1.9485230174751031,39.89848456781458,23.868157730931408,32.021134355757404,3212.469
B0007,206,1.7139788776485192,4.202703239422359,2.006753861515003,3.5360811169860216,0.00032219947807198153,-1.994963835157279,-1.9431227050969846,40.0571305311587,23.679272417109907,31.859048861486652,3213.219
B0007,210,1.7139701997004613,4.202907102508285,2.121868132176415,3.5392436935272635,0.0004335128310188525,-2.0016459444206927,-1.9430080085541772,40.240711749549135,23.840345275714288,32.16100333536097,3203.578
B0007,214,1.7036521173638766,4.201457080806326,2.0119648758828452,3.5348237062932575,0.0008557352401421723,-1.9940444299252393,-1.9425165961920092,40.12941739090177,24.239122695185117,32.10276048728767,3195.125
B0007,216,1.7040137474382486,4.204304103661928,2.0744390946376323,3.5366477402090606,0.0009344669590898851,-1.99394242124594,-1.9370190075205085,40.3959693732437,24.100749099673767,32.33880662180898,3195.3129999999946
B0007,220,1.6935716157343033,4.20220228055958,2.188793384556236,3.5352062840980913,0.002218898125991317,-1.994068391906693,-1.9310192096578356,40.18751058333668,23.89454515016851,32.21373014824893,3186.297
B0007,224,1.6876577363877656,4.202001482736379,2.1739523632140685,3.5329852237553396,-0.0005031657572301142,-1.9931157642861432,-1.9304738354803441,40.14605167557969,23.747372758256024,32.09949526722965,3176.438
B0007,228,1.6830744356583152,4.202600613133091,2.1783847786257136,3.532158560934324,0.0026672247503980754,-1.9932876007572093,-1.9305510314753316,40.18846095484838,23.732576134274755,32.11305439113157,3167.593
B0007,232,1.6779270142025482,4.202328519159183,2.191481814157953,3.5308376380023527,0.0005503459303460755,-1.9932567265208059,-1.9247195409983122,40.2789498830108,23.784085634385107,32.20371989479744,3167.719
B0007,236,1.6732060275966172,4.202855889678493,2.1753473356526807,3.5296958440720005,0.002600197507149313,-1.9933610066273437,-1.9245739020356052,40.310727434969614,23.83125634938924,32.23340825772458,3159.077999999994
B0007,240,1.6674367208253988,4.202212609390717,2.1832922624558813,3.5281819372126093,5.813877826634093e-05,-1.9942955362628867,-1.9243785304854075,40.31733812871393,23.780373043169558,32.212169716369466,3148.829
B0007,244,1.6622662630667526,4.202335745153063,2.192864020990023,3.5265730179666974,-0.0006209850775538972,-1.9951017113211473,-1.9184028799161776,40.332563430145015,23.770282871894263,32.21746401954225,3149.094
B0007,248,1.6574243065763063,4.201997273379946,2.1560972126643922,3.5245022548553444,-0.0008196546730972273,-1.9939693898192545,-1.9181664471622712,40.431258866851486,23.76194654931583,32.23410177209762,3140.547
B0007,252,1.652538684928734,4.201599523927098,2.138540138129487,3.5228548406546385,-0.0005785652845972775,-1.9959097500887342,-1.9180994998619483,40.46247985933005,23.751263650793735,32.228343983674435,3131.625
B0007,256,1.6472174627573322,4.20196227209543,2.1646493163558524,3.5222829121237855,0.0007067950076479342,-1.9950531920364833,-1.9179522150901998,40.40103455658551,23.692389087728426,32.1833106060944,3121.907
B0007,260,1.6364136810898071,4.202045571197949,2.1187211383693167,3.5189923820688493,0.002584297365125661,-1.993252278498655,-1.9116539768893375,40.4426971996319,23.642375027314003,32.17200142078129,3122.125
B0007,264,1.6362554312048496,4.204697039833386,2.1377868706438155,3.5177844279570794,0.0016296703790506485,-1.9934424013813434,-1.9115865510736891,40.26214977673693,23.617774403005388,32.03316223587618,3121.672
B0007,266,1.641119179218384,4.203964293328523,2.103155697792567,3.5212226057273495,-0.0003124695442695881,-1.993721164618022,-1.917648718820213,40.645668361956844,24.167910537487234,32.506671891788216,3120.86
B0007,270,1.6315700789656966,4.201985395805308,2.186737546753024,3.5172227884430147,0.0010705188392996711,-1.9950801271316676,-1.9111337702474194,39.95209030011925,23.553024490779926,31.961039485620926,3103.828
B0007,274,1.621213282987236,4.20178017149305,2.1007747911593695,3.5125010864221813,0.0012645403116355951,-1.9937540476262585,-1.9108556098369367,40.165034583244065,23.15836420422582,31.798082670491866,3095.094
B0007,278,1.6164273214762122,4.202220537976551,2.1417010068719846,3.5129614635074673,0.000774643552012622,-1.9934634318284483,-1.9049762303506044,40.36674175781141,23.26175935743409,31.95802833708937,3095.781
B0007,282,1.615823510161921,4.2013887453306085,2.0912297625621297,3.5125204100391962,0.0004752084007865389,-1.9955237523449136,-1.9051068520548522,40.88269125311642,23.705879583857502,32.41813169746276,3094.328
B0007,286,1.61672418029789,4.201620573144587,2.1663009505205935,3.5151454557578807,0.0014730247330521256,-1.9937747556066172,-1.9049079394753692,40.856332202254556,24.063147568932987,32.64044972789331,3086.531
B0007,290,1.6108655863730026,4.201668680267049,2.1843637809529235,3.513443179473182,0.0007479343585839389,-1.993529946094214,-1.898761620917719,40.778024611598504,23.95500402082536,32.56399373078006,3085.625
B0007,294,1.6006603374309376,4.202567159315787,2.113995772639173,3.5097089402574535,0.002791130516547081,-1.9937950394148773,-1.90433828068926,40.5829305350897,23.712966469853818,32.28305350922276,3067.203
B0007,298,1.5959174487005663,4.201472345711643,2.0287779476202195,3.5042771471756997,0.0015411386303345927,-1.9948137474440242,-1.904192698545851,40.6345689985191,23.380469376342713,32.06065237439007,3058.157
B0007,302,1.5962179519462243,4.201332830124454,2.1948906641943635,3.509207943122176,-7.384784317216585e-05,-1.994905249607193,-1.8982712229514884,40.75070125010339,23.582488319458513,32.365261126964526,3058.812
B0007,306,1.5958065114633972,4.201522880341636,2.1621122251410005,3.5095064920492853,0.0018530612527821342,-1.9940601969636647,-1.8977934870545983,41.0672419235651,23.982069185971252,32.68851871366292,3058.578
B0007,310,1.5906507821480704,4.201386492450036,2.0092802451741245,3.505203266169396,0.004041019442751478,-1.9937194932286224,-1.9036436467205253,41.40590880756584,24.051439279589804,32.747733642524246,3049.328
B0007,313,1.6888211161855506,4.2333254357000865,2.144268362237989,3.5281182345919753,0.0010773421833417186,-1.9937139334305616,-1.936992342648715,41.01558674901627,23.850620264439623,32.50500516961017,3177.219
B0007,316,1.6259938279733204,4.203917718634026,2.0962813773920193,3.519590928396835,0.00016193231789911412,-1.9940123642001173,-1.9233409193548265,41.31851435911838,24.43569034018692,32.91993878980996,3082.937
B0007,320,1.6157433862812898,4.202046403451837,2.0376560852489356,3.5146260368096875,0.0025807635004239486,-1.9933319825535087,-1.916884219356136,41.4002950560853,24.481210786362457,32.948305858317944,3074.266
B0007,324,1.6056626764846538,4.201592874087554,2.050265845971926,3.5115494818370454,0.00030225152811291756,-1.9934516762680057,-1.910472150518363,41.2508092329952,24.228447169823482,32.76906651915661,3066.0
B0007,328,1.5949746921524348,4.201214370586727,2.1421639870693685,3.510769869032659,-0.0006093698061376766,-1.9942033375334116,-1.904277326283454,40.95362783962595,24.003142454503458,32.59734424608833,3056.437
B0007,332,1.5904102438871945,4.201660608337926,2.093098662464846,3.50804494279531,0.0005774339704760785,-1.9942540792901025,-1.904002494100001,40.989022190981714,23.879196296054904,32.52349894408369,3048.219
B0007,336,1.5853517062988178,4.201750207865124,2.109503853325003,3.507748080950393,0.001450116371467092,-1.9999801485407718,-1.9036546380501311,41.02622774121347,23.935993772910926,32.578228834731775,3039.218
B0007,340,1.5799737147242376,4.201226117420626,2.1295447836320704,3.5066673521067266,0.00030953117886836455,-1.995744295058308,-1.8977146678452774,41.01371342582121,23.980765847990668,32.62728298499839,3039.047
B0007,344,1.5752185465278068,4.201796973837129,2.138556110583413,3.5061843921745397,0.0007088973292597752,-1.995283636272928,-1.8973347377958825,41.04923314430273,23.999220368885872,32.652115712561326,3030.375
B0007,348,1.569798484648868,4.201200470517945,2.1437793669909317,3.5051004339266254,0.0016972268277341874,-1.9943198333456515,-1.8970045774163773,41.05277512550887,23.973654052530293,32.64767456395258,3021.0
B0007,352,1.5702565375950357,4.201289094579205,2.199196544880164,3.5054479186890566,0.005071881446587334,-1.9968908750212224,-1.8909127399289274,41.02092182377061,24.01135599553165,32.6993879231031,3021.75
B0007,356,1.565249873909438,4.201033482375415,2.0252901014990434,3.500074246846,-9.090347803085198e-05,-1.9939195524210047,-1.8968789299198896,41.34840278359994,24.011740056772418,32.724576765133094,3012.265
B0007,360,1.559633933561147,4.201482697501314,2.0874226328484515,3.5011647157526498,0.0010516290130581486,-1.9941986616958334,-1.8964710309338209,41.23753665797544,23.99347983811607,32.70434030242972,3002.641
B0007,364,1.5649820533392105,4.196165946742788,2.0863200514042264,3.500407285435189,0.0024946169574364503,-1.9932029763532655,-1.8967768141795405,41.21700308433066,24.069019867711653,32.74051962267582,3012.0
B0007,367,1.57497949984227,4.205246397279064,2.0588247910323827,3.507816455272743,0.00028709959940812835,-1.9969727693616797,-1.9031485600103595,41.89753189273277,24.773284683784794,33.38712825139849,3020.11
B0007,371,1.5652811168780458,4.201509838937999,2.007722684403967,3.5025243992110107,0.0011258644840676153,-2.0040394709724123,-1.9028574663381217,41.90270996402953,24.60432088403771,33.270627344923426,3002.172000000006
B0007,375,1.559755497470126,4.201909525379603,2.190682586389996,3.505155823274424,0.001227537594917131,-2.0003771874564404,-1.8963219640753084,41.48233804274523,24.423639542020226,33.115074143665915,2992.703
B0007,379,1.549897685670499,4.199865517000471,2.008435320437976,3.4983646475135717,0.0010402847333103626,-2.0052937156241972,-1.908430732943726,41.641162265997195,24.19968791502018,32.90572814040102,2964.468
B0007,383,1.5438771531345021,4.2008597336564515,2.1646360641399958,3.500140843862167,0.00034126514562278867,-1.9945472659822978,-1.889754408573026,41.433877603827945,24.11639369687997,32.953112654161664,2983.375
B0007,387,1.5450187488690073,4.20162098338246,2.0647427536919833,3.49909547013937,-0.000648355297209732,-1.9938553434941435,-1.8959167588975119,41.8543569979417,24.459092848668906,33.2282109237263,2975.297
B0007,391,1.5445940154102908,4.201149059944848,2.170172617792397,3.5010357611640615,0.002722359158197647,-1.9945388143156637,-1.889387844169526,41.78271326384125,24.609806274773607,33.361342590516294,2974.9850000000006
B0007,395,1.5343086721758876,4.200810741834928,2.120750718982474,3.497212315865497,0.0017320639758289188,-2.0003871362753527,-1.8889185963670394,41.62744766181303,24.334930769941984,33.12431679486816,2966.25
B0007,399,1.5287603942958483,4.200373974181371,2.13627215665258,3.496089957852059,0.0004949274212671783,-1.996471333028226,-1.8885071150010755,41.552128441464966,24.140776797393674,32.991553593266204,2956.359
B0007,403,1.5289260249179843,4.201791474587699,2.0938572364769055,3.495877119417779,0.0010239776284218605,-1.9936433250812406,-1.8888180820733198,41.839167194182565,24.391660570898495,33.2318318845246,2956.344
B0007,407,1.529091650133123,4.20067023466464,1.9959465760122976,3.493116071455022,0.0018837863099458731,-1.9952567240378403,-1.8887930414931369,42.23998716092915,24.672067025619615,33.5098123920945,2956.406
B0007,411,1.5239059324661248,4.20021831736756,2.0305769860653866,3.492655946458748,-0.00013231082391631182,-2.001090966399853,-1.888168080257056,42.040902384977116,24.56852628281145,33.382402850667845,2947.266
B0007,415,1.5186675419100615,4.200674971032527,2.0758803797636745,3.49208824531703,0.0011947086906479835,-1.9951199234830206,-1.887904907597145,41.803429062834496,24.34305560390618,33.17829959346276,2937.984
B0007,419,1.5136482266426952,4.200371214024706,2.0793549048242492,3.490216477408044,0.001065313064968555,-1.995116853206629,-1.8877303662432205,41.6886924602386,24.0993140682898,33.01591345323486,2929.125
B0007,423,1.5136050185229033,4.200965645223048,2.0585109366080414,3.4905931958620466,0.0004787085189064806,-1.9949523118907793,-1.8878077163294114,41.988171601182124,24.36377918362768,33.271000362987586,2928.454
B0007,427,1.5139470614867965,4.201492773602507,2.0253107306977376,3.4911419366203664,0.0014011551714919052,-1.994323430810411,-1.887674933393443,42.33252236723314,24.74466282559706,33.61966967517867,2929.375
B0007,431,1.5339599193158786,4.192768207316796,2.0069579017420067,3.49283645226053,0.0001912373509952447,-1.9935581248677674,-1.901022727285377,41.63553796804361,24.95875411585554,33.29697162630193,2946.031
B0007,433,1.5391372798653098,4.204602036514753,2.19792648712031,3.5025157522808223,0.003005896380260811,-2.002748484975491,-1.8951144121477894,41.470498076928735,24.95211336056763,33.393130865360554,2955.438
B0007,437,1.5236247972838737,4.200995491738166,2.0299415196572554,3.492953565598811,0.001322240211430216,-1.9944619397860412,-1.8941478117057606,41.54038193238441,24.59206034022774,33.13820710362847,2937.625
B0007,441,1.5135813035589147,4.201036137691208,2.1171503915767786,3.4917462636517236,0.001962038617783373,-1.993640903324712,-1.8875042014728922,41.13947017697289,24.21295183077047,32.84069778843796,2929.078
B0007,445,1.5077850749847914,4.200762329918291,2.1309899052747716,3.490432264232956,0.0007664599576748683,-1.994011319738722,-1.8871434043422721,41.09041922644824,24.083470327760516,32.75739655594484,2918.375
B0007,449,1.5031960676037333,4.201013677167557,2.1294318317485654,3.488861416967918,0.0012256774265900067,-1.9944414808648834,-1.8807630082774924,41.10034021580957,24.06336388722212,32.77234087259374,2919.812
B0007,453,1.4978220596995881,4.200439147859412,2.164511453629433,3.4891932104785104,0.002815913681284574,-1.9927344450972762,-1.886419275237733,41.03075447325996,24.014672446811392,32.720417557744895,2900.422
B0007,457,1.492848534633516,4.200264786461796,2.1743012710834013,3.4878785713375917,0.0022981628295229055,-1.9942563048805741,-1.8800039366336023,40.99688397371006,23.987947203431663,32.710022803073514,2901.375
B0007,461,1.492414389867026,4.200151660684939,2.1928976284966537,3.486430546073901,0.0016961980319279539,-1.9933001058929758,-1.8733366537372407,40.88481342461614,23.86413247301575,32.62076759783716,2901.187
B0007,465,1.487482776538081,4.200453152662228,2.0298495899147295,3.4812572775226682,0.00036095829228417655,-1.994355063355133,-1.879702248133121,41.09400879501426,23.796556329674626,32.57651826255201,2891.64
B0007,469,1.482535148640411,4.200291122451955,2.0959492247836815,3.4823550791204023,0.00019610973754523192,-1.9927610429233324,-1.8790751470067306,41.01377835587309,23.788802856443375,32.58396494906228,2882.906
B0007,473,1.4827874322228984,4.199877643371451,2.177723491219515,3.4835074286280525,0.001518080994059945,-1.9944391195904978,-1.8728728303565048,40.90635248178393,23.82871891762843,32.623742674615976,2883.265
B0007,477,1.476971179775059,4.200436806124781,2.056251340337525,3.478976541530706,0.0005279711713773091,-1.994379463643991,-1.8726786421400121,41.06596192416311,23.743478109305848,32.58599202496769,2882.969
B0007,481,1.4819015554137276,4.193077426787744,2.1512510632923165,3.483501191305966,0.002404244703822979,-1.992644974954703,-1.872734820116884,40.84520330629611,24.457169523678328,32.864544723781215,2891.656
B0007,483,1.4981366198874824,4.203372086437543,2.1693699073642034,3.4899701994096612,0.0008283088613030969,-1.9933389783603288,-1.8800362373714223,41.12807910254104,24.575871874910508,33.079651096902374,2901.25
B0007,485,1.4820775214392872,4.202065190134895,2.116759239247948,3.484801138956006,0.0030675311032014436,-1.9933817364068822,-1.8730214281226414,41.094988453128494,24.328512035193278,32.932141650182686,2891.703
B0007,489,1.4771155312812152,4.200086642861885,2.009424225590032,3.47835437960934,0.0030467354150696246,-1.9932411647857315,-1.8725486136074456,41.11877573165318,24.080433038145774,32.755748003791545,2883.016
B0007,493,1.4720772783056488,4.199758658258613,2.0034792344341588,3.475694933923807,0.002195963691779368,-1.995591810750265,-1.8724613181992062,40.980034990626955,23.77234297368613,32.52965474617847,2873.453
B0007,497,1.472248013656454,4.199843161074874,2.172988732474185,3.481431873453954,0.0019190547671286233,-1.9935321227601952,-1.8659419458758726,41.017509953482886,24.130003633195166,32.848065199041,2874.031
B0007,501,1.4670106672274665,4.200352076636086,2.087464676179042,3.4796060336232353,0.0021311239778481466,-1.9930538887372675,-1.865786095147701,41.299420742573055,24.398489581288885,33.072327061961936,2874.234
B0007,505,1.4617672495335379,4.200169604165679,2.110564313669325,3.4782258967329596,0.0025488236883237985,-1.996737767854495,-1.8654605849037513,41.105738037939375,24.15787591865575,32.85096451719535,2864.984
B0007,509,1.4566952670489708,4.199911577879335,2.0724687293779813,3.4743233868367187,0.0015365248744252662,-1.9940890874950365,-1.865134613881632,40.87704013237699,23.833084099928946,32.572302329954546,2855.093
B0007,513,1.451354972758956,4.199564012073342,2.1253826973270513,3.4737305453330443,0.001152214891556579,-1.9932272893446619,-1.858515986418667,40.730219862268235,23.613836363374315,32.450684441760906,2855.625
B0007,517,1.451615926257375,4.199951033620322,2.1147331324879475,3.47481272321405,0.003091812567802781,-1.9966895581151058,-1.8588972649148483,41.03226257370644,23.88537512458738,32.7394359440147,2855.594
B0007,521,1.4468161332173683,4.19995987158867,2.1738445330859366,3.476096426841386,0.002962840512688362,-1.9930274022141452,-1.8581969672334215,40.89527781087817,24.02342893757079,32.775898242252914,2847.437
B0007,525,1.4467570607768785,4.200414702164272,1.9947266977360072,3.4686822529487804,0.0006568763083351514,-1.9935942445664658,-1.8581200056254086,41.02491521192672,23.75894434400727,32.5817324044051,2847.36
B0007,529,1.4413797481446793,4.199552965128597,2.0033802121225017,3.4661964701943586,0.0026276137551773395,-1.9943703142615519,-1.8577209868352302,40.815968345794715,23.458006651239486,32.35021153014993,2837.328
B0007,533,1.4362456252208178,4.199706970400125,2.116470909151213,3.468183423895935,0.002131550219558885,-1.9938361784378094,-1.8512458354075154,40.65138669632271,23.312450683066256,32.28754240914786,2837.281
B0007,537,1.4368154153924828,4.199300346769649,2.051877342511651,3.4678606629897453,0.0003083819002708808,-1.9942060517882434,-1.8514531972432,40.965385542419945,23.67192071435474,32.603239183227075,2838.515
B0007,541,1.4362945145860047,4.200086391757318,2.003221375307111,3.4662499547181245,0.0028170347777114165,-1.993515247147098,-1.8574211435317929,41.11319128215138,23.703251528067923,32.61208344144242,2828.328
B0007,545,1.4418575315878015,4.189989265375979,1.9865974995249178,3.462469269360201,0.0021921104214289405,-1.99378580594933,-1.857823928669184,40.78738321989129,23.32719332912165,32.26742656599958,2838.265
B0007,548,1.4672063484781797,4.202670619155847,2.1908121182442706,3.480518309485383,0.0023628760398125477,-1.9962132509416517,-1.8658259561850365,40.73001188190229,23.97791363088396,32.637733704417855,2864.547
B0007,552,1.4518640367848885,4.199186500777735,2.033261415031626,3.4723137993738336,0.0012510749735953092,-1.993458887321793,-1.8647784241320742,40.990354594470126,23.91927093515108,32.665258715232376,2846.39
B0007,556,1.4471379752748499,4.199638763972608,2.19135439601875,3.474362108592906,0.0026139024713906912,-1.9936626344417874,-1.8578958465335809,40.62521315513875,23.750323116940578,32.502652632323915,2837.969
B0007,560,1.441790586562399,4.200028390360542,2.1840705012733683,3.4722823212388754,0.0027107013781295553,-1.9935668796843673,-1.8511947629213035,40.58944296824891,23.628172831563695,32.446842086875606,2838.156
B0007,564,1.431630947911111,4.199347098159206,2.1664368343684446,3.4701761898320465,0.0007252787010097335,-1.9934697961407999,-1.8509042611451945,40.584393586876246,23.53981212995311,32.39361892904713,2829.843
B0007,568,1.4318084249673686,4.199148920577739,1.987193667465448,3.4635011119445216,-0.00017952143405607933,-1.9934414275491175,-1.850858274670624,40.884444140401214,23.49802323358846,32.417221778010834,2829.625
B0007,572,1.4262562585106868,4.199648027535327,2.1314172797434523,3.467453100453348,0.0012810100184850572,-1.9940355259074865,-1.8504182940365097,40.65159637790841,23.52742809133315,32.40094040453025,2819.437
B0007,576,1.4260877528924913,4.1991931757384515,2.188995882590831,3.4675864728547845,0.000535666450658973,-1.9937717858912956,-1.8436892876926974,40.53138082339522,23.458033825865048,32.36314241861482,2819.579
B0007,580,1.4212633510031694,4.199053572226856,2.0322464946417114,3.462182535852444,0.0026041426376996195,-1.9938797141417293,-1.8498733070449755,40.821433488540606,23.438813900162128,32.382600705235255,2810.672
B0007,584,1.4163272748795108,4.199879744716988,2.1695130053947387,3.465962999117946,0.0009364024885806814,-1.9940053249383378,-1.8432877207292044,40.643362943412974,23.504429518319206,32.4323818014572,2811.485
B0007,588,1.4165781829175994,4.1986801794397035,1.9917978280585305,3.4601727514874407,0.0012154494508675095,-1.9936134940183787,-1.8494580225090995,40.97063567014205,23.538505739106153,32.48861829940489,2802.422
B0007,592,1.4108401729425177,4.199235005181635,2.1534486462617073,3.464226115253961,0.0024889122249394918,-1.9932783787552537,-1.8426221358637018,40.74888323397497,23.59680665310433,32.524062377970175,2801.625
B0007,596,1.4109949628347804,4.198950996279868,2.0101572712330453,3.458799193390812,0.0026875024090308453,-1.9936687629475545,-1.8427098003104345,40.93461596721165,23.507102422227057,32.482615965621896,2802.031
B0007,600,1.4061714290398801,4.199393701075195,2.132718741006573,3.4620805499710854,0.0009947078732730503,-1.9932378340066106,-1.842239518040086,40.74175890345818,23.49103023425758,32.46389583182878,2793.39
B0007,604,1.4063358479692922,4.198994975977764,2.0114763339798887,3.4578782949034514,0.0027780084228780505,-1.9929534332525367,-1.842252843487983,41.00964443691023,23.555518771498985,32.55681404542561,2793.39
B0007,608,1.4004552399066514,4.198421699164089,2.1610456063312298,3.461590937144894,0.0017032344350931606,-1.9975549047179482,-1.8356063485512333,40.80558697887537,23.595817643467868,32.576296430484255,2792.485
B0007,612,1.4217865046055154,4.188887274283021,2.0143553387267827,3.462906230864041,0.0005141412894631021,-1.9933150584565904,-1.8561013515700384,40.92586026351328,24.482611948371623,32.81804879809979,2802.016
B0007,614,1.4324552720625434,4.2050716026539625,2.1732119934933296,3.4753580425264796,0.001683361634121328,-2.0060375207298797,-1.8574370794605966,40.57390100608222,24.737923198971707,32.92941193334214,2820.39
B0018,3,1.8550045207910817,4.188195942647034,2.4721608434600437,3.5275462263272543,0.001459080605681204,-2.012995081928318,-1.9541761960216968,38.10180309676608,23.8195202516044,31.773285281389256,3434.891
B0018,7,1.8431955317089987,4.186703558364525,2.4114381994148304,3.534835576186522,0.0031077708566253433,-2.012643873951446,-1.9474374301153292,38.14987995994155,24.314787074430125,31.924891594728642,3425.485
B0018,11,1.8396018424355423,4.188811210133346,2.394395968141027,3.538246596159443,0.0021731033544040283,-2.0118244627327857,-1.9520511323479741,37.5266914843442,23.74169210144422,31.31691283374216,3410.375
B0018,15,1.8306736044962053,4.188875360300162,2.3999481734774424,3.537697945111872,0.0019898436251189404,-2.0135271229076634,-1.9460914562122762,37.06279237079503,23.227856809949373,30.821190751176527,3404.719
B0018,18,1.8327002069419656,4.189908817357781,2.3851461229395867,3.542667604586918,0.001791496299138119,-2.014479287336525,-1.9412796601390512,38.2110354381278,24.414641711593454,31.95346971511436,3417.641
B0018,20,1.8285288846046388,4.190509582057232,2.3716770708389117,3.5451037330477333,0.002663054224170818,-2.01246830059768,-1.9400338819083036,38.17496505957075,24.695286535085184,32.02311236185272,3411.766
B0018,22,1.8212011895697924,4.1903241054041,2.4964491577040793,3.5475142438631493,0.0024302706501015303,-2.0129654127777004,-1.9335667184847714,37.64038685475582,24.31366014142129,31.634533158077694,3399.516
B0018,24,1.8151700106433282,4.190302498850287,2.4374506721131883,3.544812433691423,0.007315177847634387,-2.0253396376938984,-1.9332161326561408,37.37602884738843,23.917267950078497,31.288194921595714,3388.75
B0018,27,1.8042980520967649,4.188517549229078,2.4152206992194847,3.5434780274164095,0.0013308719123062843,-2.0164107237206794,-1.9325959489970461,37.28928029078695,23.654641102277676,31.11122470608501,3380.406
B0018,30,1.8231002302844226,4.191794143442699,2.377432309524995,3.543133206790044,0.0019160597964111145,-2.0137948590788683,-1.9387520938161948,37.52377766578506,23.598003231352457,31.13166983979621,3404.141
B0018,32,1.8121253520255494,4.190699409462101,2.3887487262583647,3.545155146280937,0.0028767662739353694,-2.0130992718348324,-1.9319248326301843,37.72420412562674,24.126322531318674,31.51305775907457,3396.141
B0018,34,1.8046916382117766,4.1902633112754275,2.432289857016922,3.545032366549762,0.002628201879030579,-2.012646457499825,-1.9249594896453863,37.41366095304306,24.009919830527505,31.31102568785445,3384.094
B0018,36,1.790844349786295,4.18970538556629,2.497495633221204,3.5440892170496827,0.003204989680715983,-2.011939908405691,-1.9179528942264992,36.94724908852665,23.551364638150325,30.893964711700164,3370.656
B0018,39,1.783470722841926,4.188354430914051,2.478768686108376,3.541317108618481,0.0038464738146169104,-2.013704827395307,-1.917373033348097,36.707091312059944,23.09050168217513,30.540598970902945,3357.797
B0018,42,1.7809386125310702,4.193543208571066,2.3858494078680206,3.541197979542517,0.001982013280312633,-2.0130040542547274,-1.9180652422275581,37.13061214416645,23.303464882146475,30.82566018736547,3363.015
B0018,44,1.771209039672698,4.190238041929225,2.372854084449551,3.541255460524434,0.0020341106534608818,-2.0147841532663255,-1.9106033469326071,37.686600065941576,24.000119916961825,31.451400678644536,3357.734
B0018,46,1.7686303996707076,4.19075698083662,2.4086912736769084,3.5427478949705886,0.0030576354902658847,-2.0129355983090056,-1.909404549449075,37.633580732302406,24.22294874000798,31.518847747922937,3344.187
B0018,48,1.7536304801917124,4.189715378549557,2.496331992137246,3.541251093602656,0.005725980789228198,-2.0117266911103093,-1.8960567702455413,37.15252578645951,23.79566158754756,31.11237289077096,3339.969
B0018,51,1.7462197416415093,4.187635645163932,2.4199896352919668,3.5350260562177453,0.003541070186068654,-2.012077515518729,-1.8948411660605735,36.78829001793698,23.127324953354822,30.586452588663985,3327.641
B0018,54,1.7376647337053737,4.191004692440202,2.3587321881999297,3.5326627624319777,0.0036253848491611656,-2.011349710066744,-1.90021436299665,36.541146197392216,22.780967262070938,30.242913021104116,3312.844
B0018,56,1.7315166735475835,4.1906972904216495,2.4458096660548825,3.5333109441755526,0.0031433432763886223,-2.0122749284189503,-1.8936767267608487,36.372087786130464,22.578707611599036,30.10270376338569,3302.031
B0018,58,1.7085949894470602,4.185877977731026,2.3808537751929744,3.52738705832889,0.002668820853540544,-2.012448687975656,-1.8739718829459886,36.52608510498833,22.714077867822585,30.251184852221932,3305.547
B0018,60,1.711469957068211,4.188109147549676,2.436955746154759,3.5296025965720452,0.0029159205825874746,-2.012334644346066,-1.8791764961687347,36.476252762052624,22.65890518865621,30.212407704391104,3289.562
B0018,63,1.7075021373272627,4.188302415854336,2.4671365731790713,3.5289707694229833,0.0037528750707342844,-2.0122688936966697,-1.8780560689384003,36.377208902376694,22.508167425430855,30.125011009636175,3283.797
B0018,66,1.7492382064360228,4.18962510592865,2.4129371999368505,3.5322741848919814,0.0019453368756264665,-2.0125131739991478,-1.8993718818269214,36.64000948247426,22.614491386507936,30.22428629982563,3325.235
B0018,68,1.7327697147429955,4.190150750158746,2.3497771039810256,3.532438322521663,0.0029083838216241334,-2.0129844574191207,-1.8926958551018211,37.38165499248184,23.427272668893146,30.976376254737342,3317.547
B0018,70,1.7222313328292376,4.189151018945234,2.4904700018477026,3.5363211310943603,0.0037961984514900287,-2.013596799411644,-1.8783667048362822,37.59824760372582,23.95851287847354,31.41570291330098,3311.766
B0018,72,1.711846298984729,4.189631312089484,2.4650908929255406,3.533535274219931,0.0037891536387384367,-2.0157162812456435,-1.870834339681941,37.560555155163414,23.961434154126863,31.383299841535273,3305.218
B0018,75,1.699267835126687,4.187690359657657,2.363133281953362,3.527012841842043,0.0035498928055129487,-2.0125462740568847,-1.8696567234639716,37.52114200586718,23.619671716582488,31.167937826253635,3295.453
B0018,78,1.6940366439243106,4.190215357888677,2.4790616361836206,3.52925730014011,0.0016492704051233778,-2.012800439982786,-1.8623726014599724,37.21887096740918,23.47871848419422,30.994690437264207,3287.0
B0018,80,1.6819027078768087,4.189776104976122,2.491905723274248,3.527821497534469,0.002190147303883702,-2.0132684044986244,-1.8547843408980225,37.33441415744885,23.470322857025764,31.055317978554886,3276.922
B0018,82,1.6769770618433686,4.189846430994002,2.4337177596826547,3.525692957415014,0.002422460444844895,-2.013231862286827,-1.8538766950740675,37.7331798444306,23.769516048374253,31.373945543706103,3268.687
B0018,84,1.6655229306478936,4.188109551881256,2.4424506461535755,3.5243962482347273,0.002215230640040344,-2.0132145295965795,-1.845735037450336,37.84649344841882,24.001463155521233,31.56128410753226,3260.594
B0018,87,1.6571924575832084,4.186368648390758,2.4383419399858552,3.520797576383474,0.003993572160097532,-2.0141222933728917,-1.8382538558498933,37.670164941661795,23.697189900442215,31.318474723902874,3258.812
B0018,90,1.6482241555294048,4.1901657245031085,2.4157245398944123,3.519457281260753,0.00307811413825585,-2.0127023314619743,-1.8435676915974055,37.53185198546868,23.490432582557037,31.104012325043946,3243.422
B0018,92,1.6387701497987262,4.189966178473989,2.323395712524894,3.513165600287965,0.0023451184424322356,-2.0131406541163614,-1.83704467002657,37.593333753421376,23.31675245518661,30.989730398009076,3236.515
B0018,94,1.6276486907262062,4.188259618341401,2.4985039496028567,3.517217159454334,0.004150949798063808,-2.0140330003394356,-1.8211904293154166,37.361410110678264,23.252438684811104,30.967851972472324,3230.734
B0018,96,1.62215370227252,4.1897400575765795,2.350237238739749,3.5120091114107965,0.003092327602219437,-2.012673084048405,-1.8270453339799269,37.899803246715464,23.493229087742925,31.285342046153826,3222.093
B0018,99,1.6140066510467586,4.1862359225351335,2.3337740352348813,3.50911052654104,0.006196969805765551,-2.012635202899368,-1.819052179250902,38.03149707759718,23.64731684697707,31.41096207271253,3220.344
B0018,102,1.6760516154424623,4.189625262426538,2.317647291087635,3.516106699716392,0.002701103444968023,-2.01318368468478,-1.8693745969498121,37.42220155418978,23.01653902765608,30.755137125871208,3250.75
B0018,104,1.649300642552199,4.186586244011676,2.492394514304757,3.519010068254593,0.0036285932240811758,-2.0121931540017886,-1.839770443871628,37.32511174435206,23.382703180887166,30.977446633931525,3239.344
B0018,106,1.63238299185809,4.189366482043888,2.372828310153791,3.5124212742229295,0.007641409109865343,-2.012774153678253,-1.837963396328485,37.31088262198154,23.141477779700992,30.800512192698992,3222.25
B0018,108,1.6164159719025777,4.188553804618968,2.3560703177076867,3.50815215295169,0.007676009080476515,-2.012946778665685,-1.8296109578903785,37.232346556887364,22.876954081867613,30.616192795676138,3206.157
B0018,111,1.6109028378249377,4.188764708195774,2.4644431530094417,3.508648568515266,0.0028721856858407295,-2.0135827897679706,-1.8210831511954937,36.94850857727268,22.56634750757244,30.399839302766903,3197.969
B0018,114,1.5954638693695657,4.188636968174337,2.4195167274486726,3.5051993439595477,0.0029491869283430608,-2.013020303951627,-1.8199201144788144,37.002663545357386,22.549823121887282,30.38386825126278,3181.625
B0018,117,1.726707440085764,4.188466199744378,2.3422406504312434,3.523165280193865,0.0073633480208382,-2.023314533825632,-1.8951156248467713,36.71025442949399,23.125008977470344,30.576239500422748,3302.36
B0018,119,1.7165673917429753,4.189570916346704,2.3755467142668496,3.527269876472835,0.0032934948283157364,-2.012680983917414,-1.8867694858233446,36.72807623650589,23.408964388688208,30.705906284556665,3285.812
B0018,121,1.6958235570934848,4.189584987657955,2.4146291375325917,3.526762654741574,0.004286680782742665,-2.0115911942512583,-1.8786631828974334,36.72959308355185,23.270929426489833,30.62583594950684,3260.016
B0018,123,1.6777783190792557,4.189371286385834,2.3844645496129964,3.523020179476104,0.004183898934495341,-2.01260531537844,-1.8704748023295987,36.787462351640364,23.203934391629982,30.597357068657974,3240.031
B0018,125,1.6606586897774192,4.187606340824144,2.398646371281655,3.519792345798265,0.0023580257907636596,-2.0134407767806635,-1.8562833971202242,36.75689163314213,23.12071549691479,30.528493896066262,3232.265
B0018,128,1.6664109274827466,4.188829347125095,2.4557130111721626,3.5251014582287223,0.0026733379256400546,-2.0130995106645164,-1.8625354754370638,37.350157630970955,23.773481587876258,31.203754246103966,3232.031
B0018,130,1.6468336174407805,4.189202115880737,2.323665882820083,3.518519199837846,0.003914352341410376,-2.0125662318740924,-1.8606833274060013,37.48126030855565,23.734039908264887,31.172639449335037,3209.5149999999994
B0018,132,1.6257639928779952,4.186778882107656,2.488054079510012,3.5190801794284594,0.010979300984551101,-2.026718552407948,-1.8383636766891702,37.125443897626305,23.549534792728995,30.96825922704022,3196.125
B0018,134,1.6121577411874595,4.187888599491238,2.3306937114568003,3.5114167272902406,0.014305956605835403,-2.013261835361458,-1.8436958588115397,37.19112571388883,23.30725669183149,30.821704306343133,3172.562
B0018,136,1.6057366823755344,4.18915752014188,2.389399831578687,3.5108038681605738,0.0025621455991493543,-2.0186878439171223,-1.8362729789790888,37.17642722353301,23.143976887539054,30.765219721637393,3172.735
B0018,141,1.673645314879889,4.191289655270872,2.4864200723178747,3.51432611790755,0.004131966284108246,-2.012371641203182,-1.864690278795044,37.11936678632194,23.07707229087829,30.809988428281613,3238.109
B0018,143,1.6404348572349936,4.190628233635541,2.4673631110639858,3.5196664048265607,0.002969131609571257,-2.013097827670719,-1.8572649157581866,37.2702464066457,23.56722203053731,31.039033590700278,3191.063
B0018,145,1.6132653317422077,4.189158279329032,2.375173080957567,3.512403849382274,0.00394248906687806,-2.0125787987088013,-1.8483454421357695,37.39550861947664,23.533363397677242,31.04176453157222,3165.828
B0018,147,1.5920964324686278,4.185868202467219,2.371626022111289,3.5077862234460104,0.0034682912763662715,-2.015019692764474,-1.839168422289249,37.378956702246384,23.381334724831305,30.959784195511766,3140.407
B0018,150,1.5866011820698824,4.186906972044146,2.463955873060647,3.5076596102713244,0.004803683972892686,-2.020734675534358,-1.8303326102702338,37.245718322158105,23.16774870033671,30.843513277103145,3131.922
B0018,153,1.5800766490336253,4.189576283423886,2.475545296633258,3.5074833565874615,0.0015615748555885284,-2.012930230685489,-1.829290599843924,37.21755583353321,23.120310509686572,30.797157400797865,3121.109
B0018,155,1.5641732953289167,4.189808713646982,2.3791563087604626,3.5023865933440717,0.0030432402930327023,-2.0135210876274656,-1.8278449003095165,37.56150979821064,23.27342231930282,30.984434580754094,3105.265
B0018,157,1.555618272193922,4.188889298039903,2.4776158338943337,3.503693493885047,0.0038725843255058953,-2.013049747683001,-1.8188198987741453,37.4174791317661,23.278670276560845,30.967899275139946,3091.25
B0018,159,1.5402045278637397,4.188220838257245,2.4205549690097223,3.4989948462048113,0.0037249670985359342,-2.01215000710487,-1.817194042260449,37.55101533655474,23.22385871065304,30.976616345195186,3076.703
B0018,162,1.5321613015959863,4.186454063976498,2.415388497112405,3.495405576723954,0.0037645779343444034,-2.0124985987201267,-1.8157980815469454,37.59895044072871,23.027207477057086,30.89768961926806,3062.328
B0018,165,1.5316232403693415,4.1895672733133145,2.3974205597873093,3.494528300232307,0.0032327560058023484,-2.013303363874512,-1.822108117298183,37.489239782169804,23.026059458250696,30.81568822237933,3050.563
B0018,167,1.5222595950771978,4.1892977641056035,2.497752653580319,3.4962554827793926,0.0041669753720565235,-2.0127782408337165,-1.8129628028687814,37.37911114363861,22.903021044448273,30.726188079151118,3034.672
B0018,169,1.5065267126851283,4.186793087812023,2.3726090777895896,3.48769646191346,0.004069757272822615,-2.011894643612056,-1.8044876731207795,37.559604168615785,22.833484092130533,30.76818712651005,3031.25
B0018,171,1.5014219556532926,4.188594535127793,2.36844257542991,3.486547580844067,0.0038292070941918738,-2.0125266173463885,-1.809986175960184,37.61805450748922,22.85810521586403,30.775415173787835,3011.343
B0018,174,1.4963534117486457,4.186295492358637,2.331968556073514,3.482298183882304,0.0033564516364867365,-2.0121939690963395,-1.8090400456598725,37.71101994346608,22.739418289546798,30.761821976538275,3003.0
B0018,177,1.5334262000312422,4.187384370589753,2.4057755306304176,3.491819481711868,0.010952486582947282,-2.0205100517708847,-1.8273691233501441,37.767989299214086,23.009880638439665,30.913721930762733,3045.187
B0018,179,1.523845267514426,4.188929264481706,2.4720838848798987,3.493995853241935,0.0022373072205481145,-2.0131819742858483,-1.8180385592622932,37.91919394450186,23.372100245576046,31.228215653165606,3028.469
B0018,181,1.5011920994261239,4.1852697593324315,2.342731326096539,3.484377015629623,0.004404973809935046,-2.013496073486494,-1.8085351614741645,37.99328509003338,23.432194318140894,31.261679783387308,3012.937
B0018,183,1.492417671450291,4.18799771486628,2.4198650452188226,3.4859116793558376,0.001780177000886265,-2.0122733205325782,-1.8068041184926535,37.984838024989045,23.292599343405758,31.18408593575448,2998.875
B0018,185,1.483323851940123,4.187899339921793,2.438879997223475,3.4842787539766786,0.003198488331731842,-2.013027320256293,-1.8050190987020625,37.8288851383529,23.099397757771566,31.001432353085377,2983.547
B0018,188,1.4807376792294196,4.1882916128809375,2.430465824271706,3.482988652120672,0.0033492168235809095,-2.012954260463709,-1.8118563821702207,37.844837975501,23.03846743756316,30.981374033120872,2966.86
B0018,190,1.4735077809902477,4.187409532380725,2.4907267597860656,3.483799876979844,0.003924536033092068,-2.012741175686338,-1.8021525551783737,37.8984610468502,23.110947703655086,31.088687926688607,2954.797
B0018,192,1.46801928526661,4.188656943531829,2.3678328028644775,3.4787540756450497,0.002327705686226338,-2.013377348559974,-1.8092953592546854,38.27784043980244,23.4240998983518,31.336420133762665,2945.735
B0018,194,1.4580923557119019,4.188198669984733,2.3532703553328904,3.4752194351784507,0.0035939400914024445,-2.013211476410487,-1.8000309691416814,38.24434303919528,23.211014993257855,31.22599987103565,2941.375
B0018,197,1.4478660988891399,4.184528192003684,2.362897904778893,3.470739535801023,0.004826343280178228,-2.0142936610392694,-1.7981302589297092,38.06956259266949,22.93446707088835,31.037323488688802,2923.953
B0018,200,1.4527808777541982,4.1927676322495895,2.420200016704328,3.474600910003521,0.0030147593152949946,-2.013245286480298,-1.8058248446047425,37.81744565252647,22.715597927537367,30.811349225731828,2921.031
B0018,202,1.4425356364492432,4.187873640279204,2.472605886588914,3.4740521567700093,0.00188911652035422,-2.0138967840468363,-1.795955865281378,37.902567770354786,22.816866662883296,30.932223179746046,2902.75
B0018,204,1.4392712877203313,4.1880559282136725,2.483165462226557,3.475075728648004,0.0014032197731020648,-2.0132739002306224,-1.7951057003644757,38.16628336469349,23.144424017860068,31.215527070380897,2897.875
B0018,206,1.4286475681888218,4.188063095530185,2.4341986830086237,3.472424307596416,0.0030231667836495995,-2.0131642650090824,-1.7940097981352856,38.36789486715962,23.36546101646915,31.400797084337558,2892.094
B0018,209,1.4249026750004896,4.185913481526783,2.497859027600416,3.471751102262539,0.0024527231990189072,-2.012453716602352,-1.7841592631620102,38.19823604401131,23.10859423301546,31.259213269721236,2886.921
B0018,212,1.4698115324524124,4.187259539606346,2.3747408457948316,3.4745407296058963,0.0031177160092426474,-2.013506755621097,-1.8136320536623207,38.099982807571635,23.10528361267006,31.134701292957466,2942.531
B0018,214,1.4525819651050202,4.187670932765983,2.3589340839760866,3.471720060423485,0.002504583669096718,-2.014872086495032,-1.8109604460875317,38.214523782841354,23.26167836334653,31.246879695988095,2912.469
B0018,216,1.442834198908794,4.187836103953847,2.4413266342198545,3.471398409828823,0.0016023425232613384,-2.0126300040805116,-1.800802328247715,37.939696536164234,23.027044613835702,31.027558674438325,2895.594
B0018,218,1.428376058807949,4.18719517574786,2.311419659807122,3.4626491088970703,0.0024115620742285447,-2.012054810012164,-1.798647877727257,38.06666733482501,22.789023525262486,30.931917385258963,2884.406
B0018,220,1.4154547844370715,4.183339938829854,2.4953159238201255,3.466072725920186,0.003922239513771784,-2.011816454093025,-1.7804067367547436,37.63260475617888,22.47935333131366,30.667082236656018,2873.766
B0018,223,1.454576670077708,4.192209704853633,2.4398479869382084,3.4730670533412877,0.003202237339106182,-2.0147251295387147,-1.8167125180994765,38.18223603956323,23.14563143539215,31.226789107710772,2893.375
B0018,225,1.4283179548274056,4.1866224559264715,2.376538319699514,3.4668548162926327,0.0022908479361973973,-2.01362953818943,-1.7981268087177564,38.3907466519188,23.299987417730907,31.387733116648285,2884.9839999999967
B0018,227,1.4197026883204058,4.186945959000922,2.3722299202290382,3.46527367520258,0.002742773505057746,-2.0143431411678145,-1.7964439222994821,38.51622654624205,23.43938495660897,31.505666838292886,2870.234
B0018,229,1.4155606630306516,4.1874400308161395,2.361475505115684,3.4638878223448684,0.002494763805785208,-2.013805013275104,-1.795371462470329,38.56612180540248,23.52414825084503,31.5462258449116,2864.11
B0018,232,1.405680035419228,4.1845980039811215,2.317937855025735,3.457807923440064,0.003657732380165694,-2.0140103653857673,-1.7937175263130196,38.5606541602861,23.166973356692417,31.389977882297476,2846.64
B0018,235,1.4084461071166137,4.186742025132256,2.3372859753156225,3.459813554486507,0.0021603358076119307,-2.01313706710909,-1.8014517734888207,38.53842073636507,23.275962802186438,31.385433749863733,2839.532
B0018,237,1.3968547782872414,4.1871520936423146,2.3528810264952194,3.458027727779737,0.003971959499767635,-2.0146560328783325,-1.7915215753378781,38.548873480234754,23.24250038456045,31.423707199142058,2832.703
B0018,239,1.3935670371440676,4.187096292904282,2.4646122144537173,3.4613996718507845,0.003500477982654989,-2.013905602750019,-1.7816941240706174,38.45838357496903,23.25643130784119,31.435368910968148,2827.077999999994
B0018,241,1.3893644292809475,4.187367312766795,2.4684655225527004,3.4611285476693214,0.0019150019110163161,-2.0129862192992305,-1.7797379985412234,38.54382874673793,23.40948042071164,31.542375291159843,2821.531
B0018,244,1.3785651415666713,4.18534593452204,2.4092923539400735,3.455556822823358,0.0035633455174765133,-2.0130373888261315,-1.7856528650965158,38.650883957434026,23.25216185853628,31.52669677306915,2805.156
B0018,247,1.384901110085747,4.186646524222555,2.477625480372779,3.459598362944341,0.0025270257598763997,-2.012440412153309,-1.7784070647657095,38.45654834997334,23.267794615238977,31.435921914290372,2814.906
B0018,249,1.3703251814242443,4.184730834033599,2.335608852853518,3.4506569891269216,0.0023090961991655713,-2.014185743260078,-1.7778412667349817,38.6564130442344,23.181832500776718,31.475238112886494,2801.156
B0018,251,1.3733464385229082,4.187175976285891,2.441999086782534,3.455515243082573,0.002745502446135923,-2.014463667770562,-1.7764462760420034,38.655587491253975,23.347201662807525,31.5817445550721,2794.187
B0018,253,1.3679487285504814,4.186108406696249,2.4651687831472158,3.455840338587253,0.003537652556034693,-2.0133489214151132,-1.7752748972563315,38.6997087046862,23.433341482891272,31.647958536134297,2785.391
B0018,256,1.3567141087089647,4.183460397462309,2.370892032033162,3.448678293668265,0.00777136119727041,-2.013428528654807,-1.7742013268724648,38.87481687744787,23.298067848672567,31.662032275252905,2779.5
B0018,259,1.4604310209194575,4.187091541628412,2.461879783248223,3.474503178644755,0.0026017060660145164,-2.01277944734302,-1.8196650877007408,37.363974526077364,22.45542569835154,30.434500875864142,2899.234
B0018,261,1.4500998937104097,4.18736921126964,2.4247066368907255,3.474031881945217,0.009113413153803115,-2.0200047420918392,-1.8096836854216038,37.88258787662229,23.061560846748243,31.017997058077018,2894.922
B0018,263,1.4381406901824496,4.187597633155394,2.4447222974031386,3.474404210386772,0.0037645837135773905,-2.0133646895300226,-1.7993287687468955,38.158980736604235,23.475330204930167,31.39483761465523,2888.25
B0018,265,1.4283681980964316,4.187608979498198,2.443569395327192,3.471767043833224,0.004329207944597547,-2.0145941601021073,-1.7959419603883284,38.05243159675446,23.342810660410986,31.24511885640641,2873.906
B0018,267,1.4147874517552432,4.186194120124063,2.4666000274194886,3.4685305272975935,0.00414847549756057,-2.0124706482591095,-1.7956017209600372,37.89096376444466,23.05129068270268,31.05306925187263,2847.406
B0018,270,1.413889163393182,4.186991375693876,2.4272514813701016,3.4651213646662598,0.004724226515961871,-2.0131822133527364,-1.7929541659933774,37.81203585126145,22.881894923564886,30.88589263299331,2849.281
B0018,272,1.3989331662177225,4.185443351643291,2.4762628371779,3.4652879859475885,0.0013113732243447548,-2.0130225462243683,-1.784474211719448,37.9591954678784,22.925649519285958,31.053992379018933,2833.688
B0018,274,1.3953322584033976,4.186308413669027,2.3607989727330003,3.461799526154992,0.0025506726829285183,-2.0189079388265974,-1.793581043096934,38.521043498835155,23.438805891313166,31.492840068071885,2826.453
B0018,276,1.390046129540245,4.187179397572641,2.377011586588198,3.463260140320492,0.007811398672227585,-2.012765928007659,-1.7920645354970144,38.878687997701746,23.89396136161553,31.93832684630049,2818.312
B0018,279,1.3860271454209647,4.1854460754417,2.4567563196678455,3.462839429201602,0.0028245095443000727,-2.0130424938927276,-1.7809541104468565,38.65118899876309,23.638036923350842,31.74562722135923,2812.7189999999973
B0018,282,1.388215260193751,4.193052368415502,2.3277314025979847,3.4569152237960306,0.002422871753456174,-2.012206599766764,-1.7989851707207014,38.434235278537344,23.131840707705734,31.31018499405759,2803.5
B0018,284,1.3761826562394497,4.186241953638429,2.4537913827403948,3.4574690175816127,0.003192129137073553,-2.012141821898546,-1.7873231599598716,38.103875724329995,23.032251614508017,31.127360345471814,2783.25
B0018,286,1.3647168898640165,4.186011006323472,2.3475608877759067,3.4502191781217797,0.003924964064534741,-2.01231372073967,-1.7861666392556754,38.12742842632319,22.829010081336715,30.985550813719595,2776.391
B0018,288,1.3589854739373584,4.18675624032869,2.3558347560196564,3.4486728051793962,0.002101974331477834,-2.0131811880616888,-1.7849995504167615,38.03962943213698,22.67782621456358,30.899653280757406,2766.516
B0018,291,1.3462308764008801,4.1831553230638425,2.3791102362944754,3.444632719716698,0.002880850510536099,-2.0132734649228214,-1.778331020505836,37.85657903247749,22.35025648802666,30.706123644966482,2751.516
B0018,294,1.4268427818454643,4.191989955143364,2.444740635238248,3.467272639213176,0.0031832258024873626,-2.013950042532596,-1.809775952165901,37.43017193410286,22.367517988223096,30.47122187456595,2848.859
B0018,296,1.4064481483279663,4.185628679672912,2.431867772331712,3.464490491162134,0.0020467170443975663,-2.012375320433943,-1.7896694300229208,37.8264149292754,22.904023394656047,30.939221783021114,2840.016
B0018,298,1.3934907492075153,4.186834478731371,2.344037291947413,3.459667012281024,0.0033289159470451285,-2.0124205467796688,-1.7970097248124899,38.08307173716899,23.11186259982214,31.111640631561894,2817.375
B0018,300,1.3882493512249316,4.186613091061155,2.456436863057259,3.462241956955771,0.003253304712230313,-2.0131578787415245,-1.7861513769566684,37.88279649093536,23.04417103672731,31.037910219908994,2809.234
B0018,302,1.3701878338420928,4.183907160253637,2.395547668334432,3.4555661695067355,0.004023509653083662,-2.0123169807019234,-1.784162084841115,37.96027066990377,22.83426471365,30.967950840538833,2791.187
B0018,305,1.3796951665608619,4.18533882899107,2.4536749172979215,3.458696199585801,0.0030324690133305163,-2.0152254170182307,-1.7845257009241222,37.880513353762176,22.83589303178486,30.93996203578424,2794.016
B0018,307,1.3686586323935683,4.185280284017658,2.3062728144586413,3.4525282614097663,0.011629893425885716,-2.01421415925087,-1.7920667435100546,38.43416278222213,23.179921311075763,31.295019295352862,2774.719
B0018,309,1.3627371779096438,4.186281579801858,2.3471092023857154,3.4552290080443044,0.001790405186493135,-2.0128415184323125,-1.782779873271704,38.847489737859576,23.715085051859607,31.81846533166901,2777.844
B0018,311,1.3634051133928073,4.185356132672309,2.4884289104730986,3.4619744219744675,0.004782655629114369,-2.014392678620289,-1.7725212915953121,38.80283421497622,24.038521624132176,32.00067162597675,2781.125
B0018,314,1.3518646035305233,4.181406543107895,2.3992178234155577,3.452221905520614,0.004238943215349039,-2.012835608795986,-1.769870119236631,38.72699121838442,23.56288829160871,31.73992229230571,2760.906
B0018,317,1.3547969729652622,4.185252405343103,2.2786338886500292,3.447650049442191,0.003419727085108473,-2.011864019911752,-1.7884847819526568,38.67191958148309,23.401477050368772,31.52613649688221,2753.25
B0018,319,1.341051440640485,4.185763363191996,2.3655846763383734,3.447928507599004,0.003082458417792545,-2.0128686821286053,-1.77774044867741,38.371813640118894,23.123582937943876,31.27624493654335,2742.843
B0025,4,1.847011162956716,4.196965327364252,1.9182683747066012,3.400080836543819,0.00362245138600783,-4.027931217882849,-1.0680263652396946,41.81748104839704,26.503791065076168,33.13281956573637,6515.422000000006
B0025,6,1.8485654344528386,4.202556431495687,1.8939610306669548,3.4067357604110753,0.0038947878766607863,-4.0283470601196845,-1.0683949803553137,41.504410609595574,26.21789049788759,32.848310333012144,6516.219
B0025,8,1.847111177186175,4.202713117217314,1.82462740970999,3.407792325190085,0.0037637098566710753,-4.028306841028089,-1.071886802134967,41.670776193570134,26.419675926917517,33.07297579198606,6489.5
B0025,10,1.8489837601535537,4.203084581094102,1.9612044915457982,3.425685226676254,0.005409341565185887,-4.028897912512196,-1.069881568315977,41.58349706133725,26.557301540486087,33.12836651135456,6471.25
B0025,12,1.8370120718560439,4.200058863569411,1.7869386268841287,3.4102415310941074,0.0032108902176176297,-4.029600870864891,-1.0696478002906964,41.82908827830225,26.61720163533676,33.20066590827124,6466.672
B0025,16,1.817549211247137,4.178122904439056,1.9399607811955055,3.395651158058303,0.0031691595779807236,-4.02823190197934,-1.0609975004031984,41.15307253815554,26.38695918330851,32.8030291471027,6410.672
B0025,20,1.839863822522073,4.198227921922519,1.7632585904014149,3.3987545550856617,0.011942320812140217,-4.0284426372332245,-1.0700556397664167,41.167510218490015,26.182583925840603,32.70663040910488,6474.156
B0025,23,1.8430595619731431,4.201052747751877,1.7411634552856725,3.4107861698937034,0.004251121425607281,-4.028591260100669,-1.0673189298080559,41.40744159178738,26.57839299781365,32.88774741633189,6460.75
B0025,25,1.8401871729536057,4.2014816169511375,1.990361763373611,3.4362212866947472,0.004995226754526997,-4.028787836120025,-1.0619524466901569,41.089112912518665,26.516178483949197,32.85054388832057,6448.907
B0025,27,1.8281265632888257,4.201461223125712,1.8524105657072532,3.429899192703782,0.00923119912736286,-4.029715142311533,-1.0617949104462787,41.56081694228564,26.776145101766126,33.21344988692114,6447.125
B0025,31,1.8253563336445804,4.190430872833885,1.7970500760271888,3.4061977189259807,0.004483366830661881,-4.027391825734414,-1.0616392954595641,41.027186904575295,26.14548341054868,32.54793058844526,6431.219
B0025,35,1.8214180552626154,4.197641122625931,1.9099130781506344,3.431364532702854,0.004890389760649614,-4.027595208325832,-1.0590758191027096,41.20659187421087,26.576468758844456,32.95568065114475,6442.203
B0025,37,1.830315627968932,4.200877212432817,1.9344488971472638,3.437199999112006,0.008092210324098516,-4.028474225036271,-1.0596169539874956,41.458124206642374,26.983382387627444,33.31259035127085,6427.079
B0025,39,1.8175491643824844,4.20189282071032,1.8425883947903754,3.4349851634526334,0.03046127232114153,-4.029721928809883,-1.0597552847363263,41.50830652935,26.96989321715805,33.27639301328207,6417.156
B0025,41,1.810901200296979,4.200832471783116,1.8285852544110042,3.4358715577304486,0.008863039345181947,-4.028724169575779,-1.059854592361014,41.369681799861574,26.840841260921778,33.13052620279671,6398.907
B0025,43,1.8083032603084233,4.2006834078208275,1.8355395996102943,3.437200278486185,0.017170204462116916,-4.030782136338009,-1.0604451363745762,41.46226760798129,26.879810126294203,33.262538649813465,6384.75
B0025,47,1.7928016149381065,4.176908127442872,1.9492783916128957,3.3887362465772446,0.004450321459459288,-4.027991609867125,-1.061164896269225,41.32045149274522,27.38742094844262,33.455906862521594,6284.063
B0025,51,1.812563150045885,4.198430576015103,1.7363301713780446,3.3997812429989795,0.004809562587394428,-4.0277556636915905,-1.0644657893096274,41.29100352861782,27.278235740158276,33.359161719231366,6370.937000000005
B0025,53,1.807772607491239,4.201378297006623,1.7105280581137303,3.4092528162288933,0.004504843262715071,-4.028543330165215,-1.0636693462251967,41.08913600776219,27.155818753476673,33.19907517017467,6359.812
B0025,55,1.8048055175003972,4.201267329262803,1.6755342791432475,3.413290161572333,0.005444848316188652,-4.027516600690674,-1.063944284256531,41.020672808164036,27.025078005866863,33.10915637159371,6346.156
B0025,57,1.800538555899242,4.201007650907643,1.6704419000715314,3.418321145613461,0.005047689637102718,-4.02700237666114,-1.0644931821377202,40.73588950026045,26.87253908617082,32.8730319628199,6328.172
B0025,59,1.7942356098033032,4.200640308563649,1.7016507714607274,3.4228002445936747,0.005449243485488303,-4.027487021545032,-1.0611486398597036,40.76227622359968,26.819965319318538,32.8903015920882,6326.062
B0025,66,1.807409052434889,4.199028873312285,1.8891035060983299,3.4103062616510487,0.005434986874264781,-4.029754792125187,-1.057828326267502,39.71112605386658,26.151023423681288,32.07013291213046,6352.843
B0025,68,1.7902504816962075,4.200691577023061,1.756482386846181,3.4104689136383888,0.0059730062396821885,-4.028900600933191,-1.0619681305424282,39.797043058510575,26.242111136505635,32.18349666127279,6309.172000000006
B0025,70,1.7961223845359495,4.199965507353377,1.8323981556137667,3.4208452515825636,0.0071363997758972265,-4.028134432056257,-1.0623591353414312,39.64019141128942,26.235453942984385,32.133961271398654,6284.297
B0025,72,1.7912236690350776,4.200628533399999,1.8971268658440401,3.426965494192803,0.005573763624208927,-4.028496319452566,-1.0638074812423732,39.75344188854835,26.19622065765121,32.19734869129393,6265.969
B0025,74,1.7854822365303245,4.200021709929957,1.9934958310371553,3.4343195510923628,0.004617963619156729,-4.030782393095651,-1.0603658561835867,39.57317189988566,26.170530846818277,32.128660226085096,6266.641
B0025,78,1.7677890780323617,4.179880908916163,1.9679550948765454,3.379891621690332,0.006979406727267191,-4.027217905704875,-1.0606190479243294,39.45687787991913,26.291996929686196,32.16680073898097,6198.75
B0026,4,1.8132504303869899,4.185453870728775,1.98069037313681,3.404890220315493,0.002538134600464907,-4.027935564812271,-1.0495360191773455,40.711455499237935,26.41603138908335,32.764485625071856,6515.422000000006
B0026,6,1.8149760087078302,4.191986600147927,1.9296821070764223,3.418631404129339,0.002675384267946554,-4.029362314258353,-1.0501897262481419,40.56984371986605,26.345453817866563,32.560591865941106,6516.219
B0026,8,1.8135354175561993,4.19141376026019,2.169258771295841,3.4453022579697716,0.0022300953649009077,-4.027846247982629,-1.0474152615120338,40.420735413096146,26.842146069678503,32.70948277164228,6489.5
B0026,10,1.815149273310334,4.188502919522219,1.898741105703338,3.4281919482774947,0.0031754521995803935,-4.028749226179444,-1.0511342688931857,40.839359753382105,26.73411994275517,32.89402601565415,6471.25
B0026,12,1.8142913014068198,4.191429313781171,1.9095478812878097,3.433945869545595,0.002372958802629003,-4.028704122042971,-1.051239794627214,40.762597974826,26.66618164782183,32.88851048708752,6466.672
B0026,16,1.3863373424430125,3.9865474622465253,2.0442560844271522,3.2986715430208906,0.004266984341373865,-4.028710959917574,-0.8176606997984731,39.78739652537364,26.28928363042606,31.60887613480477,6410.672
B0026,20,1.8165277958816064,4.1842030048921135,1.8584184081271529,3.395711592779412,0.007320773684125001,-4.028058491701451,-1.051071206615797,40.12859054534907,26.458131735942853,32.4909596779559,6474.156
B0026,23,1.8085638576011063,4.189253474215399,1.9288388497995346,3.4209107644287986,0.0024839459442753376,-4.028495234172356,-1.0489813674620347,40.39287009990307,26.47590651334998,32.63416073863936,6460.75
B0026,25,1.804936077644182,4.190404777859946,1.935441772448038,3.4290052342029878,0.003353708617280294,-4.027850787866815,-1.0490946281054965,40.37811271633581,26.420629809971153,32.646683898798194,6448.907
B0026,27,1.8049315924982108,4.188068725985081,2.0842440571468894,3.4422746572295977,0.0049785783479378365,-4.03024351282461,-1.042943784297617,40.6345527951007,26.668129241717903,32.95341147758712,6447.125
B0026,31,1.717679232699393,4.137907749692748,1.8964443776301838,3.391747147883427,0.0035022633535197072,-4.0277523093513175,-1.002108129626011,40.0980220096873,26.253373650244296,32.14122281811958,6431.219
B0026,35,1.809804813280106,4.186123854255208,2.0399077334404954,3.433128893119263,0.002465421576114108,-4.028862296598938,-1.046478428570111,40.34748376711444,26.46703845524767,32.73498021932445,6442.203
B0026,37,1.806556213274488,4.1900980869893365,2.1312634408664395,3.4445618404708633,0.007179850996485138,-4.027646271570473,-1.046791486848897,40.655125518765814,26.866927200418342,33.0777254348539,6427.079
B0026,39,1.7938155707698507,4.18806162606315,1.8782785619868927,3.435084142217923,0.0061861294480158755,-4.029328017656563,-1.0469850347811238,40.78648924035223,26.846354528059383,33.067457381369145,6417.156
B0026,41,1.799304949381792,4.1883484559434,1.9640553148703692,3.4457210478614795,0.005741252990129893,-4.029272047274109,-1.0475275600281526,40.64545029611132,26.721977656250186,32.902717226956746,6398.907
B0026,43,1.7842197448470132,4.18723267594963,1.9028600928182506,3.4449342432242034,0.0039839523366369525,-4.028750889542927,-1.0476470565655591,40.753548433947245,26.76115770717377,33.04143942038261,6384.75
B0026,47,1.6818819918515189,4.116319031433004,2.066791178782658,3.348388974288582,0.005249192243253369,-4.027668196882973,-0.99787222854682,40.90407080657346,27.272018113625958,33.28920270851618,6284.063
B0026,51,1.8007519383961936,4.1829771605808554,2.1735697218309302,3.4115903895548496,0.0037481053878815466,-4.027827958238032,-1.05175253436239,40.760169873884465,27.178165265331575,33.31828122927918,6370.937000000005
B0026,53,1.795972684272296,4.188680037627242,1.8699981350012518,3.4077180188358045,0.00515289392316887,-4.02962982115965,-1.0581306387784024,40.86760057065783,27.037146422025586,33.24546150252619,6359.812
B0026,55,1.7931026940553298,4.189566172290167,1.834360851438286,3.416993809879986,0.002527081159935938,-4.028266984927104,-1.0584303641401285,40.845772478695196,26.912811421770908,33.19381621015531,6346.156
B0026,57,1.8010267542068712,4.191202777072821,1.8588013920189892,3.4279308915459796,0.0037213046467527502,-4.029480151507068,-1.058835499937123,40.61328442378913,26.794587883115437,32.950371591621256,6328.172
B0026,59,1.7824572301269948,4.18738502716279,2.1656553710973343,3.450423062016945,0.00353301902756691,-4.028789778263289,-1.048570222149277,40.55411444614823,26.68911300750602,32.98142836772341,6326.062
B0026,66,1.7959303030608789,4.187376898822461,2.161441726851442,3.4243550860962872,0.00591276904559493,-4.028805091889541,-1.0522245912177104,39.89740047610024,26.055865754438425,32.285643510120714,6352.843
B0026,68,1.7783142127341003,4.187719914558781,1.8357784756785414,3.419928142613709,0.004736714019873918,-4.028118554798276,-1.0562946339613315,40.148009555945954,26.129925036104066,32.40988062398286,6309.172000000006
B0026,70,1.771719092984802,4.187714468300498,1.7730752055194368,3.4304184604928114,0.00542191560161902,-4.032124737768037,-1.0562794361681302,40.16428171644192,26.125417290944853,32.395070835603484,6284.297
B0026,72,1.7790749489536772,4.1886348865652785,1.8034969218504175,3.4416415585585702,0.004076928573911276,-4.029296562552747,-1.0570022650761444,40.348229188960836,26.079677017636747,32.48055490141574,6265.969
B0026,74,1.7733229782464675,4.188731148597371,1.8019162984387032,3.448941537538792,0.004842197764890287,-4.029143714811075,-1.0532958143214937,40.155136061235744,26.06579910051455,32.39831599080119,6266.641
B0026,78,1.768754111010884,4.16813557610843,2.094755756018166,3.3679598202717265,0.003813682948653234,-4.028758416480095,-1.061746365944055,40.014600736484276,26.214960316138942,32.5316653403438,6198.75
B0027,4,1.8233077742149364,4.201942981365258,2.4407952016086623,3.415635388206693,0.003323509431851215,-3.9783143078898098,-1.048298128077691,42.07194057268294,26.281751283369985,33.531461449042084,6515.422000000006
B0027,6,1.8142384651167962,4.206957767652323,2.4193060956450503,3.405140913759623,0.0033952109005791044,-3.9768925426133843,-1.049212058679183,42.526459613766654,25.96471800834349,33.768115475386416,6516.219
B0027,8,1.8128596793130867,4.206087528624208,2.4982363525248754,3.425659661801085,0.004058825730750291,-3.9768476817269596,-1.0465273412198817,42.65704114936764,26.165819522764874,34.0575363030056,6489.5
B0027,10,1.8144242446739973,4.206597549468143,2.4798358184535396,3.4201699208239194,0.0032144239681810545,-3.9770011933599085,-1.0503251867609642,43.07456793109374,26.288545989531762,34.34311925332076,6471.25
B0027,12,1.812800333853042,4.206708529635488,2.4669313816061296,3.4180604683404985,0.0026358337984817106,-3.975861081535826,-1.0497801003401392,43.12836631992577,26.342034597511443,34.3900563067441,6466.672
B0027,16,1.7946038703195293,4.182675464297748,2.492471012096456,3.3978401981445576,0.004539629204396564,-3.976047513456661,-1.0476986183510903,42.9279467397339,26.163341707715524,34.16207101391941,6410.672
B0027,20,1.816519171293833,4.202445131277022,2.4232193266263646,3.3984422668226393,0.0038870252283919613,-3.976869439992001,-1.0572775446036453,42.344909658609986,25.913266368151522,33.65117316898919,6474.156
B0027,23,1.8198335565190242,4.207150334625055,2.4791120561344835,3.411384397730043,0.003203472704923935,-3.9771945719805046,-1.0548269593999815,42.501459218547076,26.32052844790478,33.993154419553875,6460.75
B0027,25,1.816980986440728,4.206634870908589,2.4281027036480562,3.40775629545449,0.003644913267306345,-3.9769324995805095,-1.0553776405080413,42.75456095698592,26.250108125500603,34.121102900157744,6448.907
B0027,27,1.8047602710768988,4.206620391551443,2.4202095510772232,3.4031041806987625,0.003066801674998059,-3.9758459422284784,-1.0554671306178591,43.208685492251035,26.532556061939943,34.521504581092735,6447.125
B0027,31,1.8021778881408677,4.194991220811618,2.3998890148152445,3.38665218439762,0.003852509395055512,-3.9761066659419098,-1.055670294257971,42.59572185384836,25.910238372733108,33.91883669839733,6431.219
B0027,35,1.810054375611175,4.2023598960429815,2.483742346997907,3.4140369130125587,0.0041516587874309285,-3.97580379555999,-1.0529574586448565,42.63365730314649,26.318007051932856,34.203791109857484,6442.203
B0027,37,1.8191618703574552,4.206738745019596,2.382935984422233,3.3945090590148355,0.008933045446703994,-3.976485689239373,-1.0601013419063348,42.89197473994752,26.721485029988013,34.48622307207774,6427.079
B0027,39,1.806344581230731,4.205268152663341,2.4903839742860163,3.4204049256076163,0.013919280025734757,-3.976936142536244,-1.0537206430621189,42.736703039205324,26.679725292854272,34.40141739485763,6417.156
B0027,41,1.8120006378747944,4.205946910651655,2.39789040439265,3.401908039296132,0.005657378060216962,-3.978429203873616,-1.060902364203764,42.71819238433457,26.557001937562,34.3150259504104,6398.907
B0027,43,1.809238569578753,4.205053312485709,2.41937557251393,3.407597938928066,0.008687490936460632,-3.9781812521692537,-1.0613281994084631,42.87852551010068,26.60786055056083,34.450526992415796,6384.75
B0027,47,1.7820717716005336,4.181855642136106,2.444119634453687,3.3774091842080276,0.0048115513778526995,-3.976050497666082,-1.061988907424718,42.99196482622249,27.166084479360034,34.741504044616725,6284.063
B0027,51,1.8145504562341046,4.20282058770571,2.395925863485738,3.3771878224396685,0.006022897300786533,-3.975790795970914,-1.0662806393885873,42.920147884014575,27.035503711204466,34.663008920131865,6370.937000000005
B0027,53,1.809153485164282,4.206436642050531,2.408349641748691,3.390746744780089,0.003494223099227473,-3.978211822678376,-1.0653782286766842,42.77821015998406,26.890332641639585,34.47643463041281,6359.812
B0027,55,1.8065551508093707,4.20638281753962,2.399239705167686,3.3939882666698242,0.00319249131673547,-3.975995723123535,-1.0657949875596555,42.71393681070588,26.74997853742709,34.45771838499012,6346.156
B0027,57,1.802401655959492,4.2054658678946755,2.378335964879865,3.395270569622429,0.004540074797142588,-3.9770352078730906,-1.0664883306260853,42.66066961608101,26.635565264459924,34.276431502022604,6328.172
B0027,59,1.7964331683322998,4.206584936190674,2.437999478526856,3.4104656511949063,0.0062928096652375524,-3.9760554400518497,-1.0632318841030186,42.64239690775237,26.541772227520706,34.35292925698558,6326.062
B0027,66,1.8088036930508289,4.202786069304105,2.484818012933219,3.400641404160475,0.004005736341078889,-3.9743844585266417,-1.0590432103446814,41.86831727976231,25.912130164990632,33.64812848797218,6352.843
B0027,68,1.7915527748749653,4.206301818692852,2.456168013420922,3.403879368199544,0.0061507531757700375,-3.975516779186955,-1.0635509942186294,41.97207960495628,25.98951235766809,33.75077258934032,6309.172000000006
B0027,70,1.7853375192239571,4.205750597989692,2.4697995830050976,3.4141854712687336,0.006435201489942423,-3.9768226550322385,-1.0638261484808664,41.92250461031742,25.977709355582487,33.72038549007088,6284.297
B0027,72,1.793209210325309,4.20589200120434,2.491582666091738,3.4230599701504794,0.0049998578208822675,-3.9771390967306828,-1.0651012851496238,42.14300769699952,25.926157732808466,33.812030459081335,6265.969
B0027,74,1.7873097711102113,4.205560793070628,2.3944859739266695,3.4023930606429906,0.00897085631713148,-3.9746886011207567,-1.0684596107286113,42.43039551713637,25.907382263131502,33.79680193008211,6266.641
B0027,78,1.7700926253324452,4.186200185347402,2.4249816079125552,3.3633791712406205,0.005915341113398426,-3.9731771319705014,-1.0694140697591357,42.033372446715575,26.050915731101185,33.92036482801563,6198.75
B0028,4,1.8046847720100736,4.181907184700754,2.6151397684307285,3.676492835528995,0.003953073598938974,-2.003545780105601,-0.9970402880141495,31.679728237853865,26.429257363552026,30.261078788805897,6515.422000000006
B0028,6,1.8047833214525881,4.186798367560072,2.578716047628789,3.677932362103996,0.007679245805984592,-2.0005429484896995,-0.9969604106618353,31.42728999177483,26.12187016145863,30.023214006195516,6516.219
B0028,8,1.797618668222458,4.186905629206883,2.679890873914289,3.681544140844236,0.0026433737140248567,-2.001716318999832,-0.9970702802711341,31.694210133469813,26.30148047924344,30.21665562692593,6489.5
B0028,10,1.7929913687761174,4.1855363847405656,2.674600586599544,3.6819955552100256,0.0029380177679172244,-2.0013061408259385,-0.9973030888189304,31.849947051821633,26.463617778864535,30.363564779968748,6471.25
B0028,12,1.7919180081592216,4.186483098548598,2.655983638577288,3.6822366580622092,0.004413434213121981,-2.003132431573937,-0.9974129863341045,31.891976600913974,26.511110764722833,30.383708693138953,6466.672
B0028,16,1.775026135903797,4.167593667891115,2.5587601304544574,3.6730621916612125,0.00527894202997255,-2.0003822656473735,-0.9966248234259864,31.647839531181656,26.339716125642624,30.151543075778466,6410.672
B0028,20,1.7920487852223415,4.183182085400848,2.684075980505414,3.6821638997402064,0.004455450538189413,-2.0009566453567627,-0.9963089849547179,31.66717160096336,26.081978657015885,29.942877366572425,6474.156
B0028,23,1.790475801581265,4.1836584764239335,2.692955180725203,3.6829104616020185,0.0029396928561688128,-2.0032399141635833,-0.9974947737184627,31.543075306784417,26.4946424474431,30.159672019699293,6460.75
B0028,25,1.7868365091987264,4.186132992895621,2.664091579679959,3.6830910997567576,0.002281299292246033,-2.0048267623571854,-0.9972667051793968,31.63889282611546,26.42252679550981,30.18503729745987,6448.907
B0028,27,1.7871529619962185,4.18607245667024,2.599501054239839,3.6823376400116725,0.0025771990386505204,-2.0036009637765297,-0.9977254189629398,32.06283964981591,26.726549087436442,30.557366977302667,6447.125
B0028,31,1.7816340617009505,4.177617061522188,2.5987712023407274,3.6779403019036363,0.005262647908366891,-2.004912384137109,-0.9970949960183577,31.17821904490572,26.073901766341304,29.87809290999813,6431.219
B0028,35,1.7850235136604733,4.183570268917493,2.5683373423176117,3.6809827017477756,0.004231529539215724,-2.007057616844831,-0.9972732896654727,31.830430244172504,26.51359515192976,30.329541918405045,6442.203
B0028,37,1.7803865429693038,4.186886063009724,2.571655326217227,3.6821031308211283,0.0056377270822839595,-2.002345592887727,-0.9970037592871084,32.176676996947776,26.88710614624046,30.67805955282036,6427.079
B0028,39,1.7789060856417256,4.186431294608572,2.5464403411304843,3.68119828344271,0.003986600909576778,-2.0042056776412545,-0.9977226887954374,32.101579055970326,26.881618625470296,30.61748146501738,6417.156
B0028,41,1.7738387518973049,4.186605296553263,2.5488905698718844,3.6808780113914024,0.003913446348392992,-2.005381985851277,-0.9976984888319611,31.927225800846255,26.75738535571653,30.47693232752601,6398.907
B0028,43,1.769682881523146,4.186411251128915,2.592227961453642,3.6816453877057884,0.005140040512136122,-2.008651720668571,-0.997566184368524,32.17577171129977,26.794758372897117,30.59851621920085,6384.75
B0028,47,1.7408787283206992,4.1643364768914175,2.598546956085325,3.6751321799254955,0.004532886198049818,-2.003317125586951,-0.9970360820430222,32.50607956309833,27.34376856854934,31.100240402928506,6284.063
B0028,51,1.7648189744011906,4.183279934429277,2.6924907199800523,3.6846266213857497,0.0033873420104242563,-2.0076002242955377,-0.9969371531723804,32.36361154404582,27.2242309376204,30.938169249041685,6370.937000000005
B0028,53,1.7617857390844023,4.185224082214954,2.6173421756941537,3.6832544826548084,0.003129703051341058,-2.0035478824784314,-0.9969974742534108,32.23987480909281,27.07546829589154,30.779624907003203,6359.812
B0028,55,1.75770610357021,4.185772001736481,2.6240203066915697,3.6830019424524427,0.00311192032402325,-2.0037779278104373,-0.9968197698794886,32.1209393902127,26.952556111660147,30.70960684046627,6346.156
B0028,57,1.7519375960601256,4.185968902546653,2.63525875804135,3.6825149277266642,0.005108476771780937,-2.0020973714849553,-0.9963445930927353,31.876773372691297,26.85238485179539,30.47705959403915,6328.172
B0028,59,1.7521244035832177,4.185740020171981,2.540126038881981,3.6802726203570852,0.0031152716245573613,-2.0081929501788918,-0.9967865142227076,32.13891568195097,26.70985682862992,30.54925924889458,6326.062
B0028,66,1.7597714133989641,4.1838351172655095,2.5784590711144535,3.67908706723787,0.00482089823549462,-2.0032214377942505,-0.9969143005288548,31.30995086456362,26.083510383297202,29.858081061792472,6352.843
B0028,68,1.7483011320324189,4.185613308228973,2.6156681128542663,3.680942088612725,0.004467728139745615,-2.004916509907621,-0.9972513551873874,31.443900397243077,26.163475060687134,29.92749751367273,6309.172000000006
B0028,70,1.7411482627836237,4.186072517005326,2.6736673087239393,3.681439648314102,0.007882581084872718,-2.0052175769933474,-0.9970973800951103,31.383820135357173,26.15231542588846,29.887309173794996,6284.297
B0028,72,1.7363833316311177,4.186079245979765,2.6531966228276134,3.680615489022298,0.004056280310501597,-2.0045790903634986,-0.9972667201815385,31.360116664622666,26.1081814095458,29.974612767860144,6265.969
B0028,74,1.736559066269527,4.185739001637966,2.5306280538039845,3.6776600467841285,0.0028456839768755578,-2.0106987182265015,-0.997266880260863,31.44534438395542,26.09981871901358,29.928807475767645,6266.641
B0028,78,1.7172335652295245,4.167590440976821,2.651385292787423,3.67453404625628,0.0051030876956673,-2.0051316277429905,-0.9969394063653587,31.550251048213177,26.236488265406727,30.029795182593666,6198.75
B0029,2,1.697507332205763,4.122758586822445,1.9999364731586213,3.3651860477851834,-0.00032066021316996915,-4.025628898561539,-3.9753962170197243,58.72626885895911,43.40626577176862,51.631545591665024,1572.359
B0029,4,1.844701206961174,4.2013457680138195,1.8520590925934357,3.3905928994464873,0.0012561628407100863,-4.025958335657771,-3.9342485526057955,59.76796387174703,44.6512950787826,52.84944288631656,1723.281
B0029,6,1.8254376674722927,4.20075138362936,1.8857258246963948,3.3944582472061784,0.0023685910867064855,-4.026389228000425,-3.9332952670181975,59.844347317645614,44.703793008883345,52.905865867265994,1705.906
B0029,8,1.815750429913437,4.20121939681188,1.8534777499421093,3.394696317253661,0.0011560987226028083,-4.026146941716451,-3.932113456162452,59.9199472840752,44.70284265888931,52.90438507577814,1697.688
B0029,10,1.8132993337127028,4.20151734595852,1.913443763136564,3.398579443319999,0.004024554850396811,-4.025666629939814,-3.931581069158435,59.89475354681757,44.69471969782321,52.87534956891003,1686.094
B0029,14,1.8151647619660576,4.190431936024234,1.9392366668780092,3.3970260675114696,0.0016011471718590672,-4.025842153897144,-3.976472905870513,59.588132364640614,44.65632079442231,52.762650424805656,1678.563
B0029,16,1.8143317955190057,4.20151685379873,1.926680416628282,3.4017447799349796,0.0009277908051389524,-4.0254086973557195,-3.953172457226365,59.81336613073259,44.68760486959879,52.78843384352056,1677.469
B0029,18,1.801343601809866,4.201511694320507,1.89070792341858,3.400790257856999,0.003093422629167856,-4.0262930686050655,-3.952037378872224,59.75433532594285,44.675584452215,52.7841972696045,1666.093
B0029,20,1.7881558802945825,4.201805179645606,1.93249158993614,3.4030834056443755,6.222737166087955e-05,-4.0260391640732776,-3.951642628329456,59.7737242563152,44.65379509474975,52.751738383515125,1654.328
B0029,22,1.7760714604539518,4.201438773335668,1.9713665258317914,3.4052467951556413,0.0023072676102569986,-4.026327827070244,-3.9514812160488924,59.800107348599425,44.691080314771256,52.7506031720156,1643.812
B0029,26,1.7852807447597443,4.19368630303113,1.8523796286853516,3.3969592538295337,0.0016645890423313801,-4.026273510345562,-3.974136073511708,59.92418745751934,44.6911020162878,52.76187024768883,1652.266
B0029,28,1.7698116401111978,4.20025041732416,1.8385968486453488,3.3978270130572263,0.0020667822164484742,-4.027610977919839,-3.94933484428352,60.120904895462246,44.697471358923025,52.810328108304326,1648.672
B0029,30,1.7565231680521758,4.200366031445772,1.8332269197665616,3.3976547229925322,0.00017828899779495544,-4.026372824644528,-3.948773942479504,60.159083367849426,44.71815315905492,52.803620504971605,1636.969
B0029,32,1.7543413277348154,4.199929373943819,1.8809955356138472,3.400358560849027,0.001282121289534383,-4.026624128013423,-3.9481894541359304,60.033062355018394,44.676030389528265,52.774286568476356,1625.187
B0029,34,1.7392875506998715,4.199792574461424,1.800038174333754,3.3951054015762527,0.0007913011353634216,-4.027030400371651,-3.946655613412357,60.155675284547456,44.72237198935258,52.80429201579515,1622.016
B0029,38,1.7797845109331345,4.186389353535962,1.9415928705254093,3.3952154633066987,-0.001846352852179499,-4.026417322328161,-3.97371791832226,59.708263302408355,44.643414385114724,52.721179096315566,1638.422
B0029,40,1.7657088508465202,4.200779737725044,1.9724619388377238,3.400939370892573,1.6646507974658135e-05,-4.026696437352965,-3.924297634283963,59.826072535975634,44.659869952836516,52.76566676387698,1646.438
B0029,42,1.7523941408724169,4.20106410059631,1.9166086737918735,3.3990966930758852,0.0006598008082064501,-4.026796677718367,-3.922569043688066,59.97193555147316,44.68666896928979,52.80160858510679,1634.765
B0029,44,1.7380191225603105,4.20039236023258,1.9416286020335691,3.4005060708668395,0.001591428387879406,-4.026614754186135,-3.9219324486852223,59.90509096707212,44.675835276593766,52.76338281760698,1622.016
B0029,46,1.7312214443143976,4.200576454073823,1.8754484122099284,3.397536794846482,0.0009650393837989778,-4.027889167613304,-3.920549166756126,60.003884509148,44.68982543817814,52.793663259837146,1616.25
B0029,50,1.7379128985265808,4.1947095538907675,1.8380927294124034,3.391570729569499,0.0003372827104996951,-4.028085314718813,-3.9453058787745463,60.25771781052726,44.630428830517836,52.75741582344694,1622.218
B0029,52,1.7224270683625882,4.200658594506185,1.999771637867575,3.4006008999743154,0.0006424778434889145,-4.029581554780258,-3.895864092268878,59.90492726798961,44.71415991617437,52.866554147425745,1619.656
B0029,54,1.7184213765608034,4.200792247486221,1.8317514112942035,3.3937647508109445,0.0007644836711493694,-4.027766402722573,-3.9179079273158917,60.33243416075105,44.735306086378706,52.88238533970063,1605.484
B0029,56,1.7010220930648232,4.200103293228043,1.9739559216587699,3.3990916405291434,0.004550486490843414,-4.026628807325158,-3.89292863950299,59.986696705381924,44.73801386071172,52.89174684629843,1600.75
B0029,58,1.693698739563104,4.200392899920808,1.9069490533352143,3.396460061958035,0.0007852751427292697,-4.0280756332387835,-3.891007378210508,59.99528714045464,44.72080656471346,52.86276331800625,1595.0
B0029,62,1.713072721286705,4.193452277045169,1.9996278665665834,3.3953349055125526,0.0017380580129921106,-4.028992071533853,-3.8931180785218142,59.98821696841703,44.684139567457066,52.85514927949408,1612.422
B0029,64,1.6976972688567131,4.200426069460966,1.9297361391600052,3.397203474478597,0.0008433944608980141,-4.027443008545737,-3.8906661202538677,60.01985635641876,44.69955125789035,52.84555100149494,1598.969
B0029,66,1.6899314034061208,4.200350636061038,1.811689567857529,3.389787970407681,0.0011155218413833165,-4.02657515612885,-3.8880091290817527,60.26410091872941,44.67589276572789,52.82153486606997,1592.187
B0029,68,1.685023551367069,4.200274898374017,1.9610731754377526,3.3967598380460484,0.0021054304856953756,-4.026308111025025,-3.8880141667450476,59.92046248220958,44.658205256139574,52.81580315824478,1577.484
B0029,70,1.678389965463405,4.200350219079989,1.9482718394124843,3.3957223246260377,0.0006492320626428532,-4.027821145847748,-3.886820317431477,59.887692512983016,44.66940974573534,52.80521928839473,1571.547
B0029,74,1.6737947494868326,4.195839706712194,1.8674943991912756,3.3892258428534876,0.0017194451734670855,-4.027453382422719,-3.88571106427998,60.158935395611046,44.60923646358358,52.80312343851032,1578.484
B0029,76,1.6687898927884715,4.20011947590298,1.926783206032701,3.3940321153796114,0.0012161364231368394,-4.027257877744434,-3.85843433412322,60.047482357880945,44.657908969411466,52.85759471288148,1574.469
B0029,78,1.6492566306631427,4.20020354565233,1.869562035017659,3.3906922693966584,0.0009569528423221208,-4.028220020010547,-3.8565643666104146,60.167863371476415,44.650393271280834,52.85638451770691,1568.281
B0029,80,1.6409676757039668,4.200021865512612,1.8881277069953313,3.3912179554575785,0.001949166205152269,-4.026463660977024,-3.85547414018331,60.09738415148209,44.66166028239045,52.882092513244274,1561.422
B0029,82,1.6456360229757092,4.200544725415334,1.9264548202409049,3.3923453388185667,9.386519420112687e-05,-4.02785957922289,-3.8555734475773074,60.02940147619038,44.67197301409441,52.87120880021078,1554.234
B0029,86,1.654547743574037,4.193996290293578,1.8497742851139864,3.3840832974347714,0.001077661361211677,-4.0268345490967095,-3.854823111014098,60.33090148423857,44.60925310792597,52.8949932373189,1573.734
B0029,88,1.6461201520877546,4.1998075622524835,1.988399313722457,3.3935243600466607,0.0012055515072253253,-4.028134400513877,-3.8279463752523526,59.88870262903497,44.651733083497575,52.90577737967025,1566.578
B0029,90,1.6275119188151763,4.199665175987453,1.8822716064606955,3.388551594762018,0.0007959899779690719,-4.0269371723961935,-3.851886221713202,60.13011665786984,44.624308005806974,52.85049305569667,1550.047
B0029,92,1.6200530533464497,4.200099273216301,1.8693019781355498,3.3876827466759964,0.0012414717003364055,-4.02674927094555,-3.8509488961783584,60.20528139553767,44.684149828783205,52.93318563948955,1543.64
B0029,94,1.612079811711934,4.2000806322388815,1.8433554303146658,3.3850191492367943,-0.00025552171593965254,-4.027330387109479,-3.849366331322892,60.24494659507955,44.66301381472874,52.91920185424772,1536.781
B0030,2,1.6560706096175404,4.121228264511843,2.1274170450668684,3.3464479682177357,0.0017593005385624875,-4.02642257980551,-3.881093691840246,61.11438949471705,43.15149833518289,52.450611378612734,1572.359
B0030,4,1.7815548749509116,4.191571549203586,2.1401060472348874,3.3780751936361146,-0.0007868077489712377,-4.027659504109606,-3.7838858314888455,61.9990871891876,44.54353972746864,54.113241117794225,1723.281
B0030,6,1.761969227822918,4.191314909952094,2.1657237815883463,3.3818672028482375,0.0005981133953777508,-4.0263997172904,-3.78000742647211,61.89071493502735,44.60400022940282,54.157828260748424,1705.906
B0030,8,1.751755031874225,4.191510310362352,2.095376108282347,3.3803545588103714,-0.001594860757599507,-4.027127991303563,-3.7771963627067855,62.214205409958005,44.61072161333403,54.212018750385205,1697.688
B0030,10,1.7381688070362076,4.191406236830394,2.12524665517798,3.383237725223628,0.00020936411371284372,-4.027089196239373,-3.774391482257296,62.31179793095802,44.6020225990607,54.19837692352459,1686.094
B0030,14,1.7506745293461339,4.1809364775885,2.0759632130565406,3.374148303155992,-0.00019692796860968457,-4.026801519572001,-3.8401506129683893,62.29994268441351,44.586012876295115,54.14161744851121,1678.563
B0030,16,1.7491047649061158,4.191416983179895,2.0440070679316857,3.3806295984219497,-0.0003961802022008918,-4.026685043731495,-3.8162308411426897,62.48134926186261,44.618842215325756,54.21167948917778,1677.469
B0030,18,1.7252544028765475,4.19167898729129,2.173948548947525,3.387081847293872,0.0012292703677715302,-4.027008162529609,-3.790540920260821,62.158212651524295,44.59936994632644,54.18634900836399,1666.093
B0030,20,1.7112621367644252,4.191660740391253,2.1712631392036204,3.3879461849049983,-0.0007190799526456637,-4.026835815972069,-3.7878863152954003,62.11029841216025,44.59290494580976,54.15360140656882,1654.328
B0030,22,1.6990418392711273,4.190518218566902,2.1722790601698723,3.3883925705991067,6.463182257801e-05,-4.027530832099604,-3.78521295034333,62.21537292970592,44.62895122356867,54.168189231806274,1643.812
B0030,26,1.7185770039532977,4.18494757447594,2.1399140868464497,3.3829900242224884,0.0002587364015666509,-4.026804684381526,-3.8087556215689466,62.42078136779365,44.61876601472716,54.22057063412252,1652.266
B0030,28,1.70324722921867,4.19138696373963,2.112329336316492,3.3872270612733906,-5.4386711688319114e-05,-4.028658336876764,-3.7838496795424073,62.42541404009337,44.6290146536895,54.24400266886001,1648.672
B0030,30,1.689458044662304,4.1916098999207785,2.1141726056716275,3.387969833955272,-3.662130729819738e-05,-4.027635336965244,-3.7810084173912366,62.43136471336018,44.632688209599,54.24150010859244,1636.969
B0030,32,1.6756136292719177,4.191138031319589,2.1697054636701996,3.3908449439184096,0.0007633648614528158,-4.028103263729137,-3.7778398595622393,62.27459158639179,44.60212525746821,54.183697227073836,1625.187
B0030,34,1.6718407140871654,4.191251588829171,2.0502203248956845,3.3859058007878593,-0.00020336028221777343,-4.0291043008663845,-3.7765035959555266,62.57843700986901,44.624665823870856,54.228866401573256,1622.016
B0030,38,1.7233056681204446,4.17866916142942,2.056845844411806,3.375492904033759,0.00014967081296308286,-4.027517719449719,-3.8520176715688708,62.47198799326229,44.56326262853694,54.15865206479903,1638.422
B0030,40,1.709207290507283,4.19028213835832,2.0026548733538236,3.381550645715128,0.0008772235570089911,-4.028208252016326,-3.8026336945838506,62.678287399200066,44.60490806087971,54.242750421230845,1646.438
B0030,42,1.684001734344571,4.18930659174196,2.098247338071892,3.3864480900407194,0.0003336214553142062,-4.028530108942317,-3.7747932414905923,62.48426799373123,44.6218039286095,54.26601179807604,1634.765
B0030,44,1.66898698813004,4.189336480826855,2.095250035916422,3.387180494037813,0.0012011416906636968,-4.028059956110559,-3.7717048923113476,62.520660259063135,44.610355218782736,54.24164371768822,1622.016
B0030,46,1.6620689362837142,4.1879616710018945,1.9652225177027667,3.3813445010797873,0.0005223927726711554,-4.029736567587315,-3.7701783748857105,62.837923181745914,44.633104163960176,54.32282816477177,1616.25
B0030,50,1.6687049625248174,4.183473493335224,2.1649300939348857,3.385606758982866,0.0007621949361175212,-4.02892193533513,-3.770286001350055,62.47596510401283,44.564430771238534,54.27566161448939,1622.218
B0030,52,1.652762183550463,4.189021310957518,2.1107101939003567,3.3887947335699504,0.0010776037840459023,-4.028238890396407,-3.74290317214084,62.54340291733675,44.633491087453194,54.346520622463046,1619.656
B0030,54,1.648481366235244,4.188208290959306,2.154272422860638,3.390949417762555,0.0007478351109079817,-4.029657303351485,-3.7394250053816305,62.542537819338854,44.680330122145484,54.369563893787316,1605.484
B0030,56,1.6307406443132095,4.188944596283129,2.056878607135279,3.3873404080498895,0.00035745634528035913,-4.028147301835234,-3.737622424800312,62.633169726331985,44.64880695403803,54.38101073340462,1600.75
B0030,58,1.62323023017929,4.189721988537926,2.0619330487714467,3.3880651957973615,0.00046012588963197494,-4.027460243343909,-3.7356557463501385,62.63885708285674,44.6494752691612,54.366222070376075,1595.0
B0030,62,1.6541906540394393,4.182121595717829,2.182829076635093,3.3873336724752856,0.00048626331454628216,-4.028374864371009,-3.737388532394875,62.50972828784737,44.619224416467304,54.36082826974155,1612.422
B0030,64,1.638514396616985,4.18953881832451,2.152270345667462,3.391596603751742,0.00015012443566113953,-4.0280399278365575,-3.733773399938973,62.41430430344205,44.62244303647462,54.329082038301124,1598.969
B0030,66,1.618847673357618,4.18877344296717,1.9853664248869802,3.3844695827460796,0.0020082664928365124,-4.028759921717576,-3.7318248243234815,62.71706660837061,44.61775964712291,54.350797312061744,1592.187
B0030,68,1.6134212267751404,4.187364248433742,2.085108474542319,3.3883015570002266,0.0014800577774969916,-4.028912968695677,-3.72789586160175,62.554566036297686,44.579388125992374,54.30570319180817,1577.484
B0030,70,1.6066443601761986,4.188843927084549,2.1156809695842997,3.389973588057286,0.00020204579670861887,-4.028240237923387,-3.7258803546166885,62.48691429447336,44.63882940473298,54.311769035681074,1571.547
B0030,74,1.6138387876938998,4.184536605382707,2.0858806041580396,3.386403894086122,0.0005341350957084978,-4.0292228155278815,-3.7258300678775145,62.59235284434121,44.52996519417786,54.31694947968931,1578.484
B0030,76,1.596329501327274,4.188530465383751,1.9452863886535996,3.382990062267617,0.0008757216237683139,-4.028629666143592,-3.7235246959842048,62.84622214879507,44.584489397198766,54.37602664745592,1574.469
B0030,78,1.5890785867406987,4.188200529397757,1.9166604901616162,3.3809665909442286,0.0017244489688656864,-4.028807042725253,-3.7209177432015643,63.0242156686281,44.60072493720745,54.40922760509475,1568.281
B0030,80,1.5805481432309574,4.187743893425592,1.9272509897554042,3.3813241868366974,0.00019360866792722796,-4.027678632162258,-3.7188832576508455,63.00027240816272,44.600104116200306,54.43118438830086,1561.422
B0030,82,1.5846131054270807,4.1898269490660445,2.051939170845275,3.3870672693934285,-0.0004863640898333398,-4.028626046511251,-3.7178481811964144,62.80130766887856,44.62647326379676,54.42543761419732,1554.234
B0030,86,1.5936651221220735,4.183231697201542,2.0447593292567268,3.382718302752806,0.0005358834776928994,-4.030594809378983,-3.719718780129346,62.737405296482684,44.54512422560238,54.40878572720797,1573.734
B0030,88,1.5849874126960888,4.187178870202528,2.1123670299751245,3.3896129797375174,0.0011516362003643117,-4.029376137378532,-3.6895994891111914,62.57852749153667,44.580240242165594,54.42284720424547,1566.578
B0030,90,1.5787064969416462,4.188109008087897,2.029028311417829,3.38569510149779,0.002182040333721505,-4.02789957320431,-3.7133420593367292,62.84908045214772,44.5770883956101,54.38754363122996,1550.047
B0030,92,1.570705516096967,4.188695408653485,2.0574175231777425,3.387023398111767,0.0014808367056352084,-4.027280488641001,-3.711313300597217,62.7284644620379,44.64554626607071,54.45246463683033,1543.64
B0030,94,1.562780404428482,4.18874384592953,2.068863283525511,3.3870565445350174,0.000172026667901443,-4.027633935183195,-3.709186360280257,62.69299470731855,44.59631266869645,54.41109814733754,1536.781
B0031,2,1.6666751942525773,4.116561748956975,2.4944372580491163,3.3729664490249562,0.002776712923689234,-3.9768793547938315,-3.8333672232532003,60.84632469517393,42.830036312976034,52.65501135302439,1572.359
B0031,4,1.8328583629543174,4.206499027366964,2.4703791051999655,3.410655663961355,0.0013441287397587707,-3.977675278876834,-3.8451016770532584,61.81769411336386,44.29462858436861,53.97231092767106,1723.281
B0031,6,1.8139835002945137,4.206542652746716,2.432998201540817,3.411724207737072,0.001388631365358068,-3.9778181212183674,-3.8650342644443447,61.82805706187581,44.34086545841149,53.99108510894419,1705.906
B0031,8,1.8044387333514835,4.206636701109276,2.455290559392926,3.414079984476593,0.0012237431001445548,-3.977299190367607,-3.863745544431601,61.95644236061217,44.358531698383615,53.996608338848425,1697.688
B0031,10,1.802147684291295,4.206755471453542,2.379788594335936,3.412679097550016,0.0019526644022268577,-3.978022092833197,-3.8849374979545646,62.099570509363424,44.36904249712909,53.954262670522155,1686.094
B0031,14,1.7715647509798835,4.172458299789621,2.3704531055353044,3.3963237722822415,0.0007310241436229694,-3.9767159781784978,-3.8380587255136756,62.03750729435005,44.30711469547115,53.973288387308486,1678.563
B0031,16,1.8139928165779542,4.2067410088524975,2.479852487101495,3.4200798093339357,-0.00028470823587591326,-3.9771843837683436,-3.906047424985772,61.84294867967338,44.35989201809373,53.88993125496472,1677.469
B0031,18,1.8013261041198854,4.2068100656143335,2.4765516954388933,3.4200087266691894,0.0034950031885560436,-3.9770974674013813,-3.905358988025778,61.837947652588504,44.34916844771062,53.87262295937195,1666.093
B0031,20,1.7883722583933568,4.206952621072369,2.359674470455269,3.417702003194436,-0.0005880407744395051,-3.9768622317890006,-3.9279761474648427,61.84646585876763,44.33299798913963,53.81893583109196,1654.328
B0031,22,1.7765401657373159,4.206832562039922,2.4195090802038206,3.420480701190782,-0.0006256190501035624,-3.9791104324571194,-3.9274541286439484,61.76013798618494,44.3479986805051,53.82033376097016,1643.812
B0031,26,1.7856209131823229,4.193946956737359,2.3489668209281325,3.4123332615490005,-0.0010874786116113592,-3.978347529374349,-3.927239655425038,61.91960614794014,44.31576932699988,53.821133604090825,1652.266
B0031,28,1.7813634036685941,4.206655556995042,2.3997094392914415,3.420910074120946,-0.0005179713142655227,-3.9771521389968303,-3.9268971976071376,61.86471031425517,44.353705438737805,53.81794815350033,1648.672
B0031,30,1.7684898383971241,4.207198543313955,2.4168059304515817,3.4216539858581876,-0.00031108791098065635,-3.977691809263504,-3.926457770086078,61.77393480386064,44.33947487486351,53.80194299620242,1636.969
B0031,32,1.766505238291406,4.206978754188053,2.471072287476068,3.423749066677016,-0.001873169665873956,-3.977537552103438,-3.925817080441477,61.645390510898466,44.32818975028374,53.75880729814269,1625.187
B0031,34,1.751740527921767,4.20675228195214,2.4044472636058316,3.4209893105313918,-0.0019110207790176733,-3.978111649265431,-3.9255513820662964,61.88870329111738,44.354445173178064,53.78850848662172,1622.016
B0031,38,1.7352349314055016,4.168980783747018,2.4059387688210077,3.40095456627701,-0.00038177137737480354,-3.977751186219502,-3.852591436358121,61.98674236534618,44.287842733511,53.8368863785077,1638.422
B0031,40,1.7782778274549178,4.207227268504839,2.386904670931757,3.421591713831319,0.0004080663527147944,-3.97681234987642,-3.925749357747081,61.736554527800706,44.32034939655615,53.773379186088945,1646.438
B0031,42,1.7649894859707393,4.207303258469689,2.3650342661568575,3.420573981542695,-0.0010155926122537079,-3.976912066880602,-3.9249912249362797,61.822305205835185,44.32225352667264,53.77386924606414,1634.765
B0031,44,1.762591283533551,4.207353806036226,2.4186775515647607,3.422624599533156,0.0009277629617384309,-3.9786886477737884,-3.9244475102493666,61.702657378071684,44.3225456238234,53.754659591825344,1622.016
B0031,46,1.744314576121582,4.206667054740019,2.360775838409723,3.4201177255120836,0.0002704688389542206,-3.97903376287443,-3.9241185399534726,61.83339482415222,44.31558221016735,53.766677549195336,1616.25
B0031,50,1.7628373753518478,4.198651200144167,2.4505597087782616,3.4199667649637617,-0.0002627284743440295,-3.9780140451348855,-3.924417903030087,61.71886225058171,44.27500624240207,53.731744909320135,1622.218
B0031,52,1.747857930947971,4.207348617133544,2.3428829070219703,3.4203305433739613,-6.675195362322442e-06,-3.9779736389102816,-3.9240126202473213,61.9456150656118,44.338088141973124,53.77927288646249,1619.656
B0031,54,1.7441167338864993,4.2072481474909695,2.411955819284382,3.422863512888695,0.00016408495912041446,-3.9784996176795904,-3.9232971090768873,61.68681561807962,44.36308273819081,53.77940592279519,1605.484
B0031,56,1.7268422932817387,4.207149488755062,2.3413222526109294,3.4198002859215846,0.001292763200131917,-3.978808047093823,-3.92291737914847,61.72142337926525,44.350792998541806,53.7498055148608,1600.75
B0031,58,1.7203093493042265,4.2072173595407625,2.328244465576847,3.4194705619732524,0.001472605857913956,-3.9775428897202,-3.9226738819129343,61.922368397426354,44.33360202803315,53.75572683773813,1595.0
B0031,62,1.7394245516699778,4.196145238330935,2.318164845471509,3.4145994489347062,-0.00033744302510461553,-3.9805743604314343,-3.9229572377699213,61.875049319197814,44.308176124250195,53.7542876562008,1612.422
B0031,64,1.7367384416372014,4.2069462617112805,2.4548236850102603,3.4248774653161553,-0.00010401984862474699,-3.979162923764102,-3.922700094183036,61.49120341342234,44.31984957720723,53.711431807207,1598.969
B0031,66,1.716963468448543,4.207372373768093,2.3584309858697914,3.420974185160828,-0.0012343201163544065,-3.978306860506898,-3.9220779649294735,61.70751319442212,44.31789791986238,53.69342764953342,1592.187
B0031,68,1.7127773558366357,4.206841499612997,2.4660401403368404,3.4245085053170605,0.0023885964497716784,-3.977319747335911,-3.9213702793706045,61.49432037699378,44.28877858426322,53.61958378565316,1577.484
B0031,70,1.7061083466554066,4.207073830058116,2.442554361335084,3.4232173747975634,-0.0007856884123706902,-3.978351078081253,-3.9210732675731483,61.505904797603456,44.302021606946646,53.633628437869824,1571.547
B0031,74,1.713732696207521,4.202288246181564,2.455972935605985,3.4217612690112014,0.0006476350430282945,-3.977915936469046,-3.9208447863377685,61.58650298757853,44.25632742061698,53.64298219337473,1578.484
B0031,76,1.7093475797926974,4.2068098855652165,2.3451886335989784,3.4200957312475437,-0.0005359838169886397,-3.979004823352766,-3.9207501433470915,61.668030365099106,44.29229687154297,53.640194623026446,1574.469
B0031,78,1.6901000454115587,4.207132897125494,2.3048157078228537,3.418207639268387,-0.002785939291192321,-3.9789940224296374,-3.9202672088226542,61.83745125268187,44.27297575844494,53.65373339276206,1568.281
B0031,80,1.6946883343387664,4.207018144824621,2.327904771892418,3.4190055604969225,-0.000803782731406179,-3.977360849056161,-3.919741625648533,61.7791359328034,44.29374100507224,53.65355338521763,1561.422
B0031,82,1.687010991299212,4.206967994384534,2.3672431402232186,3.4200180230564365,-0.0021179755950894007,-3.98157731389867,-3.9196997597664827,61.63755727730526,44.29685687451413,53.647830742878845,1554.234
B0031,86,1.6957069027070075,4.198742074510769,2.32931910043758,3.41552953622903,-0.00013831878756091233,-3.978371819312698,-3.919678832661814,61.76541153453152,44.240407412762536,53.654715008055895,1573.734
B0031,88,1.687696889615565,4.206906802432806,2.3136169782429055,3.4189014427486333,0.0004421767681534127,-3.9792781650234965,-3.9194105864839486,61.71412204720752,44.277682069015725,53.66098543950281,1566.578
B0031,90,1.6819617127259294,4.20664698001037,2.464103908062826,3.4233537843227144,0.0004194401026205966,-3.979799695817293,-3.9186527397651205,61.46370523914892,44.26325414571517,53.59867010741405,1550.047
B0031,92,1.6750033888978846,4.206935457661614,2.450218643464606,3.4227287920309317,0.001218907102783235,-3.978467204430153,-3.9185184747583235,61.45868723262231,44.29498234288963,53.628910349751585,1543.64
B0031,94,1.6672987794846676,4.207096999865798,2.4650879684691613,3.422760457985402,0.0010226274780877642,-3.9775318525247547,-3.918145386509849,61.44540062417477,44.27909841111377,53.61379694880726,1536.781
B0032,2,1.7048641073512139,4.087016142066692,2.62709691854036,3.31356881404843,-0.00023507909736742707,-3.994111633376854,-3.895034492956119,59.47600707924567,43.25683175903665,52.14812251926887,1572.359
B0032,4,1.8940319526948572,4.187844886919987,2.6672646952717707,3.360932103985418,0.0015127124644952277,-3.993584927278223,-3.9466385151298375,60.121290886265,44.37911850231533,53.49862731805315,1723.281
B0032,6,1.8747686491853095,4.187701456265651,2.653980741191812,3.362818742242725,0.0012837813797894058,-3.994420868734206,-3.9459503925460986,60.28987126771494,44.42491231836779,53.56355547229223,1705.906
B0032,8,1.8654947184112376,4.187956631748198,2.614778884516638,3.3620666570592657,0.0017161804656120666,-3.992737735565066,-3.945374357087773,60.570618627724706,44.42345633074317,53.636497641934646,1697.688
B0032,10,1.8527398169018068,4.187837270519941,2.611753951946988,3.362352506750974,0.00040717823626788244,-3.9948661162805594,-3.9451013111259323,60.444872622429784,44.41711926456754,53.66821955000141,1686.094
B0032,14,1.844174397003866,4.176580463554566,2.6899647104301128,3.3539141264171213,0.001708441430192,-3.9943122416105044,-3.9441329415172497,60.80514996345169,44.37941292443623,53.78514931831166,1678.563
B0032,16,1.8430238477512753,4.187717629562103,2.6352220172441965,3.359881578137895,0.0009693359917359237,-3.994189778619774,-3.944073053011351,60.791314861400984,44.42226254081613,53.80370465565283,1677.469
B0032,18,1.8302818174911863,4.1875582845369195,2.616116680441599,3.358862190732693,0.0012858070277202214,-3.992661318532081,-3.943421894744355,60.824534439051064,44.39808687756001,53.860865202701575,1666.093
B0032,20,1.8173838456081814,4.1878149871796655,2.6377575512804055,3.3601097902247443,-0.0031257014604457478,-3.9925014219671766,-3.9431707154426756,60.93844327722512,44.397132148523106,53.86937461780675,1654.328
B0032,22,1.8057992981104682,4.1878814798124315,2.6425811435343314,3.3601434422461938,0.0013400939842073787,-3.994253875500499,-3.9427909793014866,61.056928797496845,44.42440180577051,53.919241142689074,1643.812
B0032,26,1.8149829605049186,4.180429711622443,2.6868552360676885,3.355149818972587,-0.0014889906843565941,-3.993279981032099,-3.942681377393959,61.26264235870029,44.403748475386195,54.04736439027926,1652.266
B0032,28,1.7995150369321797,4.187435297570574,2.6740516269543457,3.3593418283288132,0.0016267295925668302,-3.9928213513263473,-3.9184845032163933,61.309095933731044,44.39805639027924,54.07432799473692,1648.672
B0032,30,1.7866516942518147,4.187467933100937,2.6712280977184064,3.358629751735543,0.0038627008274447795,-3.9936307443005115,-3.9177419538846427,61.35860964032413,44.423423394108156,54.13198237630402,1636.969
B0032,32,1.7735550719416031,4.187491241001438,2.6834486699239664,3.3590704748251823,0.0030013386583011147,-3.9933041077525164,-3.916992039332035,61.482188769123354,44.405296432368274,54.1706485784692,1625.187
B0032,34,1.769995333364443,4.1874322769983605,2.670098200587867,3.3579238322389635,0.0014240302884510813,-3.9940797199332114,-3.9165301686540293,61.558060893098116,44.433840746655626,54.230275057026425,1622.016
B0032,38,1.799526080374287,4.174276691190384,2.6512994484308834,3.346388148340216,0.00211788380601706,-3.9939678062045267,-3.941133829882486,61.75555924618304,44.39020318316664,54.344649105313806,1638.422
B0032,40,1.7968530684449833,4.186860433427951,2.6257034386294866,3.3534652549262995,0.00171086722647622,-3.994597299462833,-3.9168961856121998,61.788148736083365,44.38622768250236,54.34024033975075,1646.438
B0032,42,1.7838265504081745,4.187242083144707,2.6363985091733704,3.3539379658636705,0.0001165466879612154,-3.99403993642454,-3.9161279657117896,62.026796878552666,44.4051269140013,54.383818324015124,1634.765
B0032,44,1.7696444491040102,4.187348698823322,2.6091385279000474,3.352033498067153,0.001878510603219966,-3.996695123471853,-3.9150746408037618,62.05922080379437,44.42169542184864,54.44223460892958,1622.016
B0032,46,1.7512940457049684,4.187458308694366,2.6928273258727593,3.356088193037498,0.0009533628343327387,-3.996085886074777,-3.8893700702054987,61.81678431928173,44.414900411879636,54.47793957059441,1616.25
B0032,50,1.7697554297961993,4.18032452902128,2.6580053475407666,3.3485978246821815,0.002640804918085652,-3.9941183811183705,-3.914545791564823,62.13034562682843,44.37973715309972,54.522884319691855,1622.218
B0032,52,1.7547726933914918,4.187278944270903,2.622656733898926,3.350888760453381,0.00027940867379329083,-3.99420296582248,-3.88872960338246,62.20855323363066,44.435051057028076,54.63737439274004,1619.656
B0032,54,1.7389166355812984,4.186871482774904,2.6579673401898325,3.351949039148667,-0.0006333733548199719,-3.9942076761239322,-3.887437874711392,62.27936068413306,44.45074387838419,54.626766126568995,1605.484
B0032,56,1.7337200518764075,4.187368946542894,2.62449780009349,3.349297591300232,-0.0020744273359697553,-3.9938232398252884,-3.8867994146602536,62.40536913200032,44.4475889304923,54.64310926864166,1600.75
B0032,58,1.7150972597500092,4.187171328295389,2.6693549937573904,3.351231111091802,0.0012452126846412897,-3.9947546221632204,-3.8600791350059627,62.216007793788314,44.4423253200928,54.70581681215588,1595.0
B0032,62,1.7462926148815636,4.179483481777926,2.6245992054256915,3.3435018088780115,0.0008661686052773623,-3.9935521542972516,-3.8867131837578937,62.6157960112704,44.41306950471116,54.73634803491553,1612.422
B0032,64,1.719149261914565,4.187057003834118,2.6829848740711117,3.3521161040604457,0.0017493587339206494,-3.9950865002613853,-3.859329219112499,62.26360588854172,44.42726286487183,54.729006905014316,1598.969
B0032,66,1.711582246191498,4.186996418231206,2.6671246169170018,3.3500497479561155,0.0029029926987244646,-3.9949368262887304,-3.858428126429743,62.42580063958537,44.42740030389657,54.73589338579687,1592.187
B0032,68,1.6951051195225901,4.1871621368173555,2.6334454972272856,3.346822633241171,0.0030505218567754874,-3.9949029619473433,-3.8566873181204584,62.5594040849182,44.40480279768343,54.73540508711326,1577.484
B0032,70,1.7005124371100973,4.187124475593186,2.6133538721871226,3.3445668126766406,-0.000644345960708234,-3.99441842582716,-3.8827695760741974,62.582629376324434,44.39853762644303,54.74865999209295,1571.547
B0032,74,1.7080989351250158,4.181856074494181,2.647938106735209,3.3426166901503263,0.0024583516966073405,-3.9933943376990633,-3.882600911283088,62.57090441669303,44.35319619672111,54.78747299373422,1578.484
B0032,76,1.691435430587127,4.18690867607217,2.6715941703662405,3.34732439121854,0.0009777946664947625,-3.9945059330621557,-3.854937565206465,62.42898686923908,44.39241607753322,54.781382520592445,1574.469
B0032,78,1.6844494328889932,4.186886051758731,2.6462614968063676,3.3453547357724522,0.0008586417537280709,-3.9949900066471686,-3.854046236326502,62.43152363917722,44.38940961934091,54.78435229628446,1568.281
B0032,80,1.664037581688075,4.186961283097403,2.6718636231921065,3.346646262078225,0.0008078766421049594,-3.9944555852207273,-3.825515955469031,62.5729328576623,44.40456977005993,54.845012944023324,1561.422
B0032,82,1.6686372014231974,4.186797536056034,2.6372752376377897,3.3430379418002483,0.0003270290264657244,-3.994950149647624,-3.852185223644289,62.57967644827836,44.41077624094624,54.84412055277582,1554.234
B0032,86,1.6899344075625968,4.180871809929545,2.6027515790201994,3.3373798184076704,-0.0004538951829893893,-3.9939090960595336,-3.8529024760904154,62.96996562520999,44.34599596279828,54.916794359881244,1573.734
B0032,88,1.669431712846442,4.186876840985748,2.6344496446331838,3.3435347690202875,0.0031454037894103255,-3.9956769444125584,-3.8243694013351117,62.75574288944966,44.40208052480985,54.90429470994109,1566.578
B0032,90,1.6634226761839213,4.1866310585931235,2.612265282912701,3.3406975425250534,-0.0010781432331686787,-3.995326411032614,-3.850082677405248,62.70443033939053,44.38078135255614,54.85304065526831,1550.047
B0032,92,1.6436152195947373,4.1868719484291095,2.6874948249577777,3.3456376475453258,0.0005040802090653307,-3.9933417260498723,-3.820950546148158,62.46020747529598,44.42484682444376,54.870101858468004,1543.64
B0032,94,1.6358000873538245,4.186758471539941,2.6076358711453813,3.33983349960651,0.0011578976243076559,-3.992853792791997,-3.8197049752589796,62.789754357166764,44.41205349181541,54.9152115205818,1536.781
B0033,1,0.06842572240601812,3.6772190710694983,1.9848598462488805,3.3726641134399764,0.003180472315653078,-4.027448488189357,-0.4032887109837347,34.973341925251844,23.709046954662966,29.26541655615828,1819.406
B0033,5,0.6895699007862814,4.191105953862248,1.9816234331870684,3.717995304466161,0.0012239145172062258,-4.027610772655682,-0.8109495942196226,47.876225604831575,25.173023588997943,32.82332257180906,3260.531
B0033,7,1.1610848192311252,4.19762922160552,1.287217552704193,3.524738825009034,0.0013754928034409725,-4.028150816942063,-1.3467063374074053,53.521374145800095,24.982438023452065,35.79329539654299,3265.75
B0033,9,1.2529393053824995,4.199816411135521,1.92499373482904,3.489168398195939,0.005999157112787059,-4.027874138842302,-1.4664895935962654,53.59969491765948,24.55968114896303,36.38266836733648,3264.109
B0033,11,1.302918002447558,4.2005663942344365,1.9480187400221975,3.4703882503796533,0.003173522307824234,-4.033138447887385,-1.5284631729967968,53.81770081109488,24.346865543240558,36.45901475182768,3253.531
B0033,13,1.3218773211472525,4.200743805234223,1.891347070952385,3.453967625388434,0.0011907176612640303,-4.028549406404835,-1.5665630077013475,53.57104302015468,23.833054464449923,36.279780573622936,3242.578
B0033,17,1.2884694418301417,4.197576934147749,1.1932458808760276,3.4578247593455274,0.0012234808875597027,-4.029060240993913,-1.5273103379999617,54.60856796915766,23.849523839998607,36.16552578493363,3234.625
B0033,19,1.713169326386719,4.20050246544483,1.9170515174362301,3.209334990541558,0.0002512950478151137,-4.028435536553458,-2.081391887401403,54.191463730088664,23.811627133806077,39.93652051985124,3235.36
B0033,21,1.6560966776720512,4.199260915072752,1.9084502918482382,3.2871463464425337,0.0025156394444598175,-4.027703797647405,-2.031933664083695,52.934331210631875,23.834882721167357,38.25328053802186,3236.125
B0033,23,1.6197297341990775,4.200453230054564,1.9529802665635712,3.3197461384202485,0.001943913403446106,-4.029010576937479,-2.007342900413476,52.5032036116964,23.790077881473504,37.62899446299115,3230.25
B0033,25,1.604655812282729,4.200671023041403,1.9889951350881314,3.3333097880411087,0.0007927284230400828,-4.029371158559712,-1.9948389441406584,52.17652816361563,23.77022071547008,37.32713409422702,3226.078
B0033,29,1.6255699769029337,4.19613941105053,1.9634548720089502,3.335992217657965,0.0008138436718322889,-4.028926555600406,-1.994851949410258,52.04937847239831,23.90835353077424,37.40237649452651,3224.5
B0033,31,1.5900967306245992,4.200736119460894,1.9596564991730565,3.3499333575510475,0.0047879231111514365,-4.030095334789055,-1.9821032756925434,51.73549267436528,24.159049068640833,36.995742754141574,3222.188
B0033,33,1.5739402299623984,4.199983318886737,1.9224375381620544,3.352100511151755,0.0008137321239976772,-4.029301699475618,-1.9816298756157713,51.66117418178819,24.253747041388166,36.85780455256667,3216.546000000002
B0033,35,1.5711303351557309,4.198997952942716,1.9701535031712945,3.364435103530164,0.0004291964092569833,-4.028374929061863,-1.9691328896327156,51.20270858784091,24.469001088502946,36.6450177655176,3211.859
B0033,37,1.5897706153457416,4.200390681379551,1.9056198246248632,3.3619403221625435,0.017416510273001708,-4.028389076445655,-1.9747683237565228,51.54633126076106,24.569584126877498,37.06472736671567,3215.859
B0033,41,1.6257378771074,4.19244756297013,1.9194841380159542,3.3654741602580085,0.00036249119026178945,-4.028586118410664,-1.9682317715937605,51.68734548388082,25.655407440527878,37.66051476409482,3225.125
B0033,43,1.6523506333962537,4.2017771251555125,1.8976584375642789,3.3663272801721305,0.0011298889882579554,-4.028842731009181,-1.9814766540711188,51.806645557310055,26.351491764299766,38.32310986221148,3234.343
B0033,45,1.6143816761595386,4.201164004146235,1.9491950772703672,3.377217174172977,0.00784864250788584,-4.030100031226656,-1.9615148467447636,51.013524625767204,25.32531937014495,37.01126182016034,3218.25
B0033,47,1.58697453394504,4.201517882926393,1.984512151427813,3.380792043459977,0.0007141636301609649,-4.029009682675262,-1.9543536128625176,50.612625791907234,24.48952813086066,36.45751890099188,3203.5
B0033,49,1.5818355572787333,4.20178668140198,1.9563552671465751,3.379892729676732,-0.0002999730234341766,-4.029820948579601,-1.9543735971035472,50.476231965221594,24.192526340264504,36.245832392874156,3194.39
B0033,53,1.6919769406371152,4.1779630595627175,1.9541530671990093,3.3335163148815434,-9.800144433961224e-05,-4.029429516237868,-2.008024980015611,52.80944186421341,25.94382700697729,38.88044910257506,3225.219
B0033,57,1.6879483800354476,4.196973763278454,1.9044972660711088,3.35231211831231,0.005218954560454124,-4.029363256265371,-1.9876053283446151,52.001298745862094,24.902870283744065,37.68662439550755,3252.985
B0033,59,1.6586223007531458,4.200398891523595,1.8748346357265961,3.359089419531549,0.005553090986286007,-4.030201623675916,-1.9736296482799287,51.65598739515965,24.092897160454218,37.02885798715912,3245.25
B0033,61,1.6420179032789863,4.200117032191553,1.897981208291145,3.3667293867076395,0.007265280166586811,-4.030021583929906,-1.9603089116784294,51.50939532095622,23.94183770011008,36.84829116229335,3235.031
B0033,63,1.6381810791118743,4.199696801054791,1.991339490634848,3.376711639438572,0.016500338698040882,-4.029862208715491,-1.946637400827973,51.25839715822789,23.964709389367574,36.78338270641005,3228.141
B0033,65,1.6422892507912386,4.199468615978848,1.8710207024150525,3.367781888938211,0.00276585452568468,-4.029053434590447,-1.959191352221616,51.77188968997154,24.167613125666932,37.1454352740502,3217.875
B0033,69,1.651270876264092,4.1967559287812986,1.9449657495126544,3.372839244866595,0.005023227506817284,-4.03323407643102,-1.9525734623288529,51.73759469619592,24.662973384656638,37.43950673452506,3220.219
B0033,71,1.6326559297917211,4.199575185389948,1.907571146047148,3.374002354868022,0.004855381962412541,-4.029609473738784,-1.9519388696631121,51.61243426951156,24.504187968208015,37.21232307005263,3210.234
B0033,73,1.6260888111680731,4.199545032445997,1.853794752061886,3.372312698394194,0.003091520377884157,-4.029153463598805,-1.944321269342409,51.546238399221565,24.00539966396368,36.823942592131566,3210.546
B0033,75,1.6079292963823688,4.199505571389485,1.9738070273097836,3.3827767161652114,0.0020661891649316304,-4.029585877984303,-1.9306892906025632,51.03143629880169,23.64186235900653,36.46405070511895,3200.969
B0033,77,1.6125361114907395,4.199241343123339,1.8729343749213587,3.375532247108578,0.002357497667880069,-4.029845065383976,-1.9434335891264498,51.41437811978397,23.79581768454326,36.76266900330653,3188.625
B0033,81,1.6218384168987892,4.196166399561636,1.9731628226811078,3.3809635204151607,-1.777228155773812e-05,-4.03055037109141,-1.9370016811131343,51.44638168113912,24.275077073346086,37.105629207043215,3191.735
B0033,83,1.6145443029101134,4.199389890561037,1.9801558945564506,3.3849609857132434,0.00830975941903553,-4.028904787104472,-1.9294565493698395,51.30248392082844,24.229252988895677,36.92446822577901,3190.313
B0033,85,1.5953958917107596,4.199342510279409,1.8983018980313588,3.3815674619499325,0.001554269889544501,-4.028816718572523,-1.9282533581562031,51.29496206472584,23.762823270525672,36.60695698382364,3182.156
B0033,87,1.5877243027113057,4.199371542863236,1.9438604398554957,3.3851857877548657,0.001315143854414586,-4.028814615699915,-1.9211152251549157,51.186634675664926,23.69664102467678,36.55039143131212,3180.156
B0033,89,1.5811840578305605,4.198739953896501,1.9632916036547936,3.3864604240259375,0.0025301006204114843,-4.0293423558858095,-1.9205487390114635,51.182616761589756,23.752588955549978,36.5823314777477,3171.953
B0033,93,1.6128422608267754,4.196658469661701,1.9667908439255781,3.38478424054856,0.0024156823537104096,-4.031050217020222,-1.928157401644312,52.16803502599322,25.367856702975423,38.03675863150647,3192.172
B0033,95,1.61998606328022,4.199179844744276,1.9197120509411163,3.382889233805488,0.0006400926876088788,-4.030106767683525,-1.9349668442210473,52.74767841756611,26.10767929324037,38.760697217070216,3194.735
B0033,97,1.6099381853611876,4.199367783528825,1.90479520665137,3.3844125991586744,0.0054549410937690165,-4.030953176534828,-1.9341884259387427,52.437956139686314,26.018215627550084,38.235160610115415,3178.75
B0033,99,1.5770977539565159,4.199251268298133,1.9002006601986492,3.3857968945581733,0.0019693936084294195,-4.031039705836091,-1.9188525560254726,51.81197793605918,24.499091356728492,37.20770413073148,3165.359
B0033,101,1.5708599066554392,4.199383120313636,1.8511721039377573,3.3829095031701564,0.0026026251110056174,-4.029997935260405,-1.9177244980858124,51.73653410504897,23.997221430790674,36.9160184906247,3155.25
B0033,105,1.6261581345348248,4.1862894653699865,1.9532771236637267,3.3669463001908233,0.0008207747777911208,-4.029710862662991,-1.955575681668958,52.54160752520686,25.33769164423877,38.272310782775065,3173.766
B0033,109,1.6348129972245726,4.19649142433425,1.8536215036991406,3.3716190861386144,0.0015734936112625545,-4.0307758077283395,-1.9478198159800646,53.32326193954195,26.35335522097585,39.10342018909909,3199.485
B0033,111,1.6117053637342613,4.1993042516227,1.8889976705304934,3.383250579221141,0.0006231010202338925,-4.031306085570448,-1.9259112286553692,52.66626648084271,25.872885571783414,38.33805950325132,3196.015
B0033,113,1.8851401699720662,4.297261420299437,1.9693514891283213,3.3541040884435995,-0.0009158378024188325,-4.032672225135528,-2.003289552090588,55.391416850220025,27.54619924958732,40.78203629126505,3595.281
B0033,117,1.6584957887780232,4.196439332501794,1.9935504677327178,3.363721350351351,0.00033320145127354494,-4.031780602841451,-1.9793333607509414,52.73529025292928,25.882186329625984,38.52395699562303,3198.0
B0033,119,1.62418934644937,4.198801406927717,1.9102322543360104,3.366918878823245,-0.000753560863892919,-4.030791007814564,-1.9635759174250933,52.530629852108135,24.91350298150035,37.84185542205372,3183.516
B0033,121,1.6041720988563641,4.199283799066005,1.9518631378335147,3.376033697850269,0.0013937024175848071,-4.0310640182247095,-1.9412525646606564,52.2186933985822,24.557603485911184,37.464100471383695,3183.797
B0033,123,1.6080016740907346,4.198824744163288,1.8963514295309498,3.3722882262741316,0.0025228711514761124,-4.03130596458528,-1.9409306611824064,52.72731536294026,24.97536739446595,38.110532137074216,3191.516
B0033,125,1.6256752138435595,4.1991786619721845,1.8979233738345112,3.371464716917886,0.0003608441658017704,-4.03322808557455,-1.948285830860844,53.20573413452146,26.217649548826355,39.04860411133125,3189.985
B0033,129,1.617632765910718,4.196322805258936,1.9266531976002355,3.3745591325938995,0.014180589829354377,-4.031813043363584,-1.9406336588697692,53.164414772235126,26.456664936108442,38.882226863166906,3189.734
B0033,131,1.5973191489094263,4.199012202779581,1.939997570224548,3.3793714907223658,-0.00010853183838927168,-4.030821588081266,-1.9251256018615566,52.600411784093296,25.30421479573262,38.10273900805949,3176.016
B0033,133,1.5875852250170606,4.198460705965928,1.9585672641473335,3.3812950636091506,0.017289236291238273,-4.032137075383287,-1.9170834321948271,52.46865748904612,25.066835451881584,37.91537679971282,3171.36
B0033,135,1.5802530015403684,4.198803103697235,1.9572832344435456,3.382171233915879,-0.0011548525975083356,-4.03124499599466,-1.9091378265076395,52.40979732740365,24.923079918284653,37.92480929373238,3170.843
B0033,137,1.583036530487776,4.198672374221831,1.916168037790613,3.3795623822599756,-0.0014734947558618747,-4.031640962287776,-1.9160969808869277,52.834042544635665,25.34147126319954,38.34698157796738,3164.672
B0033,141,1.6027138832797037,4.195265814954276,1.9463675093023414,3.37961009118628,0.0007354370554732212,-4.031167247658788,-1.9162480832673106,53.601451975349555,26.42711805216501,39.30988108210959,3177.453
B0033,143,1.5930709154513834,4.198697754700443,1.9780549546482917,3.384287544034087,-0.0005055321995240153,-4.032439717618345,-1.9085281127715084,53.25152711755672,26.565656255374613,38.964980792259276,3172.375
B0033,145,1.5448888685020246,4.198102779366344,1.905966283713238,3.3822784871834886,-0.000271915848045076,-4.032672607638048,-1.8916136445674485,52.64070518740206,24.785095946349767,37.72135386687406,3158.406
B0033,147,1.5352188565640517,4.19847889707735,1.90750106961619,3.3814602813053565,-0.00041562573050468656,-4.0312142392988,-1.8905533567609432,52.51312011499367,24.360961192677404,37.45856152891539,3141.578
B0033,149,1.5252677314227332,4.198444396938235,1.9292976600569,3.382560441964418,0.0006536849289642663,-4.031802508115526,-1.8823068188002856,52.3982280962388,24.127061124602072,37.2659552140469,3138.187
B0033,153,1.5559492005453626,4.195342051626477,1.8981581536679577,3.3801788533503028,0.00029587786907101795,-4.031765665107094,-1.8905479396562952,53.455944890050766,25.446679804307124,38.74887799470947,3157.969
B0033,155,1.5648029438427147,4.198552819065784,1.8884361117708077,3.3800922874688264,-0.00024824984298430354,-4.032044401412751,-1.8980856969312407,54.15574298880717,26.62675849083193,39.69321386954275,3159.281
B0033,157,1.5518620461881205,4.1984923238862795,1.8935389971250938,3.382133740383054,-0.00019168184237226582,-4.031354508468829,-1.8896314109891985,53.69393683990001,26.407185531575575,38.99544744527789,3150.375
B0033,159,1.5144550545105004,4.198232140934075,1.904031637069275,3.3814913105388644,-0.00096062682603525,-4.032766166622568,-1.872743521398214,52.91956948214362,24.63935217013191,37.746988287643894,3134.078
B0033,161,1.5051936202146428,4.197903885845773,1.9196175823544368,3.3819655060503893,0.0004488591584670705,-4.032211222443815,-1.8642972903813007,52.77330169161603,24.286529106722867,37.50735630364932,3129.797
B0033,165,1.605823969917045,4.181130210987576,1.852348915398631,3.329913840594753,0.0005118056247928042,-4.031033663843277,-1.959422143897036,53.75237854927132,24.926222629135967,38.883555668352116,3161.89
B0033,169,1.6249005195877049,4.195489950082467,1.8154710749647818,3.3467196974403497,-0.0005481937157319876,-4.031389983040594,-1.9438219079216,54.49882525049124,26.244952557136116,39.70651744278487,3196.859
B0033,171,1.589785130036615,4.197775741628386,1.9709912361310515,3.366597142576843,0.002231371215124044,-4.0314763579809485,-1.9207619197190013,53.48032268666943,25.714927405533103,38.69688917568081,3171.906
B0033,173,1.5552386152299904,4.197620289512095,1.8937050882323652,3.3665010841717966,0.0006893495495072592,-4.030814834933042,-1.9034234318764343,53.19212326974819,24.531285612577616,37.93115370815918,3160.8429999999935
B0033,175,1.539756404636803,4.197694092086119,1.936708367530743,3.3683893640779714,0.0012018815196050546,-4.0313511318221185,-1.8953087437661214,52.91631108720558,24.13914126838614,37.670702628979534,3147.141
B0033,177,1.5293174002138357,4.1974767325796405,1.898472277042985,3.3686183095745217,0.005724393173558308,-4.031138153963117,-1.8860721599248624,52.95164787724483,23.863486640701478,37.48833504505954,3141.203
B0033,181,1.547680553576876,4.196099622186929,1.8471266740226868,3.3619229093944987,-0.00031171378749907005,-4.0316229913950306,-1.9022031487355253,54.15703950174405,25.1970904818351,39.01194436489727,3151.047
B0033,183,1.5659920939439786,4.196552042597536,1.8671703949444942,3.362373596039391,0.001151032383683202,-4.0315013305919996,-1.902560854268258,54.90254753232506,26.400937793835165,39.95408175672587,3159.172
B0033,185,1.5416252851780505,4.197202431807518,1.9378745892006957,3.368466070250841,0.0038625310544471688,-4.031293666591443,-1.8857964938998257,53.80008363828377,25.257433005197253,38.629206981182826,3141.047
B0033,187,1.517590655990168,4.197066813581793,1.8429746742692776,3.36347185491077,0.001569384056081329,-4.031684082152135,-1.8764237604426466,53.54505652293522,24.144932499594788,37.93003488357471,3135.0310000000027
B0033,189,1.5075202042593092,4.196924945892409,1.8767034375876257,3.363235953553388,0.0008096114927767332,-4.03165132325304,-1.8755057458521922,53.29577183051126,23.791217824179263,37.62158369702063,3117.984
B0033,193,1.49549282626034,4.196262893825219,1.823408615215652,3.3583847581016526,0.0005724594774865621,-4.030947549189872,-1.8746252042601181,53.690652187482364,23.536626949694146,37.78621151878811,3125.328
B0033,195,1.4997618811573148,4.196791007353091,1.914352330463475,3.3645795285682984,-0.00046971735595735325,-4.031045921440598,-1.866968412651517,53.4617189956508,23.87189419612585,37.780545613375104,3120.172
B0033,197,1.4906966807803954,4.196494518150467,1.9242052922698998,3.3647328172276567,0.0008850063194717904,-4.0311405953415935,-1.8579558703430965,53.31089209854774,23.481284826054356,37.48831223397221,3116.641
B0033,199,1.4800999425051866,4.196813869211146,1.846946703906843,3.360281651978189,-0.0015689695942950562,-4.030716749693109,-1.8652023718774091,53.6277468644108,23.73608069361077,37.84650784146758,3110.844
B0033,201,1.4676091496100632,4.196812382131576,1.912127707319289,3.3661837656093314,-0.0008867294806587231,-4.031853159151112,-1.856568813720333,53.311289666668536,23.57527253501497,37.50067380952265,3101.406
B0033,205,1.4729818491920503,4.194034862013672,1.9981993087869525,3.369029139242048,0.0005495929226884419,-4.0314744132737514,-1.8482708540348456,53.24781973161767,23.46174852080792,37.46771056598812,3099.563
B0033,207,1.4742872137206404,4.196764423571106,1.9676969517090999,3.3652385724141607,-0.0016654640871866945,-4.031012283747264,-1.847975231148244,53.32567282742489,23.510058260020934,37.59818541161091,3104.64
B0033,209,1.4635162808346138,4.196547768827336,1.8011165493797345,3.3618926452165643,-0.00043566045529616366,-4.031507871009939,-1.8544013778989676,53.67135316275077,23.73503859952804,37.701434924362204,3099.875
B0033,211,1.4527095680488362,4.196047705028354,1.935722285136851,3.363675541904795,0.0007604582300614609,-4.03073010593017,-1.8463602302715172,53.425915759836265,23.40402295850063,37.53461374251148,3093.25
B0033,213,1.4557303847230247,4.196278080515848,1.8530896744385115,3.359060505999303,0.0002271681944951975,-4.030697157978195,-1.8534144162144512,53.80241246385534,23.62740092704637,37.84394106488913,3086.688
B0033,217,1.459740099618568,4.195876729666962,1.9965159983729222,3.3651551542737717,6.524393134280241e-06,-4.030516737306949,-1.8376882337108682,53.538703332548565,23.353909997972217,37.62240216799661,3094.281
B0033,219,1.448711504158192,4.195934498287595,1.817348554391127,3.3585848303538435,0.0005780717767777655,-4.030351819973078,-1.8440924557115652,53.85443523479271,23.538357384212055,37.85402355267617,3088.328
B0033,221,1.4666759762884336,4.196120687135332,1.8401196811491933,3.35905242705326,0.0006474106867621329,-4.030995659242972,-1.8441168780731472,54.312710923117564,24.098338542134762,38.470904652851125,3095.687
B0033,223,1.4689502109504418,4.195965348408379,1.8717606752777658,3.362682403709533,0.0009585026284419133,-4.031351805704019,-1.8444990382739714,54.717249684368554,24.889239990462933,39.05355467673962,3102.062
B0033,225,1.471116588522042,4.196021550334557,1.9004154638642285,3.3650098815184712,-0.0002773212379416356,-4.033249507760725,-1.8447179134276697,55.03279239327084,25.760468373583926,39.44221992740732,3107.141
B0033,229,1.4473012364654927,4.19600538145272,1.7953236556353753,3.3557747858772635,-0.0003757893119659039,-4.030676382405292,-1.842164817595224,54.39303449657184,23.839840978745034,38.22999069332894,3090.719
B0033,231,1.4205315547561643,4.195641283102845,1.7802670666869505,3.3539193468726696,0.0011390059731761835,-4.0313459795279805,-1.8405597937226963,54.05963088053671,23.311906261783754,37.758104647901995,3069.812
B0033,233,1.4241466094817417,4.200886512488945,1.921681538108464,3.3605316490849235,0.0006788417969062631,-4.030606905484439,-1.8322958668074303,53.59788130809244,22.959689226191127,37.428049618035296,3064.437
B0033,235,1.4412820083364295,4.201002724229119,1.7788153560287199,3.3547493929832592,-0.00030955470158761686,-4.03028398584487,-1.8406157622829122,54.608136974659445,23.727399195198654,38.5029228575476,3083.25
B0033,237,1.4448965388921615,4.195465495994929,1.9534408897799111,3.3635996156389574,0.0037097669022184755,-4.0314946704187635,-1.8326291343034717,54.5574027155619,24.365750283300006,38.83348222581879,3076.484
B0033,241,1.4540256354795746,4.193707044291354,1.8222744588584345,3.3569917985687048,0.0001689831792566717,-4.031940850232371,-1.8392992395990233,54.99418815591436,24.816618308100914,39.052180409304285,3081.297
B0033,243,1.4226030447542912,4.195380315548316,1.8129227899512983,3.356737655890981,-0.001894919900349489,-4.0307098776684045,-1.8297056790119524,54.16320225337546,23.75195107892012,38.021927947894824,3065.953
B0033,245,1.410196954589097,4.195068887696935,1.9001242255219513,3.3595402684946825,3.304886982542884e-05,-4.030808108637904,-1.820934982680164,53.87733726225828,23.28809737074453,37.73309166360951,3055.828
B0033,247,1.4144881298999457,4.200794831783912,1.8618268075580215,3.3577795891012125,-0.000513848429161021,-4.031586804182261,-1.8285914763057718,54.005408924827464,23.291842691910556,37.88253804875795,3051.468
B0033,249,1.431360032946153,4.201229193181646,1.7571531937270366,3.3555412354678467,0.01303696830083582,-4.030442133532166,-1.837054902454502,55.01715436055076,24.426091446526485,39.09683297382756,3069.0
B0033,253,1.4515133236517528,4.195456528334941,1.8292747932433169,3.3594857050424136,-0.00037752628276502585,-4.0318254325257525,-1.837816023009627,55.56824997306065,25.492988144527537,39.85321278395099,3079.235
B0033,255,1.4230376757726733,4.195112832732734,1.7807877780971682,3.358051208135682,0.0014161129125859245,-4.032010763539899,-1.8280312164109505,54.92871435196593,24.913200438495238,39.04623892631281,3070.344
B0033,257,1.396298696255913,4.194675647244639,1.93715684685712,3.3644871236228617,0.0005979681982448676,-4.03093756328432,-1.8096060815655475,53.80101502575858,23.69390974754839,37.820538353520355,3051.4839999999967
B0033,259,1.3979060730399124,4.200892254113164,1.8780478013995328,3.361244790495099,-0.00048643399090013585,-4.0314226876275026,-1.8091575935883184,53.90914216170243,23.224748300881917,37.73310595477053,3054.812
B0033,261,1.4011347560096767,4.2008538258066634,1.8094020919691347,3.35671886762914,9.320912670401476e-05,-4.031633986852976,-1.8167109753774657,54.23260277977909,23.380069687751234,38.006666099531806,3046.532
B0033,265,1.436782528945267,4.194606941815903,1.8197773356081153,3.359022917654344,-0.0013045268594984534,-4.0311970185789185,-1.8264479842957801,55.63045478699343,25.56118395535826,39.784628994566496,3071.782
B0033,267,1.4370006879546382,4.194748069677628,1.8363818810073882,3.360671828990881,-0.0007028351888993262,-4.03123727157494,-1.8267902000568095,56.16713312985831,26.312089772492193,40.35944876635067,3074.532
B0033,269,1.410355528453481,4.1950937664854155,1.75385880069876,3.358394883350331,-0.001465045103962018,-4.033637600592424,-1.8243917057977057,55.53601912262827,25.36471836345822,39.40096297699252,3053.656
B0033,271,1.382633397996189,4.19415713586591,1.977912246538546,3.3625185980231946,0.0011641828137736122,-4.030551182286183,-1.8064502971208865,54.42859597766174,23.983037377275263,38.23202468655914,3031.953
B0033,273,1.3699403583067564,4.194421518890087,1.8406238091435183,3.352730063565273,-0.0004235104166668178,-4.030891041828917,-1.813345064617239,54.60293074972065,23.552284850244476,38.186119358463095,3023.5
B0033,277,1.3786129327882322,4.193864909249693,1.793591568720353,3.348905668243179,-0.0009980734385136945,-4.030314032706555,-1.8127387092209186,55.29175004355109,23.625584537108093,38.7565059715467,3042.703
B0033,279,1.8035959863147193,4.4683580435456935,1.880422567759453,3.457384162912773,-0.0006817634924289966,-4.031780531813977,-1.5628707519379117,57.637403832441095,26.039592093750475,39.21824541685028,4424.203
B0033,283,1.4234424290662009,4.192884657368934,1.9260869684651196,3.376673863925851,0.0016532345000100357,-4.031488800527161,-1.7979194894124642,54.65393012817871,25.43001252418307,39.05310062274121,3066.766
B0033,285,1.3946003892958663,4.19449660552562,1.9774094380313447,3.373391130621014,-0.0012105644915354078,-4.030424136743857,-1.7963463690245949,54.152949724280695,24.58804964923043,38.41375319607374,3046.125
B0033,287,1.3961613987822286,4.194231055547011,1.8428005555738187,3.364186626496377,0.0008091559133542712,-4.03138524080446,-1.8032850146688266,54.53515875704883,24.36691079224096,38.46902673499884,3033.625
B0033,289,1.384968608315797,4.200536096823805,1.7746653306163975,3.358003989298615,-0.0002153001521686967,-4.031183913719146,-1.8108049336910572,54.77734925210607,24.0439834251731,38.5100324254832,3028.562
B0033,291,1.3715114742475478,4.1938611255659515,1.8460476497404992,3.36155800725267,-0.0005973093675214711,-4.031896597974894,-1.8013083911049832,54.64702813763124,24.128299966080764,38.40063671961678,3020.984
B0033,295,1.3616865084879255,4.1912968364535725,1.9599501667839596,3.3646263159375533,-0.00023761776598243457,-4.032512009214244,-1.7919918693222388,54.505104228610136,24.005545419243067,38.39044541549165,3017.391
B0033,297,1.3796301360966086,4.193746611615085,1.9111619475065968,3.360892538206702,0.00022613268492599982,-4.031454503778134,-1.7916249952930718,54.421332192558104,24.06291912766938,38.413629652125955,3022.14
B0033,299,1.364231776003204,4.1937859295628215,1.7914848144741025,3.3571675251434945,-0.0006022008614266423,-4.031553638984478,-1.798733884420521,54.599932749714995,23.993771659591523,38.44024987650422,3009.016
B0033,301,1.3418414512081456,4.200650322742635,1.8461845656811995,3.3650892446963074,-0.00036577009441577936,-4.030568780479417,-1.7887872050368798,54.621715057959925,23.84649793943182,38.18714693456589,3014.672
B0033,303,1.3552215695792247,4.2006243085499655,1.8424801617142232,3.363027417163423,-0.0005802290015531244,-4.031930484527798,-1.7888403713952685,54.55731341596549,23.796715031824885,38.18649962226669,3010.703
B0033,307,1.3403860264029774,4.193697387023266,1.8293764049246997,3.3583632498611675,-0.0007041902435054734,-4.031179334434039,-1.7886164084551721,55.041315475822266,23.946035304437792,38.536213089297746,3011.75
B0033,309,1.3594078914195438,4.200544185864463,1.7818288008009142,3.3574236498195957,-0.00031269734274531,-4.032120605609321,-1.7964130441048565,54.87421915377841,23.99283114623448,38.552272664006516,3005.734
B0033,311,1.3457100861355502,4.193351413646578,1.8799745135000576,3.360766302094452,-0.0005113119151110541,-4.030698456939857,-1.787019212781781,54.605029117345865,24.041323148061142,38.45551116751203,2993.75
B0033,313,1.3477611420854358,4.200351692306739,1.8632410129416257,3.3594711162840047,0.0001748701902038797,-4.031396914149324,-1.78684609892111,54.77196645266215,23.858662321645557,38.45383838785278,2998.125
B0033,315,1.335482103134067,4.20027821207153,1.7604885282268967,3.352476127724087,0.0013670482188568862,-4.031628150086961,-1.7942781727538535,55.081324460303485,23.80241741126216,38.59571101696619,2990.859
B0033,319,1.353154941842234,4.192818631069228,1.8980864731881966,3.3599659156305464,-0.0007881046866446979,-4.031721300872744,-1.7787288593777348,56.28817834549751,25.018212536384507,39.84838963202564,3024.453
B0033,321,1.3709677706044292,4.193616398463828,1.765463647928582,3.352934086228004,0.004446209003571594,-4.032692621747669,-1.7963772790558135,57.273543680267444,26.569649055205225,40.8588418858713,3030.765
B0033,323,1.357426672491866,4.2001549210390445,1.7789329307031558,3.343287590707508,7.383941816730437e-05,-4.031807157333931,-1.805219032161489,57.229192207488595,25.824609859809243,40.645674557350794,3020.813
B0033,325,1.3443678821106904,4.199721786449104,1.9751406850610134,3.3304566806630636,0.0009182756131508166,-4.030914484032776,-1.8050690579203057,57.19704022437858,24.628591970930444,40.22816795562337,2998.156
B0033,327,1.33005823859453,4.198848421060828,1.7718580087129037,3.320924665615561,-0.0009245669377489984,-4.032022945808555,-1.8114911161465173,57.01987269382395,24.087009042742764,40.06014962782639,2986.766
B0033,331,1.4033641858066626,4.177372245766921,1.9154948072138342,3.340032080385694,0.0018025099121530847,-4.031185839742219,-1.8025216435721638,55.93330356332492,24.761878420346935,40.062941403566036,3032.328
B0033,335,1.3865570950229378,4.191445596329994,1.9395710043147303,3.365998712772332,0.009679231980644238,-4.03143308473883,-1.7876356209052575,56.299084505467846,25.837379779917946,40.262388264621016,3047.703
B0033,337,1.3704138176872631,4.193389880737777,1.9213252989145688,3.3457011047959266,-0.0005724598831902009,-4.0333360487412335,-1.7957587291291346,56.50951504855041,25.207733349727235,39.997401224885536,3034.968
B0033,339,1.325319393635713,4.200380611368274,1.9978451295419197,3.346323103330572,0.00032011412181143147,-4.031093353153527,-1.7944892722865402,56.69165778744567,24.472552841440898,39.574089613864224,3011.7339999999967
B0033,341,0.8439684993200656,4.2006020565736515,1.4425192802033469,3.5025083166259967,0.0005934151940269159,-4.031452965753613,-1.3524928232333502,55.51714083426434,24.19994758367089,35.98333032061264,3002.922
B0033,343,0.29866180371583506,4.193070577827655,1.5585045696383768,3.8878704029237765,-0.0016955070928297298,-4.030231487651757,-0.40980761010481126,45.807200259053744,24.213134568912988,30.119688488829738,2986.718
B0033,347,0.2344867974702557,4.189611396704824,1.203791745361808,3.9545425965879493,-0.0015144925866869634,-4.029552223712936,-0.326358504964012,46.034595491761756,25.680048766514137,30.940513967139797,3006.203
B0033,349,0.20256330380725823,4.191309904018761,1.5484910888494308,3.987610232479158,0.0005611212781108235,-4.0307560097076385,-0.27160058588744834,44.981619190674095,26.35050371923943,31.002948619577534,3011.609
B0033,351,0.23531995654070248,4.191105087223256,1.9233358352697387,3.9673029925231815,0.0020427643674527127,-4.029588332092749,-0.31706142589910496,44.437719613927904,25.446671381322208,30.353188245577265,2985.953
B0033,353,0.23550427837482876,4.1909851193067675,1.477441018016571,3.949305726224602,-0.0005830301018698171,-4.029344942221334,-0.33378469731868937,46.16094346830902,24.511732333648254,29.92194766382464,2976.3129999999946
B0033,355,0.4304242256752923,4.19146431605178,1.7051348869638063,3.7530265184592335,-0.0010580291493481368,-4.029460110530672,-0.6350119541631207,51.875290776017344,24.153388669349656,32.39035931572692,2964.75
B0033,359,0.46436333202696434,4.189169176120785,0.9861339962587278,3.7437278161410794,0.0005532967584950799,-4.031115621681116,-0.6479270209581071,51.767777887259,24.630656697198678,32.954165794905116,2969.953
B0033,361,0.3994839380247729,4.191809961918757,1.3263821081867295,3.802542903312754,0.0017587890442776748,-4.0305675228368925,-0.5493227175747412,51.02675215928651,25.741077212582653,32.988995755051256,2988.453
B0033,363,1.461469789426299,4.190743825523512,1.8345225826317897,3.2312787223699537,-0.001221361317101788,-4.0317416053878485,-1.925947099684237,61.13715999731606,26.690929983204757,45.33521672468352,3001.235
B0033,365,1.4150999545382532,4.1981379242882495,1.9860807469381487,3.337618232944289,-0.00039125329233729,-4.030688221689322,-1.8473131233384892,56.348749401178914,25.509244622856254,40.620147730266055,2976.234
B0033,367,1.383632373873956,4.199581881706975,1.8841219743920603,3.3407978157952662,-0.0007412415796344238,-4.032404761480388,-1.844518264194251,55.51777727453801,24.5159742884133,39.683995746406474,2950.39
B0033,371,1.3705402893609833,4.192675713672651,1.8129527074235323,3.3451260552283553,0.00159909556782185,-4.031245891627729,-1.8328005456847734,54.98845662264607,24.017907115256936,39.047236578784684,2941.719
B0033,373,1.3557042566115398,4.200041578787561,1.9644189853209997,3.357137371109369,-0.00045824883523277457,-4.031735458078508,-1.814347722959519,54.53862414235327,23.855110623637202,38.66855198329813,2946.969
B0033,375,1.3578385793919763,4.199761584906472,1.8546413788349956,3.351453240465127,0.0005551964738675975,-4.030243674381958,-1.8221926476157024,54.72686731387149,23.92708958292775,38.84148471879362,2936.171
B0033,377,1.3609083979571395,4.19986267410377,1.7877573640818558,3.346026215342865,-0.0012232327913802765,-4.031560389126078,-1.8306905769975232,55.0046224518596,24.018328450267454,39.052551352201455,2927.281
B0033,379,1.3495626547684758,4.199784078520709,1.9183209167927542,3.3509794200278593,0.0011206417424785553,-4.03102892027672,-1.8209388850738168,54.71731449617404,23.850352762005816,38.79448240276511,2924.422
B0033,383,1.1888877132486642,4.044618024605659,1.8528656809384136,3.342644131880222,0.0003890142355222544,-4.03134750995214,-1.568210357203081,54.428778601713,25.526490000718884,38.509868638012954,3023.859
B0033,387,1.5041493934608645,4.19403031740486,1.9484758716380042,3.3518592869527803,0.01569426595090528,-4.034595325058306,-1.887501094191758,54.890003781719805,26.506119438399306,40.15830993087354,3056.172
B0033,389,1.4899088638712767,4.19296029632327,1.8283531317172372,3.3468424673944153,-0.0005749753718689735,-4.031575801276517,-1.876137336259163,54.47368119654309,25.5108216660997,39.45022733421382,3045.078
B0033,391,1.475330178643193,4.199907627033468,1.888528315752074,3.3508471294894773,-0.0011568143663469677,-4.0307713804325,-1.8659348672273262,54.12307476528604,24.75501289329011,38.94097771129498,3034.25
B0033,393,1.459830765413703,4.199827998046917,1.924025874710363,3.355670268634571,0.0002455394187007352,-4.030207437491865,-1.8556627342355745,53.773029666511476,24.41380786568868,38.66654129149028,3022.609
B0033,395,1.4474169057725728,4.200007095257734,1.800492506386291,3.353308872329983,0.005552505991593546,-4.030412870193714,-1.8545310784984728,54.609405212648525,24.78386919863203,39.336362061944186,3028.828
B0033,399,1.4676323674647154,4.193196345687703,1.793120582655924,3.355576427429911,0.0023509614115073325,-4.031449814259553,-1.854560270480603,55.29324534393817,26.122139084679773,40.212462412867474,3037.875
B0033,401,1.441552493165527,4.191982585507099,1.8969132609228214,3.3638323924431814,0.0011926590997259788,-4.030133558981981,-1.8335819983714545,54.26200652741747,25.592715158783705,39.15441493084491,3023.187
B0033,403,1.418392873584403,4.2001706293322,1.8056023837774513,3.3571376570885594,0.00026217895908664366,-4.030903189622477,-1.8420750095953933,54.01880189925328,24.16406348278754,38.472340837695874,2996.922
B0033,405,1.4031824838852518,4.200074212399141,1.862859289057269,3.361111422960934,0.0012519296856957996,-4.0308406565332655,-1.831467802329813,53.57147874982123,23.776630157468176,38.10278800382275,2986.469
B0033,407,1.3911104661211642,4.200092034422385,1.9520601805312336,3.3674136761881366,0.0006523352062814771,-4.031388046198441,-1.8211918432229095,53.4828168564585,23.784295676410316,38.13961733869117,2979.219
B0033,411,1.4086019958134537,4.192967636550445,1.9878541604164133,3.3717064606024185,0.006983919876325135,-4.03043168767532,-1.8123034655027377,53.870140403015185,24.64643545165862,38.75498314355583,2995.047
B0033,413,1.4137708903948947,4.2005612724264685,1.9566455890224006,3.3721296388578876,-0.00039648578534760105,-4.031090413194844,-1.8216175674206458,54.16164128030712,25.131749433131866,39.165872874745595,2989.828
B0033,415,1.412472234540845,4.200390037061694,1.8936715311451313,3.370281011025519,0.008161036204110678,-4.0306763336775155,-1.82079151069233,54.165344351537804,25.28376339726478,39.025069457187186,2989.391
B0033,417,1.3831900026575588,4.2006160691556556,1.828763483963188,3.364268931307196,-0.0012978112516847248,-4.031048376700338,-1.817964724512839,53.79228026466776,24.130808242407685,38.3251245457817,2967.2810000000027
B0033,419,1.3646098107432565,4.200037449743801,1.9584399411299582,3.3720392126554684,-0.0005732784106833572,-4.030741393214865,-1.798635457145711,53.22509160340434,23.740864219492018,37.878182669376734,2962.609
B0033,423,1.369751365782437,4.1925009960437745,1.8220675972367208,3.362230190450641,0.00022552970628239656,-4.030600936103562,-1.8064428802106411,53.57857958784029,23.480391939037574,37.905840036253096,2957.016
B0033,425,1.3867946911071662,4.200097022210454,1.7715995765672343,3.3636193969648573,0.00836540683970329,-4.031272201329734,-1.8173405882716633,54.498255010844275,24.865045453897732,39.1223902532353,2973.281
B0033,427,1.3918615875742792,4.191446103300025,1.8584436263684134,3.3703866336965356,0.0005373748288989599,-4.030774601922593,-1.8068979814568502,54.468132892109516,25.5545254991362,39.39196447810482,2968.016
B0033,429,1.377162352180965,4.19205219049645,1.9792800716788903,3.3756959922995033,0.00016816222043814156,-4.030353569731922,-1.7968101494502102,53.89419947351141,25.242779182073114,38.80564596554866,2959.281
B0033,431,1.3599525359390852,4.20026251718639,1.846857607499265,3.366639210990064,-0.0011308075920017713,-4.031215449055759,-1.8043699219153886,53.782251370205934,24.102394600006054,38.29516028833109,2942.797000000006
B0033,435,1.379779043170725,4.170526417555859,1.9297681149166706,3.3707194031916488,0.0059471473770918324,-4.030724924949867,-1.786679633285191,54.80009542618075,25.703592542303575,39.482066579608755,2978.89
B0033,439,1.3631373661966442,4.193298745157419,1.9404476337602206,3.368376555569585,0.0017369426103794334,-4.0312040045445245,-1.805526191357153,53.59426450012642,24.052398101979275,38.22420789035359,2948.891
B0033,441,1.3652295228794809,4.200151767615752,1.8078076221500168,3.3605555096355064,-0.0014926299834234732,-4.030896618235125,-1.813761282828491,53.860038336831,23.78506073974515,38.212225319933545,2938.547
B0033,443,1.3498620694059131,4.199734233391325,1.901348395168944,3.3664344500865964,0.00029598320672123067,-4.030353141551276,-1.802941147720235,53.50394440240513,23.67834740256779,38.03726842877258,2925.484
B0033,445,1.3529504172332432,4.199873842512875,1.820065501803385,3.360999914466085,0.0008175114926099258,-4.032772105959685,-1.8116624900760223,53.71091736477066,23.649823472230597,38.08745383569629,2917.297
B0033,447,1.3535740542605128,4.199220802674783,1.781542687267246,3.359714561556011,-0.0009464831036835868,-4.031639319345703,-1.811173186431671,53.96609282803159,23.942846230052382,38.371162533264,2918.938
B0033,451,1.3432225183905024,4.189411926667855,1.8027051007685868,3.360790017915932,-0.0014391798318050294,-4.03064555997338,-1.799607080950245,53.89601837110568,23.855627959874454,38.21500087152169,2918.25
B0033,453,1.3412081769053426,4.199234827601777,1.845120981293168,3.364551990412796,-0.0007750004247492699,-4.0302353498062145,-1.8000478038107868,53.58335886886063,23.75538627826279,38.068361542357145,2915.4839999999967
B0033,455,1.3277389969987805,4.199099264533491,1.9386542857041755,3.370459024271422,-0.000446779703892422,-4.032323959410741,-1.7893303733112242,53.35830232724686,23.71942332452391,37.98761504071771,2906.015
B0033,457,1.329778900445409,4.197710813920559,1.8652024206914875,3.3647395351261364,0.0012834319927848246,-4.030963918482138,-1.7980109473876715,53.56872781314004,23.89969121406837,38.3556643629041,2894.14
B0033,459,1.3356045028702495,4.194824465751656,1.9741597310368288,3.3724762289358954,-0.00043190423683975456,-4.030066693660676,-1.7871202282133007,54.028944257752215,24.948399988183116,38.587739723836165,2892.031
B0033,463,1.3177489685711123,4.190646284256201,1.9140482800494218,3.3682526298407933,-0.00066788811395848,-4.03209652047346,-1.7864058289054177,53.32084823607714,23.564699278771386,37.84946765760722,2888.719
B0033,465,1.317605472474197,4.199787523647983,1.9249905185886904,3.368834125820871,0.0005610406942699724,-4.030614948818057,-1.7962891627935822,53.15804525272694,23.4486198816295,37.81892879614016,2875.641
B0033,467,1.3185279522072382,4.198644370031491,1.8483263197000261,3.3643721242108837,-0.00047537810288493195,-4.030716672310753,-1.8053146501565176,53.44440984728841,23.65570667131447,37.98975162560657,2860.7810000000027
B0033,469,1.3215397269813982,4.199051265280784,1.7964863123561203,3.3599563575039135,-0.0008123367176012374,-4.029789852416358,-1.8145360631140475,53.71116793928585,23.552314519961094,38.110497566784815,2852.844
B0033,471,1.3046615372928705,4.198244533751371,1.9550178000855183,3.3696602072768207,0.004022385174833157,-4.030772474345855,-1.794060809034671,53.18757385880901,23.691188217801727,38.158711514227996,2854.64
B0033,475,1.3280324770208678,4.159889361487179,1.9991954704388994,3.3817276755972934,-0.00027227310457033743,-4.031537357097997,-1.7532558725802958,56.49572691828426,29.44423285279969,41.90171461734474,2897.844
B0033,477,1.3634549770713926,4.195184914935837,1.982805388419431,3.379780519797374,2.6953308044410402e-05,-4.031834027940411,-1.7969595693199287,55.32081069602003,27.528539695613013,40.72593783748325,2896.063
B0033,479,1.3291316747402466,4.199591464734624,1.8088951260538597,3.365666799367813,2.6371647019102723e-05,-4.031562224810096,-1.8148752451997947,54.57622829352292,25.331965512180957,39.388005009279006,2866.234
B0033,481,1.3124201086917682,4.1997715267621105,1.8655437173642175,3.3648038854052915,0.00018843134209214254,-4.031762836798674,-1.813083056493043,54.008789265404765,24.268653896290385,38.64570917130626,2836.609
B0033,483,1.3152825503676357,4.199637020490028,1.9943670583085842,3.371817482414552,0.0001226456193768309,-4.030287733516317,-1.8021170413093346,53.47500454222108,24.071663702754314,38.3036813037848,2829.516
B0034,1,0.7459302957645664,3.8542753609711045,2.170439265213917,3.1178767585161347,0.00039598820890357614,-4.030785980473215,-1.9933511025949644,51.867480808484146,23.6205145336092,38.95836982096889,1819.406
B0034,5,1.6623217152845853,4.185182030297302,2.184438966859873,3.3022762078952885,0.0015052198075994631,-4.033471908641544,-1.9787478556297067,53.72590623785784,25.267831158043766,39.10734156415766,3260.531
B0034,7,1.645087369694532,4.191235610410253,2.1716683590196997,3.3294991412960915,-1.378445534852952e-05,-4.031968315632961,-1.9609699675983687,54.1404555915866,25.492621628413,39.20920805238827,3265.75
B0034,9,1.620729289277574,4.190305001839791,2.182463026326082,3.349383007098789,0.0018710407859448993,-4.0317411764982,-1.9366251479989427,54.228682107998424,24.888926300510743,38.936075977838854,3264.109
B0034,11,1.5967402025126005,4.190367874669205,2.0979416663773915,3.3541317530780055,0.0007924829693630478,-4.029531376848962,-1.9296993194196932,54.17641516112459,24.5997983727117,38.60445981652459,3253.531
B0034,13,1.4856500618812698,4.18989933406868,2.177479814637099,3.369692035482086,0.00017128658652519564,-4.029542744670671,-1.8861346839189572,54.09745559724325,23.786968470621993,37.79484872719341,3242.578
B0034,17,1.4866702197497013,4.18599771136978,2.164719422934807,3.3729072074215103,0.0012084341927066171,-4.030634355507908,-1.878796746756769,54.03810589370243,23.81681118289736,37.65277428767197,3234.625
B0034,19,1.4701330958405268,4.191866541196004,2.1685179095920546,3.376976361461993,0.00044061953882801146,-4.030934330051056,-1.8723916722187988,54.56296443841966,23.763955948780502,37.91666092404816,3235.36
B0034,21,1.4565041801019636,4.18853091556387,2.159913301643853,3.3791099564139215,0.00020188071029519363,-4.029299173045088,-1.8590598981345452,54.47381276284677,23.789455601409134,37.78228277348195,3236.125
B0034,23,1.4418961035576472,4.188375692870302,2.188985459937614,3.3845619896694177,-0.00037435970233862394,-4.029734922442523,-1.8455810936527,54.157190141377896,23.755059389108524,37.5830936155511,3230.25
B0034,25,1.4370949588970292,4.187976084521654,2.161327607707136,3.383128626739751,0.00041220295496120985,-4.0302542475084016,-1.8444812955511094,54.45256615419595,23.69410330723514,37.550522561172464,3226.078
B0034,29,1.4458703624967404,4.185168395505227,2.140456418044363,3.386094893398141,0.0006588552845539917,-4.029309919201132,-1.8435378224723704,54.20147817586685,23.891402870199258,37.681954258546924,3224.5
B0034,31,1.4321040545618373,4.187927929507927,2.170940246075281,3.3916477322319585,0.0002191747533731873,-4.029842368131789,-1.8296929439731453,53.813937104977754,23.911265085043414,37.440274736517715,3222.188
B0034,33,1.426720633302465,4.187886599518975,2.1531556355876535,3.3914152987340267,-0.0002467649729571133,-4.029434761163406,-1.8286913393639905,53.84994246144553,23.856389614186234,37.402773880575964,3216.546000000002
B0034,35,1.4230846885129826,4.186569652343309,2.182519668385055,3.3964131813944722,0.0011705556453515786,-4.029975280063268,-1.8146752424570791,53.61278420241196,23.88579300006029,37.26498054251945,3211.859
B0034,37,1.4409479522418907,4.186557905906351,2.188496149834977,3.403051791482094,-0.00029590614092687815,-4.030231906926906,-1.8075203268976412,53.35590902048553,24.17278887392313,37.570569601089254,3215.859
B0034,41,1.486901544051865,4.184379902708746,2.100542699118501,3.4002648970649156,-0.0007798708776301652,-4.030240820244685,-1.8262934110095792,53.83102716771526,25.20244376336696,38.400250729227935,3225.125
B0034,43,1.5245313226850703,4.187835929449723,2.1129616454982556,3.402154252869035,0.0005093032998163896,-4.029885277518154,-1.8395285698527164,53.994059646351175,26.07537736702933,39.102942991019354,3234.343
B0034,45,1.4629049605190707,4.187676357576053,2.1659225933828385,3.407206655670774,-0.0008478046650560787,-4.030097149456043,-1.8047483945772262,53.39429065914855,24.96278744254723,37.80351021576893,3218.25
B0034,47,1.4230794508549893,4.186173516948595,2.148786443036186,3.404574250610661,0.0009245072505436235,-4.0299656943263304,-1.7959916493195849,53.38470633939791,24.26600284958175,37.356060000664904,3203.5
B0034,49,1.4051040863603435,4.183451670510337,2.1763046045885015,3.4067467727915552,-0.0007947444911810581,-4.0298811337146,-1.781271140675487,53.12872869294344,23.967397296313447,37.06076524279572,3194.39
B0034,53,1.6329463925070862,4.171109136894672,2.11932965334224,3.327594909243545,0.00020690603416662797,-4.0304533028138385,-1.9422323790824174,55.80847324293826,25.94194242418557,39.94613025797719,3225.219
B0034,57,1.5687138208259117,4.183529138373987,2.1509974200024624,3.387012528508769,0.007751899119124802,-4.030924782950583,-1.8688152377047642,55.579127556921776,24.878675048008976,38.718351533776065,3252.985
B0034,59,1.5149520966053402,4.188330656095053,2.1142806141482584,3.39384813983459,0.0016138509377502757,-4.030804599251528,-1.8406021933680259,55.5590605953301,24.035500904263305,38.131331549186825,3245.25
B0034,61,1.4855182940634626,4.186643866753638,2.1801548663736754,3.4020764335853744,0.009207163784837139,-4.029122762673436,-1.8125906145533162,55.43438713431678,23.878982303277212,37.90482918212311,3235.031
B0034,63,1.480771929049074,4.187573632919629,2.109657199964041,3.400466282848084,0.0018007448672871548,-4.031180461653834,-1.8110391962814834,55.91432751133226,23.895338331970752,38.06681078125698,3228.141
B0034,65,1.484026357317059,4.187294591248425,2.1306422513355594,3.4030809584663944,0.001396600526010236,-4.029200659426091,-1.8097841749979182,55.78439633575717,24.088396057852904,38.24251669378549,3217.875
B0034,69,1.4922153055506522,4.183701675158018,2.1787867991793113,3.4070525055582563,0.0015349291811905395,-4.029558842148895,-1.8021093934434649,55.819046085150106,24.59952870388799,38.56098530062726,3220.219
B0034,71,1.473312924099279,4.187348905123759,2.1208148015326507,3.4060276994838254,0.0012019585661013983,-4.030202721256365,-1.800815649461131,55.81813101636483,24.44665229230036,38.38922286871294,3210.234
B0034,73,1.441593178980006,4.186484904879302,2.1326343880232206,3.408174888188947,0.0021805105234386545,-4.029145604132163,-1.7788779160462762,55.508529806144075,23.930544406025597,37.90831705954933,3210.546
B0034,75,1.4225873198015788,4.1865382627627215,2.080806437045425,3.405126191511401,0.0026354607172676407,-4.029781810783222,-1.7776506180150589,55.810474269938815,23.58710381562971,37.78900459955153,3200.969
B0034,77,1.4266489379486664,4.187164525329423,2.153621018125857,3.409764436063523,0.0032105483742513184,-4.02948709506646,-1.7757913058945813,55.5580463265768,23.74742029854323,37.868460669545925,3188.625
B0034,81,1.4596775560238577,4.185560165483177,2.16386574936286,3.410480218060336,0.003577789036469104,-4.029440202415485,-1.781934305037178,55.7456104997617,24.238197216685375,38.32719437027863,3191.735
B0034,83,1.4396159938545154,4.187111715287616,2.110862355108561,3.4102489283524573,0.003273882745326097,-4.029706632370836,-1.7740392922449235,55.88273287086187,24.181214445850472,38.222749634083,3190.313
B0034,85,1.4195512657848512,4.187953553733828,2.1889361346194556,3.4144357338683236,0.0022661854147259337,-4.028819839160079,-1.758159329896538,55.520919470345916,23.726559353782502,37.708662488006475,3182.156
B0034,87,1.4118101714470452,4.186573417418747,2.076995222056859,3.408669177651725,0.0023926972642869296,-4.030420227631053,-1.764462484778239,56.03798112972515,23.648177442106746,37.8703638417689,3180.156
B0034,89,1.4044196701845313,4.187350410759027,2.138330613016186,3.4118322352896917,0.0027723411790920474,-4.0299718848239205,-1.7624729823299456,55.7872631992585,23.691357756755156,37.83489284744581,3171.953
B0034,93,1.4735059098606866,4.18502843595743,2.163289759388807,3.412313772481234,0.0014464038221226052,-4.029529486082554,-1.7852228610575493,56.29505678813318,25.329082225461935,39.269306296372,3192.172
B0034,95,1.492658600645149,4.186257969039418,2.011759892668098,3.4055246588869954,0.0007416018320286984,-4.029713711390202,-1.806117173524204,57.203641711448896,26.070815185624948,40.1506450904851,3194.735
B0034,97,1.4820260149945934,4.186398813067427,2.162343975515107,3.412772999015033,0.00431516907878582,-4.029290691786796,-1.7898966673086716,56.48442346523092,25.981415328866547,39.44313364004617,3178.75
B0034,99,1.423575357658995,4.185933256660042,2.1921995805381784,3.4159307513752806,0.0025134328913695822,-4.029022667107852,-1.7588595515353411,55.71155596776208,24.453681426245662,38.29706396735563,3165.359
B0034,101,1.4038252197245347,4.187334986366342,2.16034888083278,3.414462463305671,0.0019647285616452505,-4.028805365009421,-1.7569483309674612,55.725184853786985,23.948796481551096,38.00009263186772,3155.25
B0034,105,1.5363173478836125,4.176473851854755,2.165521364045302,3.3922002422487143,0.0014215255618606505,-4.029740881630216,-1.853554274466124,56.68734909187956,25.309646553685894,39.66453202372922,3173.766
B0034,109,1.5440367168176732,4.186547012412841,2.0714906018792005,3.3972119520639095,0.006927889526702646,-4.029196217915029,-1.8469058434531274,57.523569542125074,26.320500253494163,40.503647950320534,3199.485
B0034,111,1.507892155360249,4.1868364391694275,2.160000438530016,3.407734218697208,0.0013066539770738592,-4.029145491224896,-1.809719941535708,56.64647124225468,25.813463506700813,39.602225792574906,3196.015
B0034,113,1.8203060058691092,4.267804722238553,2.07023691471502,3.3050275542473186,-0.0007573629710346017,-4.031177810117895,-1.951674467634044,61.22071154968515,27.492078726346985,43.00893271743553,3595.281
B0034,117,1.5936575758226643,4.183147061073988,2.0513249674406295,3.350291194323394,-0.0006195680264069168,-4.031361471284143,-1.9208770535561435,58.28488787096781,25.863505806925243,40.64495633031262,3198.0
B0034,119,1.533070464968097,4.186094144264648,2.126099692893142,3.378826251452736,0.0002504953623738599,-4.030853452091916,-1.8756315967870998,57.592019665372526,24.865632592532574,39.63966215341089,3183.516
B0034,121,1.4862143093107285,4.1869069503681295,2.1895562891910765,3.3905180732853615,0.0017152482598011165,-4.030490983913811,-1.837523884399117,57.28443182001311,24.50767925297907,39.16680148065847,3183.797
B0034,123,1.5029318848267783,4.1855620437934515,2.074340759266504,3.387526907959532,0.0018221767622858833,-4.031249179709422,-1.8376918380374707,57.872088061267284,24.90487757765792,39.82254974386062,3191.516
B0034,125,1.5202185406928062,4.186540363518264,2.1265733975652816,3.3911818711119515,0.0026883098926745314,-4.030674776051926,-1.8447319494358396,58.01475740778219,26.165502867251245,40.67552783597674,3189.985
B0034,129,1.5118194735004464,4.182887718757515,2.062739747604538,3.390835631837091,0.002423109346653069,-4.032090463706321,-1.8363552560101446,58.312052179468594,26.434837838562657,40.582538417129676,3189.734
B0034,131,1.464601301820905,4.183577669537621,2.1030377322448675,3.396934021472626,0.0012338364546660258,-4.0317603355933835,-1.804847667473282,57.74556007237976,25.237731252945544,39.684346755235566,3176.016
B0034,133,1.4546140961511749,4.186336344550888,2.1244761059896846,3.3994906529891598,0.0015573133323275954,-4.030702202371792,-1.7965264889900276,57.59063118746153,25.00928434925411,39.47995207463314,3171.36
B0034,135,1.4333400490204142,4.184762302875813,2.0601307559265187,3.3981483429417363,0.00010833505571186397,-4.030830787176179,-1.7880255809187031,57.760237316191684,24.862290749499962,39.48992781243277,3170.843
B0034,137,1.4493262346396159,4.185022396532557,2.066307670696809,3.3988819411159534,0.001130471563425466,-4.030375180809054,-1.794490448292537,57.843854984407734,25.247118919096376,39.852310270589804,3164.672
B0034,141,1.495199821798908,4.183906394520297,2.063118102136468,3.3979295593430394,-0.000982879998589829,-4.031301873680901,-1.8100461507144519,58.50818415025991,26.38591994823214,40.873690307547484,3177.453
B0034,143,1.4720590241846008,4.18478065365082,2.015578277968309,3.3987236708202504,0.00022983091570884706,-4.030996805872695,-1.8015738065563547,58.39804679399696,26.519533331724425,40.55984735939729,3172.375
B0034,145,1.4097383014648728,4.184572904357356,2.1825208655708153,3.4080267118315724,0.0006099706214633524,-4.0309191249132565,-1.7534517505866212,57.19671566450291,24.70011610941673,38.988662122088876,3158.406
B0034,147,1.3861944181384176,4.186221928288161,2.177635067318021,3.4076313780555267,0.0009541085502518157,-4.0303017769101075,-1.7513221260920173,57.093582209047106,24.28294354559445,38.71511147644418,3141.578
B0034,149,1.3624125407550536,4.185645972879193,2.1675497721171437,3.407885887358127,-0.00013677704395691751,-4.032926354694966,-1.7425277851045473,57.056434523826645,24.032204678894175,38.51149851182021,3138.187
B0034,153,1.4471377445077278,4.184966155089575,2.0235981843621835,3.4003875411941866,0.0007842316136241301,-4.030419099923807,-1.7826705089192836,57.99096942950453,25.389608071181122,40.112479285456395,3157.969
B0034,155,1.4554483390450048,4.181330176160959,2.184010507272112,3.4076622967245975,0.001324189349925237,-4.031508370151624,-1.7740815054978625,58.16328313862759,26.542766505120174,40.84012758949483,3159.281
B0034,157,1.4423952167302958,4.186951481965634,2.0392577121107047,3.4032529056881784,-0.0003952233410601762,-4.0309270879537475,-1.7809841749397886,58.29542391419101,26.31336016927672,40.348969230016365,3150.375
B0034,159,1.377541945989605,4.1857251578423,2.0999808615526177,3.406174357529073,0.0004669539506793568,-4.030689142794633,-1.747182095051256,57.375182540416354,24.522516405936003,38.95729074496056,3134.078
B0034,161,1.3539935892900532,4.18361645238679,2.063136946201327,3.4049736944362246,0.00040442507025808345,-4.030890080533704,-1.73814436809975,57.42041259082052,24.159247368089208,38.73711200799833,3129.797
B0034,165,1.5509038861664448,4.17325067272426,2.120762756881349,3.3580774287935817,0.0012788914489122824,-4.031115880527916,-1.8824146171130414,57.71520595046742,24.861265693865196,40.231060876384255,3161.89
B0034,169,1.5562932697752867,4.184028931910909,2.19170788700899,3.38250056099739,-0.00017403712443190127,-4.031336520715659,-1.8524024614367005,58.17136403259683,26.211618143788463,40.929553501935686,3196.859
B0034,171,1.5067526605064707,4.185455613390746,2.1203887966971293,3.390086865994553,0.0006646404810077359,-4.031483697642067,-1.826530681368946,57.753084428922655,25.616990124167888,39.993709319022244,3171.906
B0034,173,1.444138733302766,4.183582231077479,2.0630039985317543,3.392978809154906,0.001805018906208284,-4.030940436431335,-1.7929643530908497,57.5103657978898,24.43317412120245,39.1022619385273,3160.8429999999935
B0034,175,1.4144103811292437,4.1831604654402685,2.1811524820912926,3.400527096110287,0.001981216959707207,-4.0314913055403885,-1.7679531131415926,56.86348453612092,24.01694812582096,38.63703610404588,3147.141
B0034,177,1.3897574212362729,4.184589576893444,2.155432405052415,3.4009920061492966,0.014631169490908522,-4.03046907957885,-1.758494914822024,56.97607576818629,23.76449388619055,38.457946337552535,3141.203
B0034,181,1.449968311475299,4.1839152437949645,2.0671609840346776,3.395963139634734,-0.0002489305736548837,-4.030848804967881,-1.7913624328840858,57.956995411354825,25.126150529910998,39.988534225003114,3151.047
B0034,183,1.4678653068012166,4.184717109573573,2.1233368877812127,3.399629787670528,0.0017035076717763363,-4.032550539055774,-1.7913224989214867,58.3663921180059,26.337829780686246,40.84025138634754,3159.172
B0034,185,1.4290644310445066,4.184251380689682,2.032509026773449,3.3983167205445777,7.260499407977222e-05,-4.03311369700898,-1.7734088198098006,57.883249801186295,25.148680870013376,39.64173378499159,3141.047
B0034,187,1.376744834668327,4.182749347441237,2.0100958477489637,3.398539512076107,0.001893184104531482,-4.031189054300734,-1.7476951824023108,57.62604602919208,24.01574907362869,38.82196729294636,3135.0310000000027
B0034,189,1.3515813262521057,4.182152014334447,2.1845053475658913,3.4065465230061798,0.0010066000987554262,-4.031129358826585,-1.729077993258934,56.803768142247485,23.678020825543207,38.27601981086532,3117.984
B0034,193,1.353993472828928,4.1833235259541075,2.1991319506434475,3.4067781130872956,0.0011354193755573373,-4.031338830626604,-1.7290902219307398,56.88027382398077,23.472541130716568,38.30615482092432,3125.328
B0034,195,1.3577165116893766,4.18535045289718,2.1256164107912863,3.4044214192090116,0.0011547775998940132,-4.03103413513416,-1.7360856942372698,57.11228470728586,23.745377412262677,38.50347850214561,3120.172
B0034,197,1.334169315351027,4.182766239696235,2.0595928588832932,3.4020136665550305,0.0013806992719649974,-4.030805323363095,-1.7266849618679287,57.23777746505438,23.344185929602297,38.25735173096823,3116.641
B0034,199,1.3372147888783987,4.181823483700895,2.196715966153447,3.408929572366065,0.0013891789726567755,-4.03117795823907,-1.7171675465127403,56.79550408983589,23.58283501183717,38.29433048905591,3110.844
B0034,201,1.339045224276927,4.1857303262234575,2.179169443366329,3.407512024075691,0.0011128765557092638,-4.031972732432733,-1.7243425380133646,56.74357378980126,23.456477601865824,38.19006452807094,3101.406
B0034,205,1.3439244604756322,4.180937577273335,2.0729178734316847,3.4012246723873067,0.0009343179831969989,-4.031005726868246,-1.7314023398283604,57.1850535860252,23.39396422716183,38.326737735855446,3099.563
B0034,207,1.3454786192090245,4.185670680684665,2.0585536221704452,3.4019343263921806,0.0011101596079035176,-4.031139103540076,-1.7315370302816349,57.131636004992664,23.39996123171042,38.326112920062165,3104.64
B0034,209,1.3482263029682544,4.184780807786567,2.1859283824053053,3.4080993396118826,0.006275841471540261,-4.030804616834862,-1.7217927604432464,56.68621589748299,23.608677856868198,38.2504483640825,3099.875
B0034,211,1.3373192299576058,4.184776951807234,2.047929270109934,3.4012585484878985,0.0010934428723549882,-4.031692434428726,-1.728989688622418,57.14457415944487,23.276456947851614,38.2552215314073,3093.25
B0034,213,1.3402523341553034,4.184920385211051,2.0282334120244614,3.400118948427692,-0.00026873422222983763,-4.031825763441962,-1.7363791085179334,57.289854087208134,23.49685572481665,38.4827926779255,3086.688
B0034,217,1.3290965682379121,4.181326694340018,2.128944717359417,3.4044380735101045,0.003467823659264682,-4.0305186641831545,-1.7191649059489624,56.90074118043176,23.29711680803585,38.208311929566015,3094.281
B0034,219,1.3323485655766352,4.184466822637345,2.080780257241255,3.4027761465827293,0.0016669359763762774,-4.031628581091327,-1.7265467227383982,57.126183132620525,23.401728136234176,38.37963443029051,3088.328
B0034,221,1.3501541310555516,4.185698992912854,2.18178697368346,3.407661438923026,0.0026485048966212645,-4.0312424408295175,-1.726628901233422,57.09006956503022,23.983632918812404,38.847888287026734,3095.687
B0034,223,1.381523441054128,4.188177492671976,2.1600430451609207,3.406219322901771,0.001337844978851325,-4.031736173757563,-1.7439767424511525,57.56129571557157,24.79113634686574,39.55793696996327,3102.062
B0034,225,1.3835971952817807,4.181899265811891,2.0578741386350488,3.403483836522725,0.0010649532583859303,-4.03159610294282,-1.7438949547598264,58.12885115554352,25.6128390117907,39.995989656775905,3107.141
B0034,229,1.3301161862080901,4.180083219210065,2.0545776989805833,3.401643655881062,0.005936935518246376,-4.031093567396651,-1.7239330841004026,57.35750604508094,23.785855051860043,38.637111363644244,3090.719
B0034,231,1.3176982121703233,4.1821779958572005,2.0610721424538947,3.401100143150002,0.0003390728794783257,-4.031192505233378,-1.7215733668196036,57.07647448385972,23.156981532264396,38.17458507378806,3069.812
B0034,233,1.3063657719651272,4.1841115419161925,2.1769630360366774,3.406245698013471,0.0011136677193194534,-4.030588508612238,-1.7115169207570662,56.56265009891403,22.908599756234555,37.84309122903104,3064.437
B0034,235,1.3381567383793782,4.182953933920961,2.123117073996824,3.404609654515602,0.0012646505805006295,-4.031702600821983,-1.7218255733894667,57.16856231635899,23.68472050512781,38.7849806497393,3083.25
B0034,237,1.3563258092165067,4.185231964742196,1.992728560786441,3.3978374456616303,0.0015946623938485048,-4.031682841427148,-1.7464028089407726,57.902838661735686,24.220736022753695,39.47058624854092,3076.484
B0034,241,1.3648997529550058,4.183603781291225,1.9677573642714887,3.3958647763622594,0.00010222763536104529,-4.03092026898644,-1.7536342273893653,58.115178902093014,24.762876860329897,39.61654428235802,3081.297
B0034,243,1.3337639975535058,4.1847480185320505,2.1243524375356397,3.4029256137765205,1.4190786375877197e-05,-4.031386898885472,-1.726531730710585,56.98035659049231,23.61904245521269,38.42381623938057,3065.953
B0034,245,1.3060123668658763,4.18481289618272,2.1817137827751827,3.4052852363977686,0.004221413170437679,-4.031919192937977,-1.7162971244779048,56.672084425511734,23.139606352661186,38.11461669687029,3055.828
B0034,247,1.3101868361375808,4.182816385597531,2.087539695609617,3.4007629589889867,-0.00020545875090377403,-4.031463869357844,-1.7241037426046357,57.04472631715234,23.227905756844947,38.33391837467719,3051.468
B0034,249,1.3567668941696103,4.182086976575588,2.068960188840925,3.4011297944340977,0.0024620812789465474,-4.031164018221237,-1.734239204579505,57.64730160708694,24.36549586778333,39.42514383600653,3069.0
B0034,253,1.3916857433587717,4.181559459677035,2.0596285731276476,3.399331416433363,0.0005944525944014617,-4.031125638208525,-1.7519633999941742,58.29336025761747,25.426031784942502,40.315066740163225,3079.235
B0034,255,1.3629935079344777,4.182529313505233,1.9953872570984859,3.3981521617785853,0.000696391821171213,-4.03058191664693,-1.741661014368029,57.95445943311949,24.759695537233807,39.53448316157278,3070.344
B0034,257,1.3211711973900628,4.184076900714323,2.1529421051579973,3.4035091903916523,0.0007119561611779472,-4.030694821958155,-1.7213520368201807,56.91514213395795,23.5538506722797,38.37203224972586,3051.4839999999967
B0034,259,1.3074869015593356,4.184435637134828,2.0405401202035574,3.3990218794534157,0.0020566252105106756,-4.031009817979993,-1.7213249052728743,57.19634917626827,23.15733332811672,38.3101923015924,3054.812
B0034,261,1.3105881895483489,4.182198079486951,2.197033181830859,3.4057934055092884,0.0012203049914854371,-4.031095809579006,-1.7112135934528914,56.74944920850043,23.320296928845934,38.27774779605142,3046.532
B0034,265,1.376312668196664,4.18257252176705,1.9756647286286777,3.3956244120578263,0.00037287267617090643,-4.03243604396475,-1.756910982199254,58.608348897573435,25.493869536085327,40.334191485925615,3071.782
B0034,267,1.391764929132287,4.184144535847567,2.083403258487322,3.400151892919731,-0.0008283772149644326,-4.0311681176814105,-1.757472358582005,58.69313490028398,26.140582124289093,40.79229920392578,3074.532
B0034,269,1.3649746353453525,4.183745596310435,1.9776004444482063,3.395401002342427,0.0013465670361033823,-4.032104651105574,-1.7545668980958757,58.287617732907975,25.236639467278017,39.99900717802979,3053.656
B0034,271,1.3219093937291897,4.182564922322223,2.0648428293008756,3.3978188140801495,0.002555847383445931,-4.031108958105936,-1.7345909430155575,57.38456939785952,23.815588368305107,38.793911542282345,3031.953
B0034,273,1.3090033888073913,4.184886457411625,1.966575784508242,3.392562018908607,-0.0007536815005631075,-4.031562836873329,-1.7419815147499944,57.58115209169171,23.39868713351051,38.67005005769116,3023.5
B0034,277,1.3327005721973733,4.182256888930097,2.1711822809863026,3.40172041057263,0.0008522774553233712,-4.03093916292613,-1.7240295509078702,57.13289738293001,23.541409033500173,38.826649526191886,3042.703
B0034,279,1.7423975189669398,4.444767752853825,2.069253006874651,3.483606791060758,0.0001730030754003461,-4.031271454898872,-1.5139109254949328,61.43732341776916,27.196423537639372,40.05350414099234,4424.203
B0034,283,1.37734756281946,4.182008963324631,2.1429326564674485,3.4027541068274787,-0.00011836412656153792,-4.031083297465372,-1.7448643036753848,57.73883179659806,25.386985109640076,39.89751111071057,3066.766
B0034,285,1.34875988767775,4.183084128990252,2.0661656290024695,3.399518032588874,0.0014922973901564274,-4.030963240325162,-1.7422768724138988,57.386080612263264,24.449893699541676,39.197243061406944,3046.125
B0034,287,1.3501504559881146,4.183718969246597,2.1996082620797504,3.4048948132853294,0.0004034421702229086,-4.031380713903483,-1.731761904660173,56.89633685865634,24.225340352579455,38.90698912730004,3033.625
B0034,289,1.3387814875085953,4.184086373500983,2.0698222657269465,3.3989458032986057,0.002570788512427671,-4.0308516181486045,-1.7394457190997812,57.238769179765264,24.023029688289228,38.91493347992841,3028.562
B0034,291,1.3253371210402685,4.180084668986179,2.1637591808058576,3.402552549263599,-0.0008015260124667276,-4.030838932270787,-1.7291852801439969,56.92287178370967,23.956037899332294,38.753372299612906,3020.984
B0034,295,1.3308160596334049,4.182272685375916,1.9665760341302796,3.3917372089469744,-0.00017840309312221954,-4.030667531854442,-1.7552053099717762,57.63060311370659,23.932184060717763,39.091854428154555,3017.391
B0034,297,1.333083376618503,4.183571382297645,2.0993400599564533,3.399163910018903,0.00014807845366880123,-4.031261774539943,-1.737147942355728,57.01462861282404,23.91270646251569,38.79791433490267,3022.14
B0034,299,1.3333226534895923,4.183893272585923,2.051523215347617,3.3961519106185554,-5.40381873575575e-05,-4.031883079901577,-1.7450526641182944,57.17373710163345,23.852701227189534,38.87342544692156,3009.016
B0034,301,1.3264281097516475,4.184006388641318,2.127535513157563,3.3999185413871995,0.0009352255589694179,-4.0317878151340585,-1.7341883809096077,56.96912010183172,23.837593538860677,38.72429474171124,3014.672
B0034,303,1.323971040986857,4.181910454160974,2.0823277676119383,3.397850235603045,0.001711139598895986,-4.031344486974082,-1.734400276547127,57.103594586187974,23.7486501338944,38.693927613601694,3010.703
B0034,307,1.3249364225071156,4.181304092373182,2.1365617064803337,3.399278705498605,0.00047522503300314293,-4.031165844112306,-1.7344615887918813,57.068326741336485,23.862096030039655,38.83689474258564,3011.75
B0034,309,1.3283067675570923,4.181467747221002,1.9941210557405098,3.393991029909916,0.0013017595633574254,-4.031283330684273,-1.7422565015843707,57.42601185667435,23.937722276304335,38.98262569198278,3005.734
B0034,311,1.314584348909226,4.184933925854431,1.9772527709370782,3.3920728040875394,0.0005343769692278891,-4.031390232489055,-1.7506020276231054,57.61101162387096,23.891588699661355,39.051031869034375,2993.75
B0034,313,1.3166841798543303,4.183605741258281,2.126873333723975,3.3991110461098466,-5.6992644977724535e-05,-4.030190775657842,-1.7318011089547243,57.13778358983724,23.825855363413623,38.79001119015603,2998.125
B0034,315,1.3041727649654073,4.18498220766507,2.0395114895210718,3.395190942431077,0.0011172089435373884,-4.030832991804198,-1.739970121407176,57.23603082155364,23.78659177259518,38.89401391225135,2990.859
B0034,319,1.3534450073572306,4.181710702444723,2.0358214749013905,3.3964846031258618,-0.00163968339322142,-4.031156962815287,-1.7427011000827153,58.39093066235441,24.95061784926869,40.171574663158054,3024.453
B0034,321,1.371294082513786,4.184181072689387,1.9730425062614987,3.394474869519725,0.012990005280977403,-4.031505060697891,-1.7609977485305528,58.90073826779548,26.378354883462126,41.036063659744045,3030.765
B0034,323,1.357699321922511,4.18330455406694,2.0280193684749017,3.396433031795198,0.000674413117618517,-4.0310979373493865,-1.7510064310910844,58.27129279916865,25.80947699877746,40.43961489235273,3020.813
B0034,325,1.3286903090919502,4.183090426902681,1.9435482703621492,3.391155270712207,0.0011493879909260072,-4.0324414576282885,-1.7476615383639926,58.03064804249352,24.614714162928127,39.651877682602084,2998.156
B0034,327,1.3143943268181724,4.184001846460157,2.0636905936063763,3.395487164367482,-0.00019198789676016652,-4.030608268179589,-1.737132841849628,57.376456720947886,24.072109280815287,39.179107326892364,2986.766
B0034,331,1.3866783030110723,4.173319870139646,1.9437968709766946,3.3795305779550775,-0.0015555056759469319,-4.030934744594092,-1.7833514969895126,58.48728985101988,24.68063964955075,40.11810121003218,3032.328
B0034,335,1.3868330458429208,4.181768359109135,2.071041778175654,3.392303218262864,0.005266729500062654,-4.031180224182523,-1.7701661084313474,58.63748276638773,25.7688641707561,40.80596825835928,3047.703
B0034,337,1.3548037379291014,4.182301042571854,2.185338383273266,3.4001334063326003,-0.0009786783734257677,-4.031782992778244,-1.7401783923806777,57.63608525053667,25.05089715718802,39.68459882372221,3034.968
B0034,339,1.3255787669951669,4.178121720093713,2.0310061849780774,3.393642423268678,0.00245161307352036,-4.030909285227107,-1.7373219803903293,57.60594379182819,24.408294212642993,39.35391690299883,3011.7339999999967
B0034,341,1.3119728676377553,4.181856458554027,2.1906611266270994,3.401001567788519,-0.001027887353306596,-4.031391102007752,-1.726421739308256,56.80159282025973,24.14656059452256,38.774974385595264,3002.922
B0034,343,1.3064487948795198,4.183618050676316,2.142279706628003,3.400303147037451,0.0012119641403227496,-4.032301237199556,-1.7241986137944987,56.21047251769452,24.028629657676618,38.265844006523615,2986.718
B0034,347,1.3418431880549024,4.180694864027114,2.160163197204225,3.4014259376568985,-0.0017035894811182962,-4.032232493006905,-1.7352631240732408,57.153953136576106,25.64171815965767,39.684480872315234,3006.203
B0034,349,1.3609210170759327,4.184699791551839,1.955449063066795,3.3937688197583187,-0.001355457626243199,-4.032459345523554,-1.7542912065406973,58.22840707938393,26.334809949726793,40.52184920089412,3011.609
B0034,351,1.3299603677394973,4.184264442346774,2.186393196562525,3.40281516420186,0.0005444198934238,-4.031899555003315,-1.7326282784227318,56.896536733279625,25.473281057610205,39.34384441360489,2985.953
B0034,353,1.299069387625936,4.1832269410899645,2.1725626411969494,3.402086089777065,-0.0005500802057760502,-4.031537675655013,-1.7211553304454028,56.43024249534344,24.52168448405072,38.612144786286876,2976.3129999999946
B0034,355,1.2984544371955695,4.18242247093296,2.107521375414201,3.3974407926386454,-0.0007401702915018566,-4.031552007887981,-1.7293251908726686,56.60428484008346,24.138492108667336,38.61589548680076,2964.75
B0034,359,1.3176486091610087,4.181677931125044,1.9724956503793716,3.3900153291758635,-0.00017374198328850473,-4.031822718744165,-1.748688834226016,57.47493245382511,24.571172921635785,39.405725006770766,2969.953
B0034,361,1.3360648564106594,4.184377456853175,2.15288424756184,3.4000590460263824,-0.0010567842076357335,-4.038795954400871,-1.7409400126466616,57.43585109945852,25.764316512925873,39.93466601122023,2988.453
B0034,363,1.3635797361860138,4.1820883067461185,2.175170885643991,3.3987353103697178,0.0013857851637352403,-4.033056340172318,-1.7514562329904435,59.12207312090748,26.671290557787994,41.55493252456659,3001.235
B0034,365,1.3333112541544827,4.181101635503988,2.0442124222047857,3.3928187346829195,0.0010305303744507774,-4.031676887900432,-1.7489863545731503,58.23289082409849,25.513516910165443,40.30936955838523,2976.234
B0034,367,1.3023273463118925,4.179766813903975,2.030057772957424,3.3901374196096965,0.0001529455766672571,-4.031008497658909,-1.7463412570660508,57.69877961341635,24.513132583140113,39.63376472877464,2950.39
B0034,371,1.2888728444455875,4.180263086800403,1.9600053057358238,3.38449140744984,0.00033172405719864034,-4.031145578011882,-1.7543675539321288,57.777112656377554,23.991098161620744,39.397264101530574,2941.719
B0034,373,1.2902746194203034,4.1809918219864,2.097517979952191,3.3921220546792745,0.0014412797914432568,-4.0312307343283,-1.7346999432389854,57.23966158430743,23.823475184494256,39.0556543100656,2946.969
B0034,375,1.292407565676824,4.181979956691477,2.063176636612858,3.389816955641987,0.0007410934488356225,-4.0307864323142,-1.7433417157972704,57.39229514777536,23.894911918833603,39.19214857830457,2936.171
B0034,377,1.2954091505102339,4.1832960690677,2.050195394002453,3.3881964986011384,0.0017829159370712701,-4.031891788952559,-1.7522140323058732,57.49397345620112,24.00219310383197,39.3246784315448,2927.281
B0034,379,1.283229881592695,4.1823492523016785,2.142448068324373,3.392372693620385,0.0003275571455353852,-4.030519452398561,-1.7406561651353165,57.117778050999135,23.83249797750721,39.020958953665634,2924.422
B0034,383,1.4557454024367817,4.166622490761778,2.132265781269793,3.3581270184036267,-0.00016097216003512957,-4.031364436387261,-1.8482512574133536,59.0081622348613,25.459930209970125,41.16886509114223,3023.859
B0034,387,1.454676342673242,4.183046790056729,1.9849347747870358,3.3640532409111272,0.003614775246628937,-4.031501683106394,-1.849395364079893,59.53806687629183,26.41787688613133,41.53076127734769,3056.172
B0034,389,1.423427718198495,4.180727864826346,2.1394084619831197,3.38037517618057,0.0001542425834273691,-4.030744595022684,-1.799535657719212,58.40787633507069,25.361558074214376,40.35674808373947,3045.078
B0034,391,1.392551210363313,4.182665046607197,2.04587233974925,3.379746726032651,0.0009753056962980966,-4.031671799370217,-1.7883422605091341,58.34388806897325,24.65660109918399,39.90529016402678,3034.25
B0034,393,1.3765732493746907,4.183546703480425,2.0970875648564333,3.383744830197482,-0.0009271395457984878,-4.030922111155082,-1.7775400800465013,58.00881689774913,24.371185974131794,39.6263343523975,3022.609
B0034,395,1.3810190828982352,4.184556412259601,2.0432611124631137,3.382914022586479,0.0020214221377620337,-4.0316407463870965,-1.7773805764791355,58.52325787492752,24.759439309467485,40.251117050644716,3028.828
B0034,399,1.4007568321672863,4.183306721542989,1.961939116178396,3.378266732241365,0.003137144129103284,-4.031325299834524,-1.7969239114736186,59.508378271914516,26.007553864978956,41.28365494023095,3037.875
B0034,401,1.374645303479972,4.186122527731293,2.0966495970812926,3.386601516930242,0.00011917958367890734,-4.034378256939229,-1.7752050021088217,58.58184665309335,25.389868561154977,40.27720417425089,3023.187
B0034,403,1.3345924114397838,4.187372242173173,2.126944667717326,3.3873478555743035,0.0014550892592896712,-4.031792301917485,-1.763847205060641,57.97580640887124,24.14009992070368,39.458737885900284,2996.922
B0034,405,1.336396621564738,4.194441292072135,2.0654092965524384,3.3839254722198504,0.002013019928346073,-4.031054086064945,-1.7725760652080313,58.05700140061033,23.636769576161004,39.29135666075848,2986.469
B0034,407,1.3069152971756248,4.178978876708447,2.148229610932935,3.389334235413473,-1.7827195123559607e-05,-4.030876471673389,-1.7406273194455326,57.78193242469556,23.69154549197298,39.19247737595363,2979.219
B0034,411,1.341539456674081,4.180760079138194,2.1586251956084066,3.3898762516669514,0.002043908487533983,-4.03123362422716,-1.7523330419103598,58.20713739139197,24.53360766699073,39.892115077092285,2995.047
B0034,413,1.346388970161922,4.1815749331430805,2.095346963555327,3.387534636174606,0.009871952129350431,-4.0317407805437995,-1.7613727505178343,58.613406449206195,25.024094844009902,40.35117578100876,2989.828
B0034,415,1.344989807277774,4.182056202732491,2.0626265502864713,3.3867620663269333,0.0009511836818361976,-4.031049977481575,-1.7612926148605925,58.64476637032693,25.203821275475597,40.23284401135697,2989.391
B0034,417,1.3158760805047784,4.185552990507065,2.076505393409293,3.3856540718379167,-0.0004212297346912893,-4.031503094164638,-1.7587841210720874,58.05107392892897,24.090800554767387,39.47675997912519,2967.2810000000027
B0034,419,1.2972766889740088,4.185152280694706,1.9787021969242387,3.3809895778096553,0.0003042600688147545,-4.030548710192742,-1.7582529402290834,58.291445432401005,23.686728239155272,39.32483875925542,2962.609
B0034,423,1.2851255211005648,4.178887193827684,2.0077745341235347,3.381603206447632,0.0018527847988831798,-4.030657074815704,-1.7466107935226565,58.02893221948005,23.36039105497894,39.06556270503843,2957.016
B0034,425,1.3190209156530253,4.18021178705338,1.984631695912844,3.3826507314858842,-0.0006307259244115071,-4.032180179891317,-1.758399711843396,58.80693345869639,24.721890051754144,40.25366972386004,2973.281
B0034,427,1.3410097849290994,4.185160711724249,2.120505374633019,3.3872757037197703,0.0008213886992541721,-4.030907491504972,-1.76779626471083,58.770145898372334,25.33473748420509,40.60644361981523,2968.016
B0034,429,1.326126983882746,4.179746730828125,2.082697161198142,3.3863391572789534,4.448411826823029e-06,-4.031263715522782,-1.7560445058115577,58.49257429310864,24.986634278526385,40.11087407785343,2959.281
B0034,431,1.3091442679990724,4.185599509953072,1.9993127386412168,3.3808981042387045,0.0002461556123676879,-4.031557050834733,-1.7648997839310985,58.33204656703581,24.074557349811762,39.612138446886284,2942.797000000006
B0034,435,1.363001289617145,4.169799130983922,2.0166716234512476,3.3749959210790252,-0.001666942069097316,-4.031997801811629,-1.7884175858149567,59.3603280691461,25.549931315958624,40.95422192099372,2978.89
B0034,439,1.329285701687194,4.1802176939000715,2.1864172793825265,3.385047602248052,-0.001589681770375366,-4.031055760751357,-1.7651175661948966,57.712318998766975,23.91355659365435,39.368332915328914,2948.891
B0034,441,1.2969085930621855,4.179741845595007,2.1668802335410113,3.3857894711790375,-0.0017403656231145443,-4.031015029033163,-1.7533361843271522,57.633102922228126,23.65071423499487,39.15337098937444,2938.547
B0034,443,1.2986285924941396,4.181172769902619,2.073777619248528,3.380809465968222,-0.00033989654074088004,-4.031067192634773,-1.7623544327636462,57.87686984231968,23.552587136457177,39.243985033148604,2925.484
B0034,445,1.2840657611821942,4.179417995861986,2.1762844479074928,3.385818012946154,0.0013676027285972727,-4.03051089021253,-1.7501681024171156,57.47417762924851,23.5135610948924,39.03574242025546,2917.297
B0034,447,1.3021015914136362,4.192681708507562,2.178495224886361,3.3852891991053005,0.001015727940135266,-4.031529673129687,-1.7716218211716077,57.69186868894567,23.712232797870413,39.362600417809674,2918.938
B0034,451,1.3089076351731335,4.1874346087886645,2.003802772888259,3.375861800258899,-0.0007594908005194374,-4.031358409625566,-1.7808467524862919,58.235126532756595,23.502096175144807,39.45158799429391,2918.25
B0034,453,1.2722519696513912,4.179967885403278,1.9787571590097042,3.3766457982542852,-6.493150394815281e-05,-4.030358918119561,-1.7593469071219419,58.159040648414255,23.488992556072905,39.280231448753895,2915.4839999999967
B0034,455,1.276011534360331,4.180528142405268,2.137223761530643,3.383954937211064,0.0007250912623261506,-4.031297723634209,-1.7475031987682161,57.66508009332591,23.45701039792058,39.093994194844335,2906.015
B0034,457,1.2605053003103004,4.179166028461803,2.026812719380422,3.378072965642498,0.0007221596857929745,-4.030974316014234,-1.7569231795305054,57.950977227160536,23.391621160517428,39.19231540051725,2894.14
B0034,459,1.2660681251347115,4.18010360467577,2.1955750105431733,3.386411304876093,0.001026286765851529,-4.031011123253645,-1.744613516148423,57.50629199129354,23.54834819824031,39.05035096355298,2892.031
B0034,463,1.265829016865281,4.177719373483749,2.198015566541252,3.3853753800263027,0.0009427282285409249,-4.0313116805798215,-1.7445998152904736,57.45114086897508,23.343690136372405,38.99238106302636,2888.719
B0034,465,1.2655873898206993,4.1806916832597745,2.1741564738787473,3.3831949117830207,1.677159198194939e-05,-4.030793702940819,-1.7538809660262522,57.51486337636169,23.29290349706347,39.013996139611024,2875.641
B0034,467,1.2663598323027554,4.184107730812699,1.9597037966635267,3.3703776888462564,0.0012279491976100755,-4.030759976825486,-1.7847975615409868,58.24937682662199,23.33829372111869,39.39352264576831,2860.7810000000027
B0034,469,1.2868479432728903,4.19339113872627,2.0588486889378887,3.37385872825505,0.0009202299184524402,-4.0308791079707555,-1.7952150007705359,57.97580626211991,23.283013385861324,39.40321172109691,2852.844
B0034,471,1.270026164613209,4.184650326377129,2.1472699436122746,3.3788676910292508,0.0013121603439115131,-4.030910228339476,-1.7732811378527673,57.6936935982226,23.33153677192807,39.209002406361016,2854.64
B0034,475,1.34598253292492,4.179142866728917,2.046243465893371,3.3775187954558987,-0.0014355308035773923,-4.031161376886709,-1.7981891817251408,59.714275603056464,26.511755128565657,41.7029996329405,2897.844
B0034,477,1.3286875315413778,4.183823497630528,2.0152140329169153,3.3764102425962137,9.23736436573037e-06,-4.031304782841973,-1.7979821246857843,59.59622829096066,26.12189208281959,41.54042703429465,2896.063
B0034,479,1.31203071983408,4.183386852109095,2.0220579671885415,3.374457339617825,-0.0015289764213798542,-4.031456327316925,-1.795586068723611,58.94389183765572,25.075827558308593,40.70765268927143,2866.234
B0034,481,1.295125492961198,4.193391153250369,1.9943823501630709,3.369493571122545,-0.001910815855233489,-4.031480010018408,-1.815444212082474,58.684673836382025,24.09832956344647,40.21142863220933,2836.609
B0034,483,1.2802601605963335,4.182734512107648,1.961659201159055,3.3671763894263442,0.0012449192634425377,-4.030531863908069,-1.8021484216322963,58.63989407541342,23.936615230134002,40.0046687891377,2829.516
B0036,1,1.001982588175331,3.848136609578083,2.692363558999662,3.3100621558905616,-0.0021557335495844556,-2.0038601695058262,-1.9773749348609408,25.25510878948548,23.91297719702689,24.892073733003087,1819.406
B0036,5,1.8011007566288924,4.176656530010924,2.685636595881031,3.4631992414146664,-0.0014904376706625989,-2.00280826348544,-1.9856445663953957,26.547068220384585,24.871232330891456,25.959062630105592,3260.531
B0036,7,1.8044229856020628,4.183288040976774,2.662489466857697,3.4699576163352273,0.004811565892188293,-2.004317840985689,-1.9861546605764795,26.495839445842005,24.538499428336,25.802571879383937,3265.75
B0036,9,1.804388833772829,4.1841614854004145,2.6573808763123017,3.4705857000702847,0.0010493128090912787,-2.006820885715504,-1.987051011427963,26.383869073507284,24.215023797122342,25.60229945293067,3264.109
B0036,11,1.7989248871784247,4.18413822475754,2.663543957344219,3.4698672359538234,0.0010411455805570647,-2.009500231963076,-1.9874522127800511,26.038513721787698,24.005347474868884,25.340807182068417,3253.531
B0036,13,1.792996521672392,4.184490871998835,2.6678994227263173,3.463667726287471,-0.0017522780694575481,-2.010118970470753,-1.9875372326723815,25.52893924273116,23.750010106743638,25.066700521969093,3242.578
B0036,17,1.7885507985621891,4.18002707662199,2.6568692251182435,3.4626756481952126,-0.003980705218617717,-2.0105148083310866,-1.9873918540732374,25.434898613415253,23.784786109809392,24.87901399238054,3234.625
B0036,19,1.7890856930727703,4.184814968147981,2.682881821919537,3.466538555244563,-0.0036168914571835954,-2.0087014787729163,-1.9874986659392755,25.49992828339642,23.78662493765738,24.962178834594535,3235.36
B0036,21,1.7893137312833287,4.184936056128164,2.643495320901669,3.465990459572376,-0.0065078565398521615,-2.0083926934667744,-1.9873121102019284,25.538807420659257,23.849601747210194,24.97176766201835,3236.125
B0036,23,1.7860759459480868,4.185159966585472,2.6529146015025353,3.466849428071611,-0.0044622590452139555,-2.0080365229044976,-1.9871920484366135,25.42021899627584,23.786532133081383,24.904899107239256,3230.25
B0036,25,1.7836324249650817,4.185259470361049,2.6640070437952477,3.467879751690846,-0.0036112981424873294,-2.01068659468518,-1.986994298783672,25.376173446672198,23.692163967752638,24.82894570331574,3226.078
B0036,29,1.7829728738072719,4.180678430986266,2.6528698625456295,3.4680189335962623,-0.0016420511811444437,-2.0086522990303357,-1.9872186588415872,25.609167303887258,23.996010465160957,25.10525347823647,3224.5
B0036,31,1.7813775963259668,4.185452668161143,2.6683619850669116,3.470195201959518,-0.004719989055265589,-2.0085875375423945,-1.986822691116423,25.488141454729305,23.897375606764882,24.951154809529978,3222.188
B0036,33,1.7785359545932946,4.185644073979811,2.6856316852084854,3.471307979909313,-0.004779447182717506,-2.007649933368399,-1.9870379004309504,25.39250622395775,23.79897282368755,24.904434158959226,3216.546000000002
B0036,35,1.7759043090943398,4.1855690457286165,2.683085255855837,3.4716713367418284,-0.005399955268143018,-2.008607853673341,-1.9869312681166182,25.45190297763985,23.80605296345269,24.887170444449442,3211.859
B0036,37,1.7780426649905914,4.185513751822039,2.6821176155277855,3.474226898019182,-0.0016188763862490505,-2.0086196509255365,-1.986804032971213,26.00580839279124,24.386810794306925,25.527212929862493,3215.859
B0036,41,1.7830029333591655,4.18175155698921,2.6596681327390566,3.4759464645675298,-0.00410097193233329,-2.0076953086780285,-1.9866252110882103,26.845307972510515,25.365330747425137,26.409994049975936,3225.125
B0036,43,1.7883000424613877,4.18601707914653,2.6726649868851067,3.4817927176696424,-0.0035166108245872282,-2.0080813682171326,-1.9868092429179038,27.815052029087454,26.03181712440799,27.24956363748299,3234.343
B0036,45,1.779294712578026,4.185429868468947,2.6506943508802054,3.4752876993515778,-0.005855960004447978,-2.008162082198497,-1.9866026335678093,26.20275128566912,24.900330198963143,25.79213906476866,3218.25
B0036,47,1.7709235500451854,4.183946382168659,2.6668651734647586,3.47360641557491,-0.00609725821757094,-2.0075377155882173,-1.9863244377080878,25.704404765618435,24.317997749356834,25.237865068781456,3203.5
B0036,49,1.7659050180801104,4.184483195811819,2.699376305602087,3.474225056890293,-0.0050479953633210005,-2.0083438501355793,-1.9862809909576005,25.460838794232757,23.958253148525134,24.99097283085835,3194.39
B0036,53,1.7826929241469245,4.166505229896513,2.627373237504619,3.476093760887936,-0.005678112334400306,-2.0057770721024144,-1.9858147027956174,37.62543555779899,25.981165706416682,32.801252523370806,3225.219
B0036,57,1.7964662072920203,4.181691190398081,2.6486517814110364,3.478693083596387,-0.006739637545389377,-2.004156260870839,-1.9840774818957672,36.14360152332376,24.91553718736853,31.56958368042232,3252.985
B0036,59,1.7909083533422898,4.184954917937507,2.6240374089622858,3.4750535971066037,-0.0009101172732340704,-2.0004115908491005,-1.9825278870850223,35.625609247013934,24.104035218014637,30.90999308530252,3245.25
B0036,61,1.78518002808874,4.186460975475055,2.626618792448541,3.473958373265381,-0.0008404572387634897,-2.0072075263014764,-1.982424743717115,35.57170100720283,23.899334199769086,30.76520980990786,3235.031
B0036,63,1.7811343176546524,4.186163586614144,2.6336670386490053,3.473907031933396,-0.0027244276470207085,-2.0011835530290827,-1.9820980837755804,35.70160875626844,23.939509531112268,30.827871356237775,3228.141
B0036,65,1.7755577789223567,4.186271381082588,2.663548100827095,3.4760652075601257,0.00019708142073900626,-1.9997810779112133,-1.9821566894712763,35.94641088579465,24.135279436191613,31.04477819361822,3217.875
B0036,69,1.776885870616115,4.182325498451744,2.645759955186599,3.4762696586688855,-0.001865764489375844,-2.0013538888973295,-1.9821407736423282,36.334410213773005,24.66851129856288,31.495558048290054,3220.219
B0036,71,1.7713083410378214,4.185344353963488,2.682232775431839,3.4773296157781552,0.0003035352857562442,-2.002938928489475,-1.9819851541329787,35.97981353599547,24.48086368805618,31.22858520243483,3210.234
B0036,73,1.7713348840874137,4.186613141003604,2.636976729427503,3.4741834201518116,-0.0010680230127308149,-2.0014781325623847,-1.981820086973132,35.59540889841283,23.990132464537513,30.77808307184711,3210.546
B0036,75,1.7660842866405053,4.185053437368516,2.6254732315495026,3.4723504122251145,-0.0043481610713857885,-2.0000787195640046,-1.9817861525113654,35.45428075393079,23.68833522844092,30.558421734854203,3200.969
B0036,77,1.7592793663412327,4.184793481944206,2.6876812013759497,3.4751627339527484,-0.0020521382665166102,-1.9998831268277346,-1.9817252941957082,35.64366066127881,23.84698767974936,30.72558468538039,3188.625
B0036,81,1.7610368813762423,4.182513698980909,2.68500337747393,3.476326267904414,-0.001491992360754898,-2.000169457336012,-1.9817660120442022,36.101132129359335,24.35424355585658,31.23295964013785,3191.735
B0036,83,1.760242767365706,4.185287638546102,2.6519664988321767,3.475057563311369,-0.0007792749665022029,-2.00085802240166,-1.9816902385826145,35.918627450147724,24.284029986491724,31.072817634800376,3190.313
B0036,85,1.7555899416034397,4.1849685069062055,2.6336440877825646,3.4727432532131424,-0.0024844181487435344,-2.0011850366519277,-1.981485223109768,35.53291026153138,23.8251596372819,30.6408857593701,3182.156
B0036,87,1.7545602176655593,4.186322425483099,2.627746605322606,3.472459772164966,0.000878430995785547,-2.0031177298192384,-1.98155009393224,35.58661163053266,23.735102484763033,30.615000516436165,3180.156
B0036,89,1.7499108336094897,4.184832493551693,2.6356796620702037,3.4727100432360887,-0.0026708746645632783,-2.00104997373674,-1.9813008900975513,35.60387176093939,23.74110080497865,30.62198587167864,3171.953
B0036,93,1.7610225525303758,4.182846104868844,2.6450931525551966,3.4792060334218475,-0.00022408028611370262,-1.9993340625649578,-1.9813367014782532,37.150900989394586,25.41189377127626,32.233363947568954,3192.172
B0036,95,1.7624094574337117,4.185109686462477,2.6704116794436663,3.483370799287766,-0.0029864506743152125,-2.000008736535748,-1.9812253431229576,37.80882382148786,26.162618939519366,32.95844838713035,3194.735
B0036,97,1.7536170397120676,4.184971879756314,2.6837393111584085,3.481411230676488,-0.00025574943808310993,-1.9991453648649236,-1.9811725960467894,36.917059178726916,25.993641606583484,32.33796562819801,3178.75
B0036,99,1.7462044775191679,4.184935582810448,2.654784886935533,3.4750001030504976,-0.0005059656371537925,-2.0009460733693505,-1.981126497626356,36.08766208839117,24.46990910977973,31.201004004004968,3165.359
B0036,101,1.7406176172769725,4.184405459993748,2.650821200008131,3.4729861560107773,0.0011192870870260611,-2.000441618004775,-1.981010008821274,35.833124475553674,24.017669040862195,30.844212128034435,3155.25
B0036,105,1.750690404425682,4.173893175797129,2.6761945611553157,3.4793522768122993,-0.00012768886205846814,-1.9997650450659452,-1.9808915610510243,37.01706025174733,25.408095419535538,32.19294879984907,3173.766
B0036,109,1.765112055153915,4.18216296627966,2.679442027657799,3.4863598949467836,-0.0012834905345373664,-2.00201926010616,-1.9811169585618567,37.72356956982813,26.397551344426933,33.06146735060497,3199.485
B0036,111,1.7631888267564881,4.185045339068736,2.656640378340114,3.4833864674331436,-0.0027788900754442225,-2.0016102751277476,-1.9811266494742925,36.98324646085538,25.848956125552924,32.35366819628823,3196.015
B0036,113,1.9854929528970957,4.290021871695731,2.697143455219266,3.521360251690921,-0.0045423035349200615,-2.002785284914044,-1.9836817212075872,39.35953919640877,27.559431044553953,34.70040609904863,3595.281
B0036,117,1.7653557308133239,4.182247008545814,2.6612712387136295,3.481761447167762,-0.0038952925483865847,-2.0023005852526374,-1.9822350506501858,37.027075053721425,25.88469734380239,32.421923396380706,3198.0
B0036,119,1.7571880383127276,4.184685800633224,2.6908838763824483,3.4797578588851743,-0.0025851565313182957,-2.001465969186636,-1.9820268271645947,36.34456840908186,24.905051360041412,31.609192155405946,3183.516
B0036,121,1.7573770661844437,4.184560765856749,2.6365640724626367,3.4759650916373124,-0.0031563091467514547,-2.001496102641748,-1.9820222805220724,36.1535770040422,24.558403453621906,31.31596403602263,3183.797
B0036,123,1.7617376127979814,4.186186804679722,2.6235919177171154,3.4781154314639453,-0.00010644246323396269,-2.0024012820224604,-1.9821008022150315,37.00649086775502,25.078566873029445,31.998588265349394,3191.516
B0036,125,1.7606892547636663,4.184681735978706,2.6614571813493306,3.4830514284703322,-0.0024367835461289525,-2.002520901659237,-1.981813383736276,37.85686718856992,26.22323533635798,32.98892411466723,3189.985
B0036,129,1.760669562156983,4.1823560692950785,2.640601067759597,3.4809173250237535,-0.0033660552902839737,-2.001235039662058,-1.9819214923373463,37.45005504798,26.454390087546994,32.83558656237567,3189.734
B0036,131,1.752963802649152,4.1845961576838935,2.6732282064652693,3.478940078791892,-0.0037185791689478983,-2.0006531469147206,-1.981676320977873,36.77795934417618,25.272284146546227,31.97863874379167,3176.016
B0036,133,1.750535708024147,4.184643118766144,2.668754575341305,3.4777534118948465,-0.0015116373381807563,-2.0032893275629737,-1.9818237973110902,36.644215074090106,25.011607690694838,31.7958885352369,3171.36
B0036,135,1.7500761995337284,4.184427133733743,2.658195971284472,3.4766647808370212,-0.005747797985964901,-2.002146271467598,-1.9816263251080133,37.138598100953445,24.8990725500416,31.804649399184477,3170.843
B0036,137,1.7465957802278385,4.184330747490862,2.6846493703739718,3.4791247798630294,-0.00187813122034251,-2.002911547065684,-1.98151142532868,37.11821986816654,25.306975358284788,32.18425444090601,3164.672
B0036,141,1.753614286788707,4.1823205235968235,2.668665957651981,3.4818392989655798,-0.001148153169982941,-2.000461299971232,-1.9814622792671595,38.21028860245779,26.479829417070007,33.27019350164624,3177.453
B0036,143,1.750725029920349,4.1847408536372885,2.6672344803975685,3.4813626313858914,-0.0016813145481529622,-2.0031635045230707,-1.9813436819375347,37.5096400873081,26.534409792431422,32.91813190932092,3172.375
B0036,145,1.7433053490810113,4.184091920673459,2.627654590987336,3.473301690187071,8.695280144856796e-05,-2.0017017371036148,-1.981529747622425,36.38797733722857,24.761400322269875,31.48100878915281,3158.406
B0036,147,1.7336625052776187,4.184211671090554,2.6888969070187216,3.4736758521826694,-0.003301866029164543,-2.0016383842160304,-1.9810876831465265,36.055083131001204,24.30343547298514,31.127100398792322,3141.578
B0036,149,1.7319207051538927,4.1841757466144065,2.6648936078550007,3.4715154587275445,-0.0033073689308803526,-2.0017049702320833,-1.981234977739969,35.91912656959304,24.06443080280952,30.925481627228724,3138.187
B0036,153,1.7428604522751463,4.181891771142459,2.652977190328466,3.476844269698795,-0.00487429143688974,-2.001207887684657,-1.9812570591809957,37.598391918046985,25.5007081189472,32.53816915596416,3157.969
B0036,155,1.743306971099712,4.184541597131144,2.69728379874788,3.4828021334350594,-0.004521276205484642,-2.0007340815697723,-1.980916655360661,38.473409883226125,26.633984253177278,33.5082870689835,3159.281
B0036,157,1.738524506272696,4.1846109764992505,2.666438804228148,3.4787179923634985,-0.0026297144536298602,-2.0010982344783113,-1.9810059695302538,37.37835847467748,26.302146120200465,32.72223824057796,3150.375
B0036,159,1.7295622663746972,4.184012676032451,2.644225504233063,3.47116141622232,-0.002241506602929431,-2.0028092511949036,-1.9809786114709511,36.32515383321495,24.5519901037265,31.339643544788586,3134.078
B0036,161,1.7273036765742085,4.184121216441852,2.6270672485920983,3.469009856426531,-0.0049112786535840365,-2.002674380722973,-1.981059447271351,36.17136327433497,24.243039011774524,31.09122546658414,3129.797
B0036,165,1.7449370491071912,4.1715485738177795,2.681073460503821,3.4757008802735143,-0.0010534684502271556,-2.0008253955001223,-1.9810177631821901,36.94271187003511,24.990631462189974,32.074525923461515,3161.89
B0036,169,1.7642432071133693,4.182622974222649,2.6173518629094725,3.4820950413929173,-0.0034921534069396005,-2.0015065236323593,-1.9810749842802888,37.96104323229247,26.334527256392604,33.167208512161885,3196.859
B0036,171,1.7504882032049596,4.184454856344911,2.6882522902609858,3.480244357608362,-0.0024508433424748656,-2.002256958212359,-1.9809975649315257,36.73214755581345,25.625270920149966,32.14047774193924,3171.906
B0036,173,1.7442710815479923,4.184476537283623,2.639398647353621,3.473582906957752,-0.00238013413971329,-2.0017569852229236,-1.9807582643680772,36.082389553135755,24.49741942756075,31.245399132402053,3160.8429999999935
B0036,175,1.7365413923373951,4.184024889589791,2.6623791019309224,3.4722242034096427,-0.0025909202303662413,-2.0013369678430784,-1.9805282406081717,35.84834420893077,24.10678905352516,30.941808328244683,3147.141
B0036,177,1.733223093105756,4.184261427009467,2.6561014633579925,3.4700774937906473,-0.004021361825652529,-2.0049715818869926,-1.9804746484714413,35.70394071930231,23.845856477482553,30.729579296950984,3141.203
B0036,181,1.73860622908762,4.182041097453936,2.6878503046332485,3.4765508294649767,-0.0028814269596924946,-2.0012836292683827,-1.98039190119071,37.23120350609712,25.234658226278317,32.241219078736684,3151.047
B0036,183,1.7432134953746192,4.183342596486669,2.606635521236163,3.478023823464381,-0.0002493425725089805,-2.0018795801112828,-1.9805091135572959,38.21827936701842,26.407899480785915,33.273484981762124,3159.172
B0036,185,1.7332698214832971,4.184140679167282,2.684954312438798,3.4748978056910036,-0.0004622856587363358,-2.0029462861761083,-1.9805025193431716,36.626274908995,25.184149951840894,31.82186022608825,3141.047
B0036,187,1.7298906291663272,4.1842480944363025,2.6296325002671597,3.468132135397358,-0.0019607522641065717,-2.000410764991185,-1.9804477654001484,36.01597323994527,24.067371525766912,30.953485299150877,3135.0310000000027
B0036,189,1.7204403348841348,4.183757537025025,2.676552998785705,3.4677152773874327,-0.0006791444227451461,-2.0017891626777025,-1.9802957447258618,35.64214686208444,23.719534460860782,30.594113322212998,3117.984
B0036,193,1.724420729012913,4.18290280302208,2.62514939238803,3.464870080840597,0.0007794104654733265,-2.002006842786516,-1.980207910561322,35.82141559167005,23.550012768481476,30.621050708667628,3125.328
B0036,195,1.7214872814061166,4.183818903348512,2.628502877540015,3.4658543618027586,-0.001868924294770898,-2.002435123952101,-1.9800833052331595,35.84687241575459,23.802368517349294,30.73760557478901,3120.172
B0036,197,1.7197448773569262,4.183839437859511,2.619866867748,3.463489697714707,-0.0034961969893167045,-2.000876302512133,-1.980268967910438,35.6948403215532,23.415512262900588,30.475687104433288,3116.641
B0036,199,1.7164304142145894,4.183940441185628,2.6612878285284127,3.4657104202129614,-0.002028297098875632,-2.001371004807907,-1.980057929657538,35.819676472043525,23.64601820888219,30.665478038053948,3110.844
B0036,201,1.7112029253299619,4.184066892064025,2.6699917743429817,3.4645909946616262,-0.003441119150600855,-2.0017748549858165,-1.9800230190313004,35.629734084261784,23.507407936426883,30.48169086494209,3101.406
B0036,205,1.7102343231599222,4.181908017913433,2.6688661295694205,3.4629772764216105,-0.002892346132450576,-2.0016093124428225,-1.9800140007357074,35.66196676336087,23.4688262073781,30.501790386236014,3099.563
B0036,207,1.713096882151029,4.1838810012271175,2.6222751020303923,3.4616288821771044,-0.004007693097858745,-2.000651458121082,-1.980072672691808,35.75183992747387,23.435517106060782,30.48295279202987,3104.64
B0036,209,1.7103708617208135,4.183938680731157,2.643376209522438,3.4628964155593924,-0.0036297203423590416,-2.0016604514473157,-1.9799210298032588,35.77783462667514,23.660746588520688,30.592002581671938,3099.875
B0036,211,1.7064617296121434,4.183997413375148,2.6362266436030413,3.4611295820153054,-0.0006243787020377098,-2.0021616961773727,-1.9796449702564978,35.713721223369035,23.341986399299063,30.424569049276556,3093.25
B0036,213,1.7029429979110946,4.183680554471844,2.6753943315026825,3.4632231738970973,-0.0023388287273444558,-2.003300958949492,-1.9797208473969017,35.725860691702124,23.54622898059731,30.570652220376168,3086.688
B0036,217,1.7072612643840062,4.182869408506432,2.626280067476453,3.4594353969848526,-0.0021733468925487064,-2.000588867008761,-1.9798193556242383,35.768527567848494,23.334482034397343,30.460459721443804,3094.281
B0036,219,1.7038637196766078,4.18373987583806,2.6699754309728454,3.4619323762511636,-0.0009222301194144796,-2.0009417894069323,-1.9796708243361156,35.84926876193408,23.46007919041173,30.547691944309644,3088.328
B0036,221,1.7079617948422274,4.183750461912779,2.6485692977117936,3.4640211108291785,-0.0047761334836207755,-2.0016782403661075,-1.9796986341756921,36.56783936040424,24.024871409762568,31.189572257243857,3095.687
B0036,223,1.7113022833627787,4.183786894340978,2.652784779103966,3.4674082899150327,-0.00246056195266762,-2.000349526256562,-1.9795447080949824,37.22026804863562,24.80543230121374,31.898081785720198,3102.062
B0036,225,1.714122057472244,4.183945554245884,2.61112320884266,3.467669094088933,-0.003075970565862271,-2.0000502199199452,-1.9794620575291975,37.24354714231705,25.65915220022702,32.32306890954346,3107.141
B0036,229,1.7053324925701605,4.182910559206333,2.6171931724123265,3.4590063160949422,-0.0007540310103105808,-2.002235017468337,-1.979668515306621,36.101954503621805,23.84060461795071,30.83436798904695,3090.719
B0036,231,1.6934609472531408,4.183616020558508,2.6630699292303373,3.4580229191527696,-0.003296336828326992,-2.0029223930258224,-1.9792552718561545,35.590895284221084,23.221692679840743,30.287043848864634,3069.812
B0036,233,1.6905244127230223,4.1835063699815285,2.659720848238619,3.4563349020618155,-0.0027089901018091493,-2.001361539543119,-1.9792443099751138,35.41708929698686,22.97359506516038,30.072000414523774,3064.437
B0036,235,1.7007774858498304,4.1862295732164165,2.6273527452578365,3.460450149170936,-0.0055573174849790396,-2.0008765508581288,-1.9791194191351382,36.542285984903515,23.74244827227352,31.093661069729663,3083.25
B0036,237,1.6971104467944576,4.183727110735532,2.679397409659904,3.463960681885895,-0.004541902294402584,-2.00062745119498,-1.9791613878366452,37.06815080209899,24.288941673067036,31.607623511235108,3076.484
B0036,241,1.6997924522951837,4.182211079560967,2.6638409912727004,3.4630674142567415,-0.0030068529543121644,-2.002252540622426,-1.979091763193608,36.82684422999281,24.805322638103345,31.68782676208534,3081.297
B0036,243,1.6912704773954121,4.183505107711148,2.638750759665419,3.456673276206162,-0.004273027970998495,-2.002183949867592,-1.9790766827277793,35.92988720620677,23.657995953412048,30.64130472367544,3065.953
B0036,245,1.6857127009469863,4.183301376056718,2.6521564133104056,3.455027058159508,-0.0019439934467730532,-2.0015266346217415,-1.979038060944376,35.781290058222865,23.208814738328577,30.35775664232519,3055.828
B0036,247,1.6832093771286156,4.183248853903273,2.6736629264226712,3.456388317029322,-0.0019988768067600135,-2.0011249665699338,-1.9788327303856925,35.83938701624516,23.311978085092868,30.46760275047682,3051.468
B0036,249,1.692886364169521,4.183494017304386,2.665966871855665,3.462072409842235,-0.0004738434346515472,-2.0009993271431443,-1.9788745442826565,37.17156479403066,24.450687551804663,31.690335464880064,3069.0
B0036,253,1.6984668174144633,4.181646831165721,2.6818321771597287,3.466006130026554,-0.0019848066777768095,-2.0019187157474807,-1.9787981178503085,37.84191340591018,25.50907751971739,32.58002111430288,3079.235
B0036,255,1.6935813413828429,4.183467994187793,2.6354438765341697,3.4601239314707923,-0.004321306259202696,-2.0007727144601377,-1.9788051627908367,36.94021929474592,24.7925097645142,31.69291039725797,3070.344
B0036,257,1.6830951253781283,4.1834014802387,2.633581331346773,3.453593464720813,-0.0033340496688171973,-2.0007517737509772,-1.978575532876541,35.979852438003704,23.589215774205197,30.608400390292736,3051.4839999999967
B0036,259,1.6850462226942986,4.18648088216282,2.6164895194312585,3.4519795194744436,-0.002726074927020739,-2.001600027914263,-1.9787606413982342,35.91143435448471,23.19246986040044,30.399652022711006,3054.812
B0036,261,1.6803098840017598,4.18650094380192,2.662037646915503,3.4544340644325837,-0.004967540283571043,-2.002715175952081,-1.9785255298300461,36.0224357923641,23.35262786120078,30.547315574796166,3046.532
B0036,265,1.6944038437227715,4.182814594549196,2.6705894388847278,3.4638257834252806,-0.003233317570064247,-2.0021347290579303,-1.9786658818521448,37.65075812929836,25.55119070794383,32.47851626978816,3071.782
B0036,267,1.6955686127180103,4.183640043729965,2.668638829617292,3.4669219935055278,-0.0019410976716811139,-1.9999099102761286,-1.978303548943712,38.27191158762031,26.190517564702994,33.085111849545555,3074.532
B0036,269,1.6841854728350405,4.1835457131046185,2.6931351824491827,3.4626538753824714,-0.0009657742279999745,-2.002549456337823,-1.9783071872539106,37.26845925037034,25.297939254657074,32.12056072268224,3053.656
B0036,271,1.6722180144870118,4.183400261585032,2.6913462011853904,3.4554390863736857,-0.0031204605903022127,-2.001711879687912,-1.978252788411394,36.23919416621716,23.88766002302783,30.90915966232928,3031.953
B0036,273,1.6675976965747183,4.183219724741507,2.6988025346836504,3.453636642746737,-0.0038189754391683823,-2.001654493324268,-1.9782840417249774,35.989930424393194,23.46091272019914,30.586499493516442,3023.5
B0036,277,1.6781873787039017,4.182242945113323,2.6523436778902467,3.4530724754532334,-0.0017572444489996166,-2.0002866611264074,-1.978213800283229,36.752805224654765,23.653852101617762,31.078305845971443,3042.703
B0036,279,2.4440624320786557,4.519252349646744,2.691307184686052,3.626510481777051,-0.0029581275082323443,-2.0022312748692235,-1.9837057741381123,38.49714613607372,26.964036538169903,33.98757612493629,4424.203
B0036,283,1.6913403148932205,4.181498148571605,2.6565288043863395,3.466145279289297,-0.00018117967783014865,-2.0014196256892336,-1.9781440584613479,37.31224141481378,25.485015028975592,32.26010764297862,3066.766
B0036,285,1.6802787096613283,4.183547797387942,2.680162151919943,3.4640146950069006,-0.0010211685513373198,-2.001357263558416,-1.9784600594573567,36.59740421257035,24.536217553074003,31.42619925446257,3046.125
B0036,287,1.673147301023026,4.183620162153654,2.686423419926791,3.4626259258314476,-0.0024966397016684843,-2.0017591814515625,-1.9781834973907693,36.44126696853565,24.30375532630907,31.20956154006514,3033.625
B0036,289,1.6704292090032429,4.183446864929328,2.672431142055385,3.4609363258654184,-0.0005521842606962627,-2.0011032611231436,-1.97816336280146,36.32670051789851,24.149625651831865,31.078110221174402,3028.562
B0036,291,1.6659903350115992,4.183128389159035,2.6906755654263526,3.4616449511434926,-0.001808351299128825,-2.0028682109184794,-1.9778390299632154,36.29811998606583,24.11047746783248,31.053614094154142,3020.984
B0036,295,1.664241575272447,4.180942847373935,2.697829479340451,3.46014320685645,-0.003997927239448579,-2.000358859987671,-1.9780641124929104,36.315665405173284,24.03644264099394,31.06053283354067,3017.391
B0036,297,1.6668450767774965,4.182939031295494,2.6506127411002423,3.4580980197093147,-0.0025025601664729817,-2.0016029724530995,-1.9780348126637537,36.31712206468977,23.98215698310198,30.97728291917627,3022.14
B0036,299,1.6594501560667536,4.183242834674278,2.690672074169337,3.459389982444422,-0.0006119110035916644,-2.001572594962202,-1.9777931454666962,36.228571111440864,23.93192130983737,30.93918723715448,3009.016
B0036,301,1.662412523067319,4.183686841202558,2.6272249252599598,3.455631406481116,-0.0015244830444558378,-2.0029223519412267,-1.9775654046883246,36.35810336081934,23.916275195556413,30.926289651305336,3014.672
B0036,303,1.6603526083225701,4.183358354217051,2.6243035932050947,3.4549175745634897,-0.0029032140060993175,-2.0012842672903166,-1.9777096278151205,36.29901438256062,23.85422362012047,30.863054927475556,3010.703
B0036,307,1.6610231379633236,4.182728484057378,2.6669662761212,3.4567232383364708,-0.001471031035100222,-2.001199210852871,-1.977833418220376,36.42868217427085,23.96717086274464,31.038017243387284,3011.75
B0036,309,1.6575187557321613,4.183421219857983,2.6573427494924386,3.4566056806279244,-0.003048808925054418,-2.002800542011826,-1.977513435934886,36.39664144336581,24.03491351977783,31.04050751190746,3005.734
B0036,311,1.6507877959674548,4.183196106021016,2.6914302974482167,3.457263997632369,-0.0008001800237581544,-2.0009413249047436,-1.9773123626836613,36.317435246585276,23.933794489972804,30.957302786226403,2993.75
B0036,313,1.6532570062110141,4.183209699462281,2.641029666264374,3.4540018182289085,-0.0030197278406780986,-2.000552819210372,-1.9773999985000372,36.40596657880105,23.882500321932156,30.945276932009087,2998.125
B0036,315,1.6494214846772686,4.183138406019062,2.6663067674348446,3.454729708764956,-0.001885403731298549,-2.0053749047084093,-1.9775454272489617,36.28093983069052,23.848900090304696,30.888914324823496,2990.859
B0036,319,1.6678591915666705,4.182486390609512,2.6520245119510846,3.4602322781016106,-0.002068008016375336,-2.001066605318924,-1.977556174123632,37.95295717388789,25.077183710470603,32.321489418619095,3024.453
B0036,321,1.670862764324967,4.183464386226038,2.650846498933422,3.4653467037084007,-0.0023996198522401855,-2.002186569861677,-1.9769835735935626,38.41829396059596,26.427334914499774,33.23510488083581,3030.765
B0036,323,1.6658118164053368,4.1834582213062665,2.636443131108017,3.4612961227490118,-0.004383536933426622,-2.0017749202505266,-1.9774113966642073,37.82488704281872,25.91192188569918,32.672384089467116,3020.813
B0036,325,1.6532998517617,4.183218486473692,2.6573768263158466,3.4568319834213184,-0.0022988031421050147,-2.0007169882370412,-1.9773199609696597,36.92206046060923,24.731201336850514,31.627875999689845,2998.156
B0036,327,1.6468787023528522,4.183226539078387,2.661750337550587,3.454274871932744,-0.0013303278426566394,-2.001325557175692,-1.9771073220010116,36.61884081007243,24.183348644602074,31.234092745007935,2986.766
B0036,331,1.6718953249703756,4.174285560234163,2.6766475071440374,3.459039144301172,-0.001962028925241122,-2.0012847325981546,-1.9761775564887942,37.26760229905419,24.797361685163395,31.95070753872921,3032.328
B0036,335,1.6807743463585727,4.181276067644604,2.683234032060573,3.466556169993412,-0.0015259772825198835,-2.008795403935178,-1.9775382652377453,38.257226591815964,25.877785213085076,32.94223311807837,3047.703
B0036,337,1.6737717086703074,4.18302191595724,2.622356052772389,3.4591810827626084,-0.0028642591518349587,-2.0031957722825595,-1.977527154273711,37.22999793294153,25.11699860570447,31.941852555671353,3034.968
B0036,339,1.6605773762487392,4.183316981130492,2.6656468752025866,3.4577876655294553,-0.001505332380572564,-2.002178261848821,-1.9769664559960938,36.750095375605376,24.51381023129178,31.44720711271493,3011.7339999999967
B0036,341,1.655987781146086,4.183031434193402,2.6416903037262225,3.454417180570097,-0.003842917971572827,-2.0011693562380435,-1.9771854714072983,36.461339694064534,24.24149688736979,31.12482497372082,3002.922
B0036,343,1.6468623183898439,4.182347238057592,2.6595878021770023,3.4527482715790674,-0.0030488079854527417,-2.000533909313961,-1.9768884059107226,36.121581178683655,24.09094831485414,30.75545169222773,2986.718
B0036,347,1.6574621175432847,4.181133837276345,2.687257575540443,3.460599249296477,-0.0011704315649406672,-2.0017889891565974,-1.9767960110088925,37.62901534109348,25.751254773128128,32.32491302674166,3006.203
B0036,349,1.6603991175216894,4.18258237874211,2.6749338603361448,3.4634741461937795,-0.0010409585022826979,-2.002031476486703,-1.9766590715947012,38.17206500603514,26.422312504624646,32.9527098749988,3011.609
B0036,351,1.6460789092837111,4.182469644453435,2.6883490982654625,3.458931693641407,-0.004170409400170616,-2.00172153934365,-1.9763441035961147,37.074417465672504,25.54974799891278,31.963338156822648,2985.953
B0036,353,1.6408366462659327,4.182289875103196,2.6341133806914536,3.4515443093644445,-0.0023119550613622045,-2.000574694144919,-1.976398819741924,36.555960407488875,24.61584576794527,31.192560893948695,2976.3129999999946
B0036,355,1.6344408920281601,4.182381246517502,2.6535520046660226,3.451340191696518,-0.003531458937968664,-2.0014919406194833,-1.9763560129084317,36.35822055804636,24.26140709640571,31.01189616418059,2964.75
B0036,359,1.6374039186504212,4.18080325573756,2.682065697865543,3.4541105051819967,-0.0015601440410522222,-2.001201969879881,-1.9764726236625383,37.04815005782166,24.684444542047743,31.59342641124915,2969.953
B0036,361,1.64738207540524,4.1824485661725594,2.623022825320866,3.456542656900933,-0.0029708101193880662,-2.000826197482675,-1.9761971299509842,37.78142773101782,25.816866325416914,32.451352345308976,2988.453
B0036,363,1.6545646441622355,4.182854046942437,2.638877668106794,3.462836576734922,-0.002090778864827327,-2.0019806638375113,-1.976435899887901,38.98412239569435,26.755245728305425,33.70907658061942,3001.235
B0036,365,1.640896560729935,4.182728439067422,2.6345026369215763,3.455642847223531,-0.0031137480951454735,-2.001594188579669,-1.9764723723079625,37.65911041193654,25.580751385885005,32.3628652503866,2976.234
B0036,367,1.6265229979339635,4.182876278594965,2.6856425973144904,3.453765407751183,-0.003000663629546209,-2.0004095548319234,-1.9762622330108464,36.92167189475025,24.616276565969724,31.558941182174713,2950.39
B0036,371,1.6217349144630457,4.180649883777921,2.68786797873656,3.4500406564088526,-0.0029080857736414637,-2.000900382690503,-1.9761878164815234,36.59954969750561,24.0965294768098,31.135887556686384,2941.719
B0036,373,1.6248200059639546,4.182879997125387,2.6302060684262494,3.447400483446299,-0.0031118252397211187,-2.0016097915484665,-1.9763905482451505,36.62217023847058,23.94058877670859,31.04112225235265,2946.969
B0036,375,1.61880119736137,4.182616597040702,2.6641914790243417,3.449026045033965,-0.0025608664380762686,-2.0020912722122786,-1.9763256382870518,36.590898812608955,23.999137351199927,31.054879323980543,2936.171
B0036,377,1.6137350490334217,4.1825067669668625,2.689303373660729,3.450376630404453,0.0007789786857402328,-2.0014458177637215,-1.975971961224962,36.59234456560626,24.08150574103411,31.10833607101402,2927.281
B0036,379,1.612012823654141,4.182535478785295,2.65147651386545,3.447000121773302,0.0004392437380041023,-2.000167970309902,-1.9758050203647282,36.48018480302178,23.898748408422794,30.944663670795183,2924.422
B0036,383,1.6671032556887178,4.1690491680104165,2.6896892125914618,3.4669760884346075,-0.0008371923327228107,-2.003950808278935,-1.9763325577592548,38.23567263982747,25.52595713846892,32.6791979812127,3023.859
B0036,387,1.6850133383886254,4.181271830692525,2.6628469651561684,3.4736386683731344,-0.0014894364732493614,-2.0015010947067746,-1.9764828677632524,37.930952706812825,26.480844385435898,33.03296653786076,3056.172
B0036,389,1.6786654987614698,4.1830606408887965,2.626900680068646,3.467958204671299,-0.004098358498117174,-1.9999016673464969,-1.9762113672371753,37.19257582780181,25.44849328171353,32.14080730031082,3045.078
B0036,391,1.6729763502191373,4.182456210343196,2.6081515730092875,3.4632760700749996,-0.0016991841945674833,-2.000618099416812,-1.9764506704962272,36.76201438343683,24.733537220313277,31.54659714469647,3034.25
B0036,393,1.666489034299654,4.182764774519028,2.6357331981420877,3.4628276335315356,-0.0009205007233992248,-2.003239061725877,-1.976336702286546,36.54833629882202,24.45996796354211,31.32211217550974,3022.609
B0036,395,1.6698420840710908,4.183320176415955,2.629018498984386,3.4646012546935614,5.2501204401648626e-05,-2.0026397539162186,-1.9761771069613194,37.37954300419149,24.83899714715284,31.944476209251814,3028.828
B0036,399,1.6746744228027035,4.180963257164536,2.6266603184816235,3.4679372219489957,-0.0010127423979090567,-2.003823480038933,-1.9760041905736139,38.17965570439169,26.090290835837656,32.95970790517297,3037.875
B0036,401,1.6665045335145643,4.182710427278442,2.602450788874241,3.462497796397771,-0.000737279937754776,-2.0015896507781563,-1.975873938296025,37.06880928199277,25.362504765065975,31.94954978552722,3023.187
B0036,403,1.6522220848347273,4.182466447324255,2.662872873818505,3.4597555835668237,-0.0019442928063618007,-2.0013924851522065,-1.976044015388604,36.3207199175235,24.102557617438656,31.016509562928245,2996.922
B0036,405,1.6462718275099526,4.182351343336321,2.6641259048235493,3.4575027462160053,-0.0030023031428759402,-2.00099190176043,-1.9757551706068877,36.10688426616758,23.71117850596633,30.717850318637232,2986.469
B0036,407,1.642399234692521,4.182757605057146,2.6980994427054057,3.4593887120996203,-0.0002785761550558958,-2.0008556099009356,-1.9758263113357128,36.31248307899438,23.744852385408038,30.879779806825745,2979.219
B0036,411,1.651178607099992,4.180861110367055,2.649240292513478,3.459697403340653,-0.0005096135001277358,-2.0021284907747647,-1.9759776263748132,37.07549861586275,24.590294260015632,31.650221324336044,2995.047
B0036,413,1.6481683120281931,4.182794520703595,2.691344905562854,3.4641295904583864,-0.003297420677409282,-2.0008221456612882,-1.975719002321735,37.414877687125575,25.086817061257822,32.06625589927076,2989.828
B0036,415,1.6478887725428397,4.182556061512275,2.6312837349184783,3.460169463632063,0.00017965467151311804,-2.0017549416670004,-1.975704650691821,37.09639528593206,25.19916169623783,31.895952062496796,2989.391
B0036,417,1.635843650915682,4.182810830291452,2.6584363442335084,3.4561756716228116,-0.002273119180743892,-2.000542886554803,-1.9757629054586396,36.366051667033084,24.061942151606782,30.985495506316067,2967.2810000000027
B0036,419,1.6332362811945516,4.182635286848819,2.6231998193879877,3.452053305545746,-0.004501590330077511,-2.0019331296363676,-1.9757208321303017,36.234238027710575,23.691777590949794,30.72140290899611,2962.609
B0036,423,1.629926467682987,4.180865480888278,2.633671931011382,3.4498706612134633,-0.003639711638300777,-2.000836252082105,-1.9753838232885894,36.13330283566238,23.39948513363078,30.525764579406868,2957.016
B0036,425,1.6387862629287224,4.182371604193263,2.613160298710749,3.4562888987795763,-0.0010630342319161796,-2.0005565957229483,-1.9753747226034408,37.40631592104371,24.791288522389898,31.861104818689885,2973.281
B0036,427,1.6359654863840773,4.182870580087216,2.664776371262019,3.4606240664312637,-0.0007685296487351225,-2.001606404211715,-1.9753588071492805,37.77076533558071,25.348743159547922,32.31201872670814,2968.016
B0036,429,1.631137043967566,4.1827611176443975,2.632939371611515,3.456019242182233,-0.0028543974289036585,-1.999731674892746,-1.975257971644178,37.14813436098321,25.01914314738702,31.793010248024903,2959.281
B0036,431,1.6220189720888463,4.182395237195288,2.6282834158429433,3.450712115143618,-0.0015357841271437709,-2.0012097377908966,-1.9752191259041325,36.53239990681521,24.046073283059812,31.01748043918613,2942.797000000006
B0036,435,1.6416044978422155,4.174632559195338,2.6382695335398956,3.457628617948717,-0.003308938026291439,-1.9999922943569635,-1.974872083562542,37.81511547301817,25.605066892024084,32.52627247756125,2978.89
B0036,439,1.6253090231457805,4.180584396863127,2.666855394758346,3.453055943057908,-0.001495597945369605,-2.00062580916902,-1.9750892690302662,36.404593910301536,23.948538947503835,30.971239918679984,2948.891
B0036,441,1.6196134522239483,4.182361662503121,2.645771603606621,3.450668341610227,-0.003690534190557053,-2.0014979554620873,-1.9750429933939881,36.31178502135717,23.695424055229687,30.76463270446893,2938.547
B0036,443,1.6124236174774371,4.1825612222864805,2.6749192828697232,3.450902810317066,-0.0032308298789850164,-2.0001940144005674,-1.9749799926549043,36.180551238597374,23.590840566457,30.660177115279623,2925.484
B0036,445,1.6077701029913394,4.18253016588314,2.6772635289500464,3.4500594839606094,0.002276212136857938,-2.001710053938121,-1.9747546184485705,36.10348020899565,23.538863073507855,30.586674094126863,2917.297
B0036,447,1.6088077531981582,4.1821683496152,2.651409246777448,3.449110812692783,9.414651952537693e-05,-2.001450125981973,-1.9749280525665507,36.398158452424276,23.77839028946409,30.83253477381729,2918.938
B0036,451,1.6083556258734268,4.180085195716553,2.6359845840555653,3.4458169090139847,-0.003137479844123494,-2.0003216371109183,-1.9747449903353,36.348677496156625,23.5423470621367,30.68860522383244,2918.25
B0036,453,1.6068202519011539,4.18247008024948,2.6203632515294,3.4453799620249113,-0.0014564852965377464,-2.0004961722415358,-1.9747270429184278,36.30340414585353,23.518786512911753,30.620490468656016,2915.4839999999967
B0036,455,1.601770977206713,4.182402126830995,2.6353503124760125,3.445133112798374,-0.002270068460296021,-2.000440096213439,-1.9748519715505966,36.26566178605087,23.47888485326248,30.598226708173872,2906.015
B0036,457,1.594911734692208,4.182271283338991,2.665160202735034,3.4458558996634645,-0.0037513954755897506,-2.0023852081074316,-1.9743987343803497,36.17313667131571,23.39662363977643,30.522404975221356,2894.14
B0036,459,1.5938139125387372,4.182247103438741,2.6439462094074133,3.4444897117952333,-0.0006192413144748796,-2.000686110880547,-1.9743953769070435,36.20038317528244,23.49715874641186,30.572012594415884,2892.031
B0036,463,1.5920273129504596,4.182668785784587,2.680823910703161,3.4452529094036595,-0.0018800532779207368,-2.001943170893987,-1.9745565504466334,36.12974352283867,23.384507843620888,30.525594309542488,2888.719
B0036,465,1.5847361549778751,4.182325389472558,2.6584332895177942,3.4433682977623126,-0.0023929488624675884,-2.000646231962556,-1.9743485288471663,36.15128962766672,23.33389160673618,30.460152624234137,2875.641
B0036,467,1.5763429363936798,4.181890851070748,2.6858136443865597,3.444044633354944,-0.0014623570581874692,-2.0006735329251524,-1.9740794817151763,36.06503580876304,23.310385140399045,30.42634729502671,2860.7810000000027
B0036,469,1.5720229174642286,4.1819812339971225,2.686590802386354,3.4436657042772842,-0.0008615651751270003,-2.0000797727236295,-1.9739791964844613,36.12802521407918,23.35165903463095,30.477932880980596,2852.844
B0036,471,1.5729874285512353,4.182031710997783,2.6569680605487678,3.4414697554582165,-0.0018305771025404426,-2.00109190486848,-1.9739892815959978,36.26774799217623,23.28005395267094,30.47370962894708,2854.64
B0036,475,1.596985400389019,4.1803143719336,2.676038889381632,3.4563046908197936,-0.0037600574303138473,-2.0025068680909213,-1.9743635806531243,38.43630283495838,26.389386766495182,33.14386747805384,2897.844
B0036,477,1.595726023703856,4.182098322143219,2.6188084347235887,3.452089547010762,-0.002951620378022731,-2.0019322952392344,-1.9739686530082488,38.52063845392343,26.030348585874783,32.934539010545976,2896.063
B0036,479,1.579500338340559,4.182097383940862,2.645949573946669,3.4477573593842226,-0.002143647617364981,-1.999949850664628,-1.9740791048008228,37.489412293667954,25.061429711988,31.954024468442526,2866.234
B0036,481,1.5629469877520186,4.181667072254369,2.6883439532038187,3.4451953986146564,-0.004482573590573888,-2.000910525563825,-1.9736801463901485,36.78751789975617,24.1698569125778,31.19189073934152,2836.609
B0036,483,1.5591129431541175,4.182118777318184,2.67894320816739,3.4432584336378476,-0.0024811523923965913,-2.0009899510970475,-1.9737323749924904,36.62637340717898,23.931898582036833,30.99297651094941,2829.516
B0038,1,0.8980573709676724,4.053116638334503,2.1981645845929387,2.883239659655731,-0.0030103888131135406,-4.035077323306341,-3.952127452371893,51.693778100060996,25.045828878659496,38.8265055747093,982.938
B0038,5,1.1026236331914077,4.1851064801192095,2.173538006790758,3.1713316750997853,-0.00025376872180587064,-4.032209213478597,-2.99722690705762,51.136880141242045,26.196493190799377,40.49651673815248,1489.953
B0038,7,1.0885801879473431,4.18694152805074,2.191128315273502,3.1803732612872655,-0.0022272240870321123,-4.0325975109048535,-2.957884019744667,51.3517572303697,25.227701500387003,40.3082686076966,1479.703
B0038,9,1.0613249847591086,4.187310082648276,2.1749283790642226,3.2014600077361552,-0.00041412524252396103,-4.0324499487623875,-2.890891500138237,49.541551118224994,25.640112774955472,39.93347404849829,1468.172
B0038,11,1.0347062057983545,4.185977695675653,2.1623047751632316,3.2011146598082543,-0.0019194298017491283,-4.032706809614358,-2.875691989787786,49.944004344349516,25.752349228851504,39.949996492029705,1457.0
B0038,13,1.0269978594353013,4.187105297284753,2.1523889970129018,3.1928056969575156,0.0017620786390275987,-4.0346441626746445,-2.899456239004,50.47284162905345,25.941735119508724,40.03056196708513,1437.047
B0038,17,1.0785019710989419,4.18045914385637,2.1947161370182617,3.0561380160526412,-0.0005388688051485031,-4.031721347243717,-3.65723892716497,49.83589725328242,25.583477326453725,39.44913263410249,1170.531
B0038,21,1.0638897478802845,4.183492564102866,2.1463956973341785,3.181450544509047,0.0012198322246428585,-4.032751905126723,-2.9674515029911404,50.058224679961086,25.519767465182188,40.058567746287395,1436.141
B0038,23,1.0366551223324423,4.186120317256443,2.1983669967426582,3.192741049083457,-0.0009508024211317454,-4.0320532789938826,-2.9319888511060146,49.70254627455938,25.592470904914826,39.916070861462195,1420.172
B0038,25,1.030941327482094,4.185843165124554,2.1858064268526136,3.167665290347624,-0.0014249040431507654,-4.032203977721678,-2.994495446145827,51.354295522888854,25.91369561512289,40.27645391572808,1397.0
B0038,27,1.0140084541034655,4.185966509890458,2.151862863027953,3.1781927267469925,-0.00041401222244704945,-4.031826212038417,-2.9580193436340854,50.44246795838984,25.843775975618836,40.1754669430076,1393.25
B0038,29,1.008516095994519,4.186351056855524,2.164578187429903,3.1613474600189155,-0.0012602313332138316,-4.031995207198451,-3.001260117107958,51.33205933952721,26.26427337557343,40.41336717515726,1380.938
B0038,33,1.7419245088095903,4.177730241404494,2.180206803089782,3.608926624109929,-0.0008064531856720644,-1.012296953255635,-1.0022813853258807,49.52801806570102,29.07978656830067,44.29688064198706,6375.828
B0038,37,1.779741859708433,4.186620638463225,2.1921466685430167,3.6118191487524745,-3.3240669506730966e-05,-1.0139107230042939,-0.985523491989515,49.28701938671706,45.44827006920707,47.195451017988766,6574.671
B0038,39,1.7815666306452766,4.188933311711306,2.16658130125341,3.614149636005495,-0.0005600544899219431,-1.0102287651459148,-0.9870171236405828,49.17905905171433,45.41243979878821,47.146072926598166,6571.156000000003
B0038,41,1.7834859577156017,4.189402399305119,2.1366453580856253,3.6144683724527336,-0.0011494683518749383,-1.010971995271496,-0.9884125593394552,49.180910484252195,45.37067300223374,47.127641701986995,6569.11
B0038,43,1.7864411650415675,4.189825570933335,2.1909799678189845,3.6165883435722845,0.0003421780312953933,-1.0107718854484014,-0.9883512949484963,49.05688408240341,45.33488321338891,47.09918641441624,6558.75
B0038,45,1.7859997608067948,4.191065310739852,2.166402675362294,3.6160610851845387,-0.0008776861119403173,-1.010981301037933,-0.9884509077751611,49.130320508041244,45.3666883339061,47.133209565495285,6567.516
B0038,49,1.7769523773001608,4.18123625379194,2.145739105715045,3.6257089708628913,-0.002240173705937403,-1.011456158958353,-1.003966417823918,49.23198595690627,45.349153657647605,47.15436113022586,6430.172
B0038,53,1.781428917321899,4.185716420658905,2.139096537674337,3.613285312724596,-0.0005589055147479009,-1.0106507915352578,-0.9879674131883375,49.16417337699806,45.3907377329746,47.16342394557887,6554.327999999994
B0038,55,1.7859452772697197,4.189329902417763,2.1550256706410824,3.615119723068454,0.0003825127180461833,-1.0102198577009358,-0.9878892583593684,49.04035070342245,45.422495306806915,47.14213994735863,6560.922
B0038,57,1.785208429691551,4.189967846272303,2.1776344857025127,3.6158365688729885,-0.0003419484616123479,-1.011735169153586,-0.9878187430421663,48.97912041843542,45.33971152172204,47.07812277465954,6559.047
B0038,59,1.783596609584544,4.18974503175606,2.1804158381574807,3.615503145763946,-0.000505416982310994,-1.010295900186465,-0.9877368963424067,48.978872169562095,45.319344488667305,47.07326100880018,6553.781
B0038,61,1.7796783152744713,4.188353739927258,2.1075006723313274,3.6139392243174577,-0.0007226677466988103,-1.0110939875613185,-0.9892953816503839,49.04045996790738,45.31900735151199,47.08146790123274,6540.187
B0038,65,1.7841102592788645,4.1880636486598535,2.1931517470679913,3.61791112455575,-0.0006897029922488539,-1.0105864257560286,-0.9906537351245918,48.958853345028835,45.318765462189106,47.087615537529175,6535.922
B0038,67,1.7833032331592193,4.18971330698209,2.1577326042974923,3.615792342161085,-0.0008946981733087862,-1.010810008103469,-0.989093271752985,49.017772603097235,45.35489550495648,47.09422579980021,6544.078
B0038,69,1.7796186141356956,4.188131880621521,2.1621899189117855,3.6151540820598718,-0.0009220282394920596,-1.0116623289953321,-0.9890153352338132,48.99249018111872,45.341699750585455,47.083185115341905,6531.187
B0038,71,1.7816592334352586,4.188924695577913,2.199945094089768,3.616195897791123,-0.001069921659088593,-1.0098072976535653,-0.9888803362572581,48.94618497316047,45.32783985141095,47.06402084308688,6528.562
B0038,73,1.7775911304124035,4.187542870745614,2.1302151249881103,3.6135506508279374,0.0009597423739816832,-1.0104773124547506,-0.9888372175373165,49.0209427982368,45.31544167688482,47.07142767555465,6525.187
B0038,77,1.777701881971679,4.1857951584704445,2.164304791761506,3.615401963428833,-0.0014884668911372863,-1.0109802413886324,-0.990311695204241,49.014180829264426,45.332649875333296,47.094941474493815,6515.938
B0038,79,1.7789547618270618,4.187443417451479,2.103101288221301,3.6125287354843523,-7.184433314482893e-05,-1.0098115227107507,-0.9886847879265132,49.08755174393166,45.32159821729143,47.0995133510692,6532.015
B0038,81,1.7807753731135043,4.1900372622396045,2.1449886066523933,3.6160020417093457,-0.0018832819877408805,-1.0118882343579725,-0.9902725483840611,49.000307836809725,45.32533979160533,47.07452189489319,6527.922
B0038,83,1.778415319026661,4.188861157517333,2.1205293855533207,3.6145930156040587,-0.0012851043492373203,-1.0109780766463656,-0.9902807469221099,49.05042538685695,45.365121647310644,47.12153419194554,6519.328
B0038,85,1.7789773899108463,4.190060028748116,2.1339834463152427,3.616664144234103,-0.0005079937987579698,-1.0107722282787006,-0.9919115001416685,49.08198729235301,45.41868911230955,47.15829653400459,6510.063
B0038,89,1.7792479347236045,4.187583021759709,2.1093887147366805,3.616763225911199,-0.001015230201776432,-1.0108021856673532,-0.9933993302020114,49.132796873113755,45.40774909091807,47.161612217353984,6501.718
B0038,91,1.7779204573685081,4.1891099360693005,2.098244904990502,3.6149940792944446,-0.00010929684146614402,-1.010302645629404,-0.9915864068538186,49.13552693190528,45.41557788830881,47.155567707969865,6509.047
B0038,93,1.779227040224144,4.18915400521565,2.1367946107881166,3.6159145027179576,-0.000299158440124532,-1.0140415606547912,-0.9915566919647099,49.04172173314357,45.37303438235529,47.13225621283967,6502.438
B0038,95,1.7760634320079352,4.188887533318818,2.103206542363035,3.6146610547862235,-0.00014332884907515447,-1.0115553715036771,-0.9916693008676862,49.09468753497383,45.39506516049286,47.13346886842004,6502.047
B0038,97,1.775103937963957,4.187944942179681,2.1895312972615004,3.6150827947076762,0.0012032850265985152,-1.012686564574278,-0.9899169847459927,49.057064718364046,45.397813850195334,47.176385542899524,6498.86
B0038,101,1.733064100138742,4.182064571336064,2.1594623220347016,3.4389023365216986,-0.0015044782014178454,-2.0155210780038173,-1.998396970742944,54.42193934195762,45.33453649038701,50.154407994251926,3162.047
B0038,105,1.7394892806215223,4.186725946685351,2.023065783993831,3.437169559941295,0.0009989389996633317,-2.0179602336684033,-1.9984033983725646,54.61602412701822,45.36495505272962,50.1979427615177,3173.141
B0038,107,1.7378064360392924,4.189706586585002,2.0028176202456365,3.4370308930893247,0.0015932062780928142,-2.016707594147861,-1.99868797664225,54.621843575697525,45.39942528400046,50.18895736512512,3169.844
B0038,109,1.730028145799833,4.188139594837195,2.061244397117138,3.437230626486004,-0.0026688295855706833,-2.017081976460273,-1.9982781324264294,54.57283441287881,45.35268592716676,50.178407502665095,3156.563
B0038,111,1.7290404566542985,4.189030830558383,2.030738155835073,3.4363115548278413,-0.0008139552240412262,-2.0158658223081836,-1.9983559715990522,54.65884815489962,45.359535861802165,50.182509844874,3155.047
B0038,113,1.7286072907068815,4.189306425000166,2.1901431826977382,3.4394075704239655,-0.002292419952746922,-2.0167581638360677,-1.998333813768599,54.51993729622157,45.3694541622979,50.173666427799,3142.312
B0038,117,1.52573884649634,4.17467236177005,2.11587711023423,3.0455602167949416,-0.0010768430588176817,-4.032121081634592,-3.967012008013358,69.28796559754325,45.3789326962188,58.41948951650429,1485.047
B0038,121,1.5301475534434217,4.186501078488458,2.052769819032336,3.0241360171924403,-0.002002008557110236,-4.032714355951809,-3.9673854309358183,69.86974573152932,45.41210422504674,58.954810986890266,1489.313
B0039,1,0.11903831859341765,4.078325990995359,2.4897962179516666,3.3780267772090253,0.004584448946208873,-3.9816536301725503,-1.7216522308231414,41.68577610887712,24.62407997958134,34.70141183965182,982.938
B0039,5,0.4729861500927512,4.201433690744269,2.4756646285889476,3.5388339739777925,0.001497243525160029,-3.9797908406119102,-1.3777686088249814,42.96184230643531,25.903107974594406,34.602296282226774,1489.953
B0039,7,0.16280793829202067,4.202601079177913,2.497942856856816,3.5283987355327224,0.005367171956079882,-3.979067055149875,-1.3955410359909974,43.606076550083,24.924715387115683,34.706915531211784,1479.703
B0039,9,0.4787632853388766,4.20285727861485,2.480114715641411,3.523734020299432,0.0020694124552397574,-3.9790518292907846,-1.414099580611061,43.90627471664096,25.40086734630603,34.771517765327,1468.172
B0039,11,0.4711383364607152,4.203125866428561,2.4872303300157066,3.5290210250014034,0.0023722115018107223,-3.9782527352191823,-1.4062420604723467,44.013774813837145,25.491662424245995,34.709560141583104,1457.0
B0039,13,0.4668172561120673,4.203130606417118,2.489183697067473,3.528853302126734,0.0018462175602695636,-3.9809499540372766,-1.417553449529416,42.922031048645835,25.669962904687367,34.65890294500357,1437.047
B0039,17,0.4699932676625547,4.199225453541231,2.498492440398465,3.4540436783572668,0.002475045468780367,-3.978769669734932,-1.705386422586468,43.24542727979999,25.358688820343374,35.44499437757343,1170.531
B0039,21,0.4627052684317185,4.201734819728371,2.4971812527928607,3.53257704827921,0.0023925587395744775,-3.9789079743390108,-1.409614813413039,43.86578283702087,25.333653457918995,34.6176662375867,1436.141
B0039,23,0.46049447826560974,4.202672121596153,2.4988010332333745,3.5299976922060075,0.0012351535100332573,-3.9785204745154576,-1.4193953971803481,43.67270130471354,25.396407312266593,34.65017232704175,1420.172
B0039,25,0.4412227248835694,4.202779797627703,2.487295552712161,3.5156652919077627,0.0042437696109340365,-3.9797138222849955,-1.4499971979709174,43.79137016976176,25.348035206167683,34.822277873738145,1397.0
B0039,27,0.44354421943965844,4.202689684084776,2.4958019219001284,3.5295294248045366,0.002970338246661669,-3.982043712047701,-1.4318958455799564,43.92654641714406,25.613816463376164,34.67233382014022,1393.25
B0039,29,0.4126655541164234,4.202868370613372,2.498934011647546,3.52826089394077,0.004713112417416082,-3.979711977994799,-1.4237231581935579,43.36143647499468,25.970671252551384,34.74469432520436,1380.938
B0039,33,1.7461791006389626,4.197294023274615,2.4987062304520014,3.6461406726770127,-0.001169568296067401,-1.0009808343171922,-0.9931771469825759,48.10057733769074,29.839671858442113,44.007524345018545,6375.828
B0039,37,1.7695250734505363,4.204972433209606,2.473002904156423,3.64392186740937,0.0005016857859861492,-1.0025756987118928,-0.9751829593896583,48.36094927051516,45.22052156277777,46.67611297517316,6574.671
B0039,39,1.7715391419501945,4.208448210539393,2.4894344650176916,3.6463500592094675,0.0010422942506089748,-1.0031061081836674,-0.9751939760319923,48.205077970133914,45.172746251072255,46.6383045331837,6571.156000000003
B0039,41,1.770625483958279,4.206898230242775,2.473981445559395,3.645585479395615,-0.0004797660937087429,-1.0000100485815209,-0.9750119009804334,48.181498766889746,45.15084488167503,46.624310116631904,6569.11
B0039,43,1.7704040639447296,4.207946244454896,2.4673788761032256,3.6468115454863126,-6.075481354176288e-05,-1.0011404247002111,-0.9763225329640914,48.22285805925047,45.1191966855263,46.60181681852236,6558.75
B0039,45,1.7695081788801759,4.207227267233697,2.458737817987512,3.6451349051966417,-0.000962449630036068,-0.9997689271977604,-0.9746122484452725,48.311132730789595,45.1673095285089,46.64079559317347,6567.516
B0039,49,1.7638356274269416,4.197666044398925,2.4562277920171924,3.6561026070574316,0.00029238402877627083,-1.0007520082133685,-0.991639778772074,48.31988246057892,45.15832762738876,46.65269866016946,6430.172
B0039,53,1.7715725869786123,4.2045074487347165,2.4379313646643412,3.6458870173477007,-0.0005688615748229975,-1.0001244493615749,-0.9776620652375614,48.191612511475654,45.17501487963026,46.637301691869546,6554.327999999994
B0039,55,1.7701196454489683,4.208084129481043,2.4476008226100348,3.645766068703999,-0.0003949523212586567,-1.0009890843051303,-0.97593374546125,48.22746339794149,45.15954092267382,46.62385161772923,6560.922
B0039,57,1.7667569752860521,4.207142953751636,2.467377500135635,3.6446971444609972,-0.0005866536966315517,-0.9998789875445321,-0.9744225907364069,48.171946839870586,45.131813326335774,46.59535143073503,6559.047
B0039,59,1.7648743629092642,4.207099547920701,2.457416820096295,3.6438349804131214,-0.0006151380058416368,-0.9998571461225195,-0.974188913140975,48.20204512091098,45.131977627080786,46.59281927437507,6553.781
B0039,61,1.763838685943225,4.2078293027865055,2.4702283951852175,3.6455211713700875,0.00033039769243414004,-1.0000003263864055,-0.9756114349265528,48.208085483124755,45.11313471306944,46.595538716376765,6540.187
B0039,65,1.7657225752056789,4.20415549392574,2.47756542534469,3.6442867502271574,0.0011008007880939188,-1.0004178749173283,-0.9755764719558602,48.216947901934525,45.12955206478469,46.61592285314662,6535.922
B0039,67,1.7645632809383045,4.2074857099225,2.480137502417058,3.6438395995465793,0.00036947822785172795,-0.999529179518921,-0.9738254896234411,48.23861432117145,45.16875516476576,46.61306744285817,6544.078
B0039,69,1.7608991948479125,4.207192516257174,2.4411463439008707,3.6432430775983096,-3.1553697800508864e-05,-1.0024734646700488,-0.9753455155568392,48.2409468668017,45.18295040299445,46.60739102749507,6531.187
B0039,71,1.7598362095817717,4.207616345532635,2.4393843779206725,3.6429596917730023,0.002269167264536598,-1.0005732751031589,-0.9751784320040702,48.28638353591076,45.108504377146026,46.59731896053421,6528.562
B0039,73,1.7590955400143164,4.207147287931799,2.49689484054888,3.6431420009845095,-7.198941599677714e-05,-1.0008157279135228,-0.973600435800719,48.23633627651948,45.16546978995064,46.60563234024716,6525.187
B0039,77,1.7560495443976523,4.204165409407158,2.465533668800099,3.6420393576004138,0.003365804504393741,-1.000236431675222,-0.9749580537234221,48.268194411694395,45.13479828788775,46.62474216211915,6515.938
B0039,79,1.7571677199949287,4.206316214831835,2.487866062972102,3.6405822186622365,0.002214118342777852,-1.0006688784958597,-0.9716546701373575,48.25892855404056,45.10814217138539,46.6386326424737,6532.015
B0039,81,1.7558911269459976,4.20729233602744,2.480376897645346,3.640101281169697,0.001332031898119838,-1.000189600537282,-0.9715222945577336,48.27406092264485,45.20463502495329,46.62408082494751,6527.922
B0039,83,1.7533419072229914,4.207400407989978,2.4235129554433494,3.6389138404319192,0.0012971817137517646,-1.002543132516972,-0.9730192985244435,48.37743085469793,45.1700879241391,46.6573959514452,6519.328
B0039,85,1.7506673845335168,4.207172779835573,2.4421166575524973,3.6390963886375602,0.0007773495445484678,-1.0002377370623996,-0.9728763615065116,48.34229218799801,45.24998047297183,46.69850634609825,6510.063
B0039,89,1.7510006664162403,4.203796739473216,2.48916723023537,3.639310178523211,-0.001118737685991733,-1.000266726704825,-0.9727174864909481,48.35205523072366,45.20331722543048,46.70366699259687,6501.718
B0039,91,1.7496058853847873,4.207405098710311,2.486277943958813,3.6382966465278597,-0.0009319974467701795,-1.0005563283787113,-0.9708770463110533,48.36227474052515,45.189542174798945,46.69858207228199,6509.047
B0039,93,1.7477359172183355,4.2069497463433745,2.4621592876012923,3.6368192187368806,0.0010895719436704633,-1.0033647356784487,-0.9707953984260251,48.39407566049798,45.19191150961026,46.68478011498361,6502.438
B0039,95,1.7444225468099093,4.20717367641765,2.419307605326947,3.634846725471178,0.0013117121933103172,-1.001627835766793,-0.9707512160925147,48.40712816602448,45.220409788288535,46.691631182155156,6502.047
B0039,97,1.743308366083936,4.206902271296153,2.498091152649448,3.635905813888798,-0.0003821110311148944,-1.0019022091888887,-0.9689523533406329,48.476824345274245,45.36177950492806,46.752413955353425,6498.86
B0039,101,1.6556691733888471,4.196674813894532,2.4729033909981424,3.470841442961561,7.902741237672961e-05,-1.99287097541368,-1.897442497029331,52.90221489344579,45.15281912576537,49.300859599002976,3162.047
B0039,105,1.64297669457593,4.204257320385259,2.482404434239833,3.4717307267626065,0.0003057882594655519,-1.9925221850874488,-1.8762389619942321,53.04880173105535,45.175764794006604,49.34643167372232,3173.141
B0039,107,1.6343822729361266,4.206474730273981,2.4529055944220666,3.470065952813119,0.00274980229151992,-1.9931619036045067,-1.8688554169399538,53.017440171542674,45.20062768854706,49.35236153077406,3169.844
B0039,109,1.6265067062165601,4.206865048530781,2.442965370421763,3.468937839466871,-0.0012061721648373171,-1.993232599772215,-1.867958006398749,53.07430485716129,45.165184330146715,49.34646841409122,3156.563
B0039,111,1.618865991735961,4.206889463177472,2.450251182214539,3.468115577491925,0.001174161780804926,-1.9927135137255618,-1.8602935835155212,53.15177003577248,45.16598961095791,49.35565140520816,3155.047
B0039,113,1.6114968339209264,4.206575007421019,2.447037438010891,3.467077155738093,0.000181012364478203,-1.9933471273838639,-1.8593916153072554,53.01718592680281,45.25749466770681,49.368284273788476,3142.312
B0039,117,1.3240805773461226,4.189178895374635,2.4740907394153795,3.2199500199575746,0.0017821461933156953,-3.979768153681504,-3.2987153931778748,63.94078057196598,45.18802524583172,55.97390404609549,1485.047
B0039,121,1.3153386221697692,4.204083091786472,2.442276380666166,3.22661988786129,-0.0002871382535949633,-3.979638522408062,-3.2988222829259044,64.14381595669508,45.21433150575771,55.95647115817562,1489.313
B0040,1,0.6734628137095633,4.068028641979544,2.689034363728547,3.2570770872838057,0.0036077535780029025,-3.998404971746896,-2.496194310605518,40.67740211970284,24.62082872256712,34.520854008155766,982.938
B0040,5,0.7913062105760345,4.181329419378459,2.6944224499802396,3.435168668765134,0.0024089033291458876,-3.996235657636858,-1.9461397110184737,41.121867004450536,25.994198997825652,34.02922924081149,1489.953
B0040,7,0.7865824034601745,4.182169713231169,2.6769978869674524,3.4309758033508495,0.00486040227928314,-3.9959369894327645,-1.9452201291903763,41.63283156392668,24.887288378936834,34.012090723638956,1479.703
B0040,9,0.7795871426061582,4.1821186375364,2.675172001926867,3.4348636528845424,0.002742824583498613,-3.9961379781309794,-1.9447435736678282,41.715752737182754,25.42046748387045,33.978388906178346,1468.172
B0040,11,0.7628241523125163,4.181769825430115,2.69268420954805,3.445308801417867,0.003588086616917437,-3.99493304951291,-1.9174672773069694,41.61695629052659,25.576799073105835,33.83721613724266,1457.0
B0040,13,0.7405021514606399,4.181957861733809,2.695919341909784,3.458759767508341,0.0033590979024455446,-3.9985251055256823,-1.8880936368724701,40.41568117134027,25.76953787956401,33.67935609685469,1437.047
B0040,17,0.7783970881100656,4.177687640263026,2.6973035934049494,3.344897364124835,0.0038215675734787177,-3.995894881418469,-2.4160677054793758,41.6427020562054,25.411595862545234,34.856675647434145,1170.531
B0040,21,0.7733165409025605,4.181217465945281,2.680482862570943,3.435394313904374,0.0025829022233452297,-3.9948545437295784,-1.9695300241186464,41.666127528934624,25.317526212535544,33.93437846177736,1436.141
B0040,23,0.7589575236409498,4.182275640250018,2.6867581507978358,3.4407328862516335,0.0023557305933629372,-3.9961314651946203,-1.9553056005388323,41.55823578501682,25.426508881588695,33.87341008861747,1420.172
B0040,25,0.7407399462256391,4.181827468882669,2.674688015022009,3.4424940628831777,0.003996721669523651,-3.996235079267833,-1.9401168646905238,41.25451200429936,25.416232096852188,33.801632457231946,1397.0
B0040,27,0.7446218752617147,4.181567286734688,2.686289969564933,3.4441875855764166,0.004303115440774783,-3.995317141166538,-1.954173143017623,40.054637074465475,25.68729592812578,33.841214598826475,1393.25
B0040,29,0.7149875629820736,4.181983804533861,2.6945279873006065,3.458256040593686,0.0025259929997769504,-3.995361067358871,-1.8954416195145705,40.76452850374992,26.079914426350037,33.68915739169769,1380.938
B0040,33,1.7075144448533202,4.175387518911088,2.682915069119874,3.624872673514505,-0.000602264768821255,-1.0054061310164104,-0.9641877110703866,47.459255426003025,30.40793876001898,44.27504698193625,6375.828
B0040,37,1.730880859428193,4.183371957728605,2.6893633842231073,3.6219123150772736,0.0014828910539338525,-1.0045560878148372,-0.9482972559679383,47.733284854985534,45.24547633823752,46.496780020843715,6574.671
B0040,39,1.7328212845233328,4.185403574589526,2.663011590614207,3.621615017492515,0.0026229121250043296,-1.0039916444953547,-0.9497815137936721,47.68533526444168,45.20853223341701,46.4678468881245,6571.156000000003
B0040,41,1.7317734323431513,4.185139783184118,2.6936866986118786,3.622864388629409,0.0018042054143051327,-1.0035412359730254,-0.9494868615948265,47.67231335727975,45.19187664376986,46.45190241544343,6569.11
B0040,43,1.7341296392350067,4.185518450705473,2.644136217828117,3.6220494199910203,0.0008606575749141533,-1.0033495846328242,-0.9521447667439508,47.70025798751115,45.15940070800291,46.440231939332925,6558.75
B0040,45,1.7334756929990074,4.185427919430507,2.6743889241293513,3.622162963654601,0.0007631387427286425,-1.0030055331887324,-0.9505422244648805,47.70250785089967,45.19743736166483,46.465222077063906,6567.516
B0040,49,1.7243057179457875,4.1761905648713675,2.6812131139529,3.629361907913309,-0.0001414437506866314,-1.0027747249074535,-0.9652916551188272,47.775675904382155,45.18169844616087,46.49072067213048,6430.172
B0040,53,1.7318975861687205,4.182711714289401,2.6999262584848243,3.6234871903936696,0.0030001114825820205,-1.0034382664884212,-0.9515172757333835,47.68448077336878,45.20988132812326,46.47888431603475,6554.327999999994
B0040,55,1.7333691208377457,4.185107481198763,2.6709504481448794,3.6222932883799372,0.004005889438169884,-1.00341328437475,-0.9513915692974558,47.66868390973605,45.19343516358526,46.45480276183313,6560.922
B0040,57,1.732175650153278,4.185322736341408,2.677767553221005,3.622128684193048,0.0018124880766567533,-1.004224655039593,-0.9510427335186784,47.63553822379171,45.15545804699397,46.423098338329766,6559.047
B0040,59,1.7334832776102866,4.185286474015191,2.6464594317551624,3.6212784001178204,0.0007810721939000453,-1.0021217239246465,-0.9524743606309494,47.64097688926351,45.14764232961771,46.417883981463206,6553.781
B0040,61,1.732372495746513,4.185544800435261,2.654408689336339,3.6222214851987244,0.001534788454942605,-1.0037473971660458,-0.95386146065853,47.676606958578276,45.14860423174442,46.41962937983974,6540.187
B0040,65,1.7338175297202416,4.182805883908282,2.6386466599890395,3.621600293236707,-0.0007041590317920718,-1.0028648893332504,-0.9551274962002001,47.670062907549664,45.16610812882766,46.437216774742105,6535.922
B0040,67,1.7329630786357868,4.184959782592119,2.650918288963567,3.621303558836112,0.002176764517084106,-1.0029366943014713,-0.9535557918067024,47.67504818462313,45.177374606616574,46.440515516123355,6544.078
B0040,69,1.7318839084573339,4.184990348881109,2.6471595195723987,3.6217314334668362,0.0019072602179350617,-1.0055702938792732,-0.9547864424869567,47.662264804076635,45.185661755729654,46.438246093452804,6531.187
B0040,71,1.7306960059812662,4.1849433685502655,2.669669356026842,3.6224802575418096,0.0019278382707148395,-1.0035201801507372,-0.9544935502891163,47.65776484346084,45.14987742963427,46.419799968945064,6528.562
B0040,73,1.7296011601947467,4.184970988659253,2.6833023579431665,3.6227913336348077,0.0022952094998644553,-1.0023712414422135,-0.95437046004151,47.65588226485245,45.14126548416964,46.41925960985013,6525.187
B0040,77,1.7296187381064656,4.182014111969684,2.664835318499988,3.6219039988656228,0.002692904416328267,-1.0031895155635666,-0.9556526843949636,47.68924379895171,45.210947731053686,46.442880190211326,6515.938
B0040,79,1.7307198617163877,4.185325352263018,2.695190974478952,3.6231487093600996,0.003312114946849619,-1.0022727458635838,-0.9540072055241993,47.68013294716548,45.29230424711769,46.455010751151,6532.015
B0040,81,1.729274556175907,4.18476201200528,2.659441128426158,3.620727454558004,0.0016503654453088078,-1.004096237718038,-0.9537643838011659,47.69683888709109,45.14346566445202,46.42899601057106,6527.922
B0040,83,1.7297962212599596,4.184831315830137,2.645724055946119,3.620851281939705,0.0006494295255993921,-1.0023111389899824,-0.9552956614335978,47.68346890250753,45.16684104417798,46.44608315517329,6519.328
B0040,85,1.7268942069037494,4.184646274630554,2.686333486141192,3.6223530356435982,0.0028312707466933056,-1.0020932273329097,-0.9549687460528705,47.72656082449746,45.19247918799889,46.477279245422224,6510.063
B0040,89,1.7272191689306016,4.182435522794885,2.67226557137279,3.621799074855713,0.0021612198677544896,-1.0026245473984143,-0.9564508369268612,47.7336433887077,45.23103470317428,46.50566493668475,6501.718
B0040,91,1.7285674981160106,4.184925895802646,2.6426430588133014,3.620827200366945,0.0025490018406792996,-1.0031176329618126,-0.9560639609053613,47.73354479118836,45.21392325686796,46.489529302216496,6509.047
B0040,93,1.726636381605547,4.184718733685154,2.6490836320353925,3.6206286090197306,0.0001232110301356496,-1.0071805506029239,-0.9559267781293634,47.74132595782936,45.17367040602925,46.47422502580763,6502.438
B0040,95,1.7262424141835067,4.1846888191470475,2.65252579490315,3.620461858040284,0.0002453278658436129,-1.0057632619161987,-0.955732355842102,47.737403270809644,45.19280387716116,46.467598009037445,6502.047
B0040,97,1.7252725927602899,4.184286661063821,2.6675427612038987,3.6207850957418692,0.004007469729578841,-1.0036710316885369,-0.9557348422192878,47.780084445812335,45.20413606865606,46.50711933936233,6498.86
B0040,101,1.6668026877455053,4.176406009176324,2.6781395492001447,3.4599911073457075,0.001446300492050024,-1.9993456181076452,-1.8959184882594955,51.74025766413764,45.175135819472395,48.821116047310866,3162.047
B0040,105,1.666754853762041,4.182388453906596,2.6375556284574677,3.459413541721385,0.0008960653767449273,-1.999341108890042,-1.888918960223662,51.80596353207629,45.187403220878714,48.862739172817825,3173.141
B0040,107,1.6583274448761054,4.184674961031428,2.654677503869026,3.4606411813742883,0.0017468007386395815,-1.9995292630247654,-1.8816448898300142,51.79140734732303,45.212555741247925,48.859668212563015,3169.844
B0040,109,1.65032263550715,4.184986819959415,2.6785586854358763,3.4619795504624093,0.0008982892019353855,-2.0008786622241015,-1.8804793058771856,51.7543308845732,45.18333405509115,48.84759659003841,3156.563
B0040,111,1.6493406341242296,4.184706989313181,2.619691419158041,3.4582381856512225,0.0001074086444772065,-2.0047864831033904,-1.8804459095886619,51.86320043661648,45.167687128469275,48.86015453747502,3155.047
B0040,113,1.641919055037739,4.184343189730703,2.6631019561941023,3.460434749861773,0.00043409775515326386,-1.999637685107115,-1.8794616528353505,51.81917888349145,45.18411272626061,48.85593683732135,3142.312
B0040,117,0.425812451177779,4.168100705327105,1.7489828090032307,3.7482973521924325,0.005174105008398033,-3.995168139661149,-1.045884107237702,53.95646661253941,45.19772145178193,49.04132294442338,1485.047
B0040,121,0.5569902643736575,4.1824060069381375,2.5354681123911122,3.653849277043623,0.0035436985419924263,-3.9957706201861773,-1.3616845329264926,55.67880428959517,45.221402560632534,50.17313973556242,1489.313
B0041,1,0.055620243768194036,4.18729715087111,1.9487619326826215,4.033096790443365,0.00020128115577912396,-4.027231208258329,-0.2538350206461251,9.925006929139913,4.842367203458604,7.85677103517608,1063.609
B0041,4,0.05569747261227687,4.1926577100385645,1.9012002130732606,4.014033100816979,0.0011455718787924615,-4.027860931751215,-0.2930461777610191,10.752582877071836,6.524300362048362,7.793067309492065,1067.641
B0041,6,0.05583901629185397,4.191826198838155,1.964899016000036,4.039068503173861,0.0008631061264894026,-4.026399571595533,-0.2593091510630079,10.859754872978824,5.378557794316599,7.471857159027487,1048.687
B0041,8,0.056148059974053,4.192086560129419,1.9253389098858817,4.035518711643437,0.0006408213159168877,-4.027903394302233,-0.2611726955181682,10.755318068306904,5.284928149273979,7.8427380417497545,1039.984
B0041,10,0.05647053159913906,4.192301938512631,1.9131372213178368,3.980423400468268,0.00046837181595033045,-4.02702139786563,-0.3928841337322561,10.897588103290213,5.632949665472469,8.729861757639965,687.328
B0041,12,0.044092291840801906,4.193625714514964,1.8627826858792498,4.032988865305357,-1.6399831212031727e-05,-4.027019202895542,-0.26035562315085287,9.341307040097297,4.480546934340523,7.667746337954232,1047.531
B0041,16,0.05677191308141789,4.19119960945764,1.9143969587004501,4.033685949693059,0.0010205586141612685,-4.027353321308967,-0.2642055168350503,10.393349980789248,6.628503187975908,7.7591749084721195,1038.375
B0041,18,0.056938376500757296,4.192541976485373,1.8935647470508339,4.032799639644717,0.0005444339932608359,-4.026893291710312,-0.2665742084454271,10.096648262126735,6.780818064654517,7.595487830652279,1030.703
B0041,20,0.04440148411312257,4.191749338859155,1.839446966520227,4.024475259565998,0.0028492775870844664,-4.027233078412571,-0.27030775710016475,10.90616342735489,5.017898041246065,8.243992753511499,1010.765
B0041,22,0.04463435818491618,4.192711269669948,1.976983963738619,4.057419271798581,0.00025908640195605514,-4.028689923407233,-0.22596311803692998,8.568134800681483,4.372117181946027,7.468945958924572,1025.719
B0041,24,0.04479872243657484,4.191685049461782,1.873021814547241,4.0272103363763785,0.0008435982225388236,-4.025593484182172,-0.27202714166048747,10.723989411834728,6.640929858135611,7.530653071201209,1016.859
B0041,28,0.04670898780785478,4.191473973303783,1.9477419384591268,4.050486744587676,0.0003838386790028171,-4.026608825793279,-0.23602951698570515,10.069265727154304,4.53011005840237,7.508014036482144,1021.079
B0041,30,0.04495371533089529,4.19266348713535,1.848331298599493,4.0253168657448795,0.0009460881278900264,-4.026925565198509,-0.27348921678770266,11.678125966059154,6.469955100804589,7.7964600722995465,1010.562
B0041,32,0.045219329019542696,4.191170886079178,1.9596888390790306,4.052602606442854,-0.00044032310991563595,-4.026220736016629,-0.2334393540995563,10.184555541046695,5.208455754367817,7.8034524490998285,1003.313
B0041,34,0.04540222414694979,4.191474565768196,1.9992324205815248,4.05448270357176,-0.0005187670496533973,-4.026600353147187,-0.23474919435723154,10.778359079693514,6.500417351920496,7.338169121535551,1006.187
B0041,36,0.04567901224974174,4.1914127894156605,1.9251333188603235,4.049754413243471,0.0023258367985470275,-4.027650788959281,-0.23568926542344776,10.339342995308634,5.173552618385618,7.996082185455724,996.765
B0041,40,0.04552080257033988,4.190379159747539,1.9740055332079238,4.05160764529163,0.000268681546977792,-4.027227829304676,-0.23708766412975693,11.13650452054683,6.627252524001135,7.616516148546487,999.422
B0041,42,0.045728541460242564,4.192073381143846,1.8695092344510635,4.046009584492231,0.014348935166405475,-4.026713712659612,-0.23747574678748198,9.695569312291523,5.166274495344972,8.204866825805862,990.234
B0041,44,0.045860512192502,4.1904893432927715,1.9264050760509093,3.9895918681265607,-0.00019235288570000674,-4.026997259040961,-0.3840869068940257,10.5100184115379,5.760800794786144,8.60158441430347,608.953
B0041,46,0.045983556030275076,4.192034113238024,1.9303413820598547,3.985571015537921,0.00037118291706968545,-4.027300892979811,-0.3994046475100103,10.61900706852965,5.657022877466849,8.142046999932631,586.719
B0041,48,0.04612876296673401,4.191331438635326,1.9192879295943026,3.980535614492745,1.6889090996621283e-05,-4.026869354986675,-0.40701282792967935,10.81117656025071,5.735635064611271,8.360837093570488,575.922
B0041,52,0.0463714545530443,4.183657953138958,1.8958889997737756,4.044423526176633,0.0009680326886943136,-4.026286824191878,-0.22708609506318292,8.406830339250588,4.9668475032215,7.424942900733046,1050.406
B0041,56,0.04642385425314327,4.190189952777753,1.8503922251966067,4.046519260018804,0.0013162081957901793,-4.02722660963012,-0.22827621606261203,9.345446470246115,4.520533362554202,7.9013472750820934,1040.75
B0041,58,0.046579469530564604,4.19007809729293,1.9189577261874917,4.0486772026987,0.002116614515053117,-4.0270290979278105,-0.2361895202725738,10.959408995323104,6.3067293464242065,7.528844792233565,1019.125
B0041,60,0.04672600894839656,4.190880582293337,1.8900554775200376,3.987337891451254,0.0001997700028285643,-4.026309388573787,-0.3826962842101839,10.83821929996881,6.304291214523864,8.9516558822886,618.844
B0041,62,0.046863472432443716,4.191090626108922,1.8174460639575951,4.044136561678348,0.0014902855726429537,-4.028003656373331,-0.23064748794571008,9.713734913231036,4.80906454301282,8.178079824357086,1039.547
B0041,64,0.047123070484888584,4.189832720082945,1.8839750015583074,4.04413456868279,0.0021532698467925148,-4.026666130577684,-0.24064511559111762,11.338971542207569,7.019446543104292,7.858156748807482,1004.328
B0041,68,0.047089685801538064,4.190041335900519,1.8734696416805767,4.043477180478885,0.0006415103510002413,-4.027056277337461,-0.2402450705851821,8.874610339188825,5.856900670262023,7.290664996377678,1005.75
B0041,70,0.04716816990682447,4.189984813034986,1.886110144063044,4.04227054005478,0.00017331577046563503,-4.02788379150145,-0.24333347418814677,10.892975819528624,6.568666933574381,7.329912113720836,995.797
B0041,72,0.047416623395846624,4.189413584762128,1.8739632417811318,4.040909605277031,0.0017978492601650278,-4.027336921885771,-0.24301113896312274,9.921480417012175,6.817369304375435,7.554859379508905,998.921
B0041,74,0.04747365818614322,4.1899380782665405,1.8016696485993338,4.034959849871617,0.00032575533621505314,-4.026557611997337,-0.2444397899790283,9.340703602759723,4.638556646012479,7.849809440149771,989.141
B0041,76,0.04767107168829607,4.189327989081172,1.8542865324237547,4.036614663983007,0.0028725804722429657,-4.027961352078785,-0.24859607381512622,10.415323507314886,6.916642463637622,7.70135529903965,979.203
B0041,80,0.04775614866793622,4.189084331721328,1.843811769338875,4.037642497951333,0.0001001028563430931,-4.0264324541097025,-0.2455503892791554,10.395152109274877,7.049494752714498,7.894047750295666,994.031
B0041,82,0.04783369052905227,4.189241659101563,1.8387012636266087,4.034094593369476,0.0005511151310886249,-4.02660823219147,-0.2514955135210832,11.381000616023893,6.804651865112654,8.037186019526875,971.516
B0041,84,0.047922817158937946,4.189006943800672,1.839823604952559,4.012161986962798,0.0023990220709778957,-4.028071616576014,-0.29997684312829737,11.200598645773905,6.557349570735426,7.949369169721323,810.563
B0041,86,0.048108024971614455,4.189396334961549,1.811117308582499,3.9650186584361826,0.002177850736618702,-4.027982365911394,-0.4022840734511658,10.936042652403566,6.191976348876232,9.047225819573063,599.047
B0041,88,0.04808782735825877,4.189766782198294,1.750577605139322,3.340751046871069,0.0010647316852306916,-4.02709431360029,-1.943108082149396,9.652988520428657,4.533650359311468,6.867303793453594,109.078
B0041,92,0.04842261926326617,4.1899278595155955,1.7948775590357675,3.376535267030834,0.0005095861134542601,-4.0266875108806275,-1.962068668738532,9.298616166335734,5.800887899011662,7.376798555753924,109.17099999999999
B0041,94,0.04798649525462829,4.191983739835927,1.975138784399138,3.516920360081993,0.00034295037115677953,-4.026915576815353,-1.7719212345736952,8.441835425382303,4.728611915735343,6.443867741135219,96.484
B0041,96,0.04822175200495124,4.192299139301579,1.7728949542450014,3.356583779630796,0.00037836403349223466,-4.027342355246391,-1.9559507912713312,10.811071564713467,6.013403221372391,8.159447293088878,109.094
B0041,98,0.04787731566765343,4.193421662600735,1.9302106494417557,3.506509095784585,-0.00038708012406832353,-4.027238471110434,-1.7607054829879765,7.830975218816948,3.6403690820883403,5.5290205453691215,96.906
B0041,100,0.04829032055579415,4.193648125269162,1.9650910927147995,3.5159000773941735,-0.0004599745490634908,-4.02635645614634,-1.7681339646442331,9.120173569834156,5.428811278743664,7.124961498497141,97.015
B0041,104,1.2156494086360898,4.146039771927649,1.9984945380049617,3.3112454225976364,0.002126268495120937,-1.0084814254402212,-0.854360956636137,14.806765885071044,5.275702046718262,9.154846882609299,5608.781
B0041,108,1.1476416320946565,4.165360918422926,1.9980483774045472,3.3541760641303275,0.0015325716425561905,-1.0102145854313622,-0.7981740885950975,13.99744937533934,4.780035939927946,8.881539906101905,5703.296
B0041,110,1.1194574527298193,4.187489255858448,1.969259944196061,3.3570606628058544,0.0015277751086007758,-1.0150463617879395,-0.7810567570267977,14.356275659290002,5.919482194028105,8.750669611128531,5668.032
B0041,112,1.0841325641850128,4.186438859109176,1.9711826686049976,3.360601023233454,0.0034353988646014487,-1.012201146303343,-0.7613195099194562,14.518586105925962,6.049196307789685,8.86215516188506,5634.047
B0041,114,1.0607784232892656,4.1865714064230355,1.992456853950006,3.376453566741124,0.015402344614667095,-1.0155779321659608,-0.7425489892830268,12.628628797798616,4.402765756364194,8.671218071184748,5582.375
B0041,116,1.0170312865626592,4.187026822244992,1.9860813942080053,3.3670420302190878,0.0030485900875226795,-1.0096426599672785,-0.7321893718076325,14.249076739876307,5.9538134669429805,8.757399436040695,5567.329
B0041,120,1.0000374999808574,4.163770340966965,1.9641170559105665,3.364330094542419,0.002327712188412485,-1.0091487810629698,-0.7199523659573055,13.400963787224587,4.303002687643618,8.639658664137915,5528.453
B0041,122,0.991506494786248,4.187200947787786,1.9738816345942323,3.3751162200711295,0.002167212175422763,-1.009833327026415,-0.7118463228821923,13.143596987494343,4.413148229926141,8.65548107609068,5513.39
B0041,124,0.9655644425371017,4.186784389157799,1.96202217374659,3.3621759630641312,0.004775678671593971,-1.009193591238253,-0.7087128423143153,14.777209247015291,4.203006390025938,8.759984675272241,5486.187
B0041,126,0.9383311962439673,4.186125026049552,1.9654140118768377,3.368210631607209,0.003460380138785523,-1.0088082268326934,-0.6979025722864983,14.304402604245366,5.6046085183707,8.830297151200996,5461.922
B0041,128,0.9298903389240268,4.186746028379296,1.9863126768890387,3.370853913355754,0.0022272824153911335,-1.0103209549778753,-0.6933558264284685,14.331273599738246,5.733998101884978,8.799768115250679,5438.157
B0041,132,0.9072117399448598,4.163158535852763,1.9630747982406382,3.3581793261108124,0.003805457706842556,-1.0124340477235452,-0.6902880247189804,14.563719307573445,4.264205845763913,8.745105198865453,5402.875
B0041,134,0.9176870676937323,4.186772472927074,1.9779431503032714,3.37598164284238,0.0028049895931582343,-1.0090835879550415,-0.6857268851295145,13.829855263617011,5.566480675648516,8.946917298516645,5384.438
B0041,136,0.9157430721963028,4.186831658425379,1.9639398858129093,3.375216189144452,0.003690648409006258,-1.0105284011067648,-0.6851603503311268,13.737164003906683,5.435374069240047,9.040543925569377,5344.859
B0041,138,0.9111662690050432,4.186655518987532,1.9702983324374248,3.378276210248986,0.0020335109340240748,-1.0086893503366123,-0.6819162824683657,12.81091218035467,4.471969426664863,8.532733645586704,5305.156
B0041,140,0.8968901443572698,4.18742749688236,1.9730383300739132,3.3576825497066554,0.0018133685396086406,-1.0089940440238492,-0.6894186362655551,14.671197747849568,4.586417910662455,8.782675041661408,5284.547
B0041,144,0.8862133472800153,4.162787419492519,1.9838761544280692,3.372443445163586,0.0039332100550204495,-1.0115567754248007,-0.6747860827784834,13.038382746716444,4.6583539577042306,8.560357801003482,5267.843
B0041,146,0.8931124136187014,4.187165554713402,1.9788346452939312,3.3616482008091766,0.0021419900201196506,-1.0167179389820475,-0.6895848665473618,13.714494392375379,4.736231487596505,8.764133478033603,5229.688
B0041,148,0.880898507091054,4.187045396695641,1.9814002802204322,3.355787384613788,0.00548263768897364,-1.0092383149208406,-0.6897175362541831,14.575589138075149,4.393076091050365,8.765404824218605,5206.954
B0041,150,0.8798879382023741,4.186293612544601,1.9709138772975623,3.3727607964555295,0.0015529494938448828,-1.009966218358327,-0.6799724655286791,13.067203225526347,5.137510763440577,8.755093905294753,5179.062
B0041,152,0.8682347537115443,4.187093036345873,1.963309434324626,3.3509928631825083,0.0011829916275836153,-1.0090929337978087,-0.6917951426190972,14.838581695723233,4.616943449397521,8.893802155578395,5144.109
B0041,156,0.8443569490395516,4.1622764650624795,1.969632856814267,3.3532732844068915,0.002154094041995595,-1.0114348379697002,-0.6809063812932633,14.14400886283852,5.200284242753549,8.81827276383748,5142.891
B0041,158,0.8657093203148538,4.186536627382842,1.9745500537070804,3.3628002392609977,0.0023120161465997897,-1.0109225916210234,-0.68532451408367,13.627764711730384,5.497464666888083,8.817889726396931,5109.734
B0041,160,0.848696904019178,4.186463574636571,1.9757714925691652,3.3571560938046225,0.001279352101969007,-1.008247978169289,-0.6877787777947552,13.996072333026769,5.49154401528712,8.813349159884925,5078.937
B0041,162,0.8364948433646345,4.186593388980786,1.9845398354520498,3.353212474513757,0.0014094178166973621,-1.0087841111125984,-0.6879305049076954,14.227945473001952,5.016845959500307,8.798028132789177,5051.672
B0042,3,1.7287126633755356,4.186140431282269,2.129158438168119,3.4614155612128847,0.0017182819450348265,-2.014638801503157,-1.8939211913974323,36.717449850963185,22.916770992915133,30.57466734048236,3360.922
B0042,5,1.7314706281853145,4.187001880186287,2.1712317301519577,3.4852386922159138,-0.00020116620562418,-2.0148053114573066,-1.919584179064593,35.70113647811508,22.539912627969,29.95773352180402,3289.406
B0042,7,1.7282350363146088,4.187021318592124,2.0952902803723332,3.488650146996854,0.0020564914579724422,-2.015434761164688,-1.9414451091961449,35.604456217007545,22.253302549270135,29.657371849977196,3244.797
B0042,9,1.720344742291621,4.186893543931745,2.1366970037230573,3.4946031502677606,-0.0001845581676960956,-2.0155565107237616,-1.952411218384564,35.76285352997919,22.14576006233928,29.58111945436258,3211.438
B0042,11,1.7221734367707637,4.187506351946306,2.168073033459323,3.5041466859903747,-0.0003839805140552891,-2.015995237854003,-1.9696086717857546,36.007677297437105,22.50193566756556,29.852452033753185,3175.594
B0042,15,0.0,4.182774174856053,3.3813406435619986,3.5813916541827884,-0.0014793412116017486,-2.0156141177062725,-1.9976081862271116,33.431937420119205,23.09569830656804,29.44940696187815,2646.625
B0042,17,1.708669577331945,4.186160728297307,2.139145470034486,3.511927235956774,-0.0016426030143646974,-2.0146673758608302,-1.9934476128094072,36.26317829568585,23.133782244082017,30.133153080135422,3121.672
B0042,19,1.7036476485918646,4.185572306171051,2.0578186631112567,3.509889497883845,-0.0016062938841261412,-2.016448918600222,-1.9997503053848376,35.7623078299739,22.667392403357333,29.740453708978055,3102.937
B0042,21,1.6958375743577971,4.185230831091511,2.0659696365057045,3.508503301766948,-0.002244777297343679,-2.016370882539026,-1.9995857055614814,35.6522927277619,22.397436866058804,29.503354124651093,3089.437
B0042,23,1.6949064846676911,4.185842765241663,2.1287000635251876,3.5093738486555153,-0.0001720142145016335,-2.0173293605362743,-1.999480712152978,35.46408341742395,22.15647191474241,29.324509292718897,3077.75
B0042,27,1.6874768094352455,4.181929749098425,2.0313187007109774,3.5046118772654107,-0.0032857606579941665,-2.0179688284834034,-1.9994501505976243,35.57686579319408,21.97680688887855,29.22569193760115,3074.875
B0042,29,1.685989172917945,4.185220171197086,2.1649043558777703,3.5095049490219243,0.0004905732385570956,-2.018830939124682,-1.9994421818851504,35.388257294125744,22.039358695383665,29.238210532728655,3061.891
B0042,31,1.6782864747774933,4.185080917700821,2.0349571700229223,3.505007993364287,-0.0028296503882772476,-2.019325717882185,-1.999407899212143,35.480764002425865,22.004296473708575,29.20609205353922,3058.469
B0042,33,1.6739647640901527,4.184485186999273,2.181544114739576,3.508074728787427,-0.001279701751986286,-2.0198651097991984,-1.9990854937416902,35.44318242068533,21.977290475494513,29.183920322474094,3040.75
B0042,35,1.6722378801237066,4.1847915856010305,2.113769860085841,3.505745200469688,-0.002652121454792672,-2.019707495930309,-1.9991858462433614,35.53526888191109,21.937196310338024,29.153714127894734,3037.641
B0042,39,1.6759897900491967,4.184774909668599,2.098421577709346,3.5048985290607786,-0.002175708409508,-2.019811604847253,-1.9989914019015806,35.63389752973798,21.827025575894588,29.10632507144163,3044.828
B0042,41,1.6618247672847988,4.183886479555269,2.037616415551784,3.5020910209596536,-0.0028485703598498543,-2.019941517456099,-1.9988805936646044,35.59922975777694,21.89229814678285,29.126742424015156,3030.25
B0042,43,1.6606710352566112,4.185135902762495,2.187174985653482,3.5056874475759354,-0.00015945041076528602,-2.020188403345957,-1.998923841150207,35.43687423276839,21.904699326684245,29.11535255703125,3017.578
B0042,45,1.6530644874507203,4.1851821245426,2.072733153164181,3.501789524982507,-0.0007384060495031991,-2.0200971028016084,-1.9987415414363179,35.61618852753751,21.879984390778024,29.12272547212756,3015.0
B0042,47,1.649953986270456,4.1837159565353605,2.153538168709435,3.5025833976800564,0.0006422289496137022,-2.0220817004003178,-1.9984049924032652,35.607533152172905,21.894505247973274,29.13774561916092,2999.454
B0042,51,1.681297805444492,4.180907860399083,2.0832977472531726,3.5037983873679237,-0.0013752044979968077,-2.0208707402093506,-1.9987909313311893,35.78017086282214,22.055422569884072,29.35747712988229,3054.859
B0042,55,1.6700520424481298,4.1839131722082135,2.199482829433638,3.512523395065813,-0.0009057434365643359,-2.0221682438178825,-1.9987942581899858,36.29735151754127,22.902106092162704,30.058298726634376,3034.875
B0042,57,1.667181860354792,4.186499199755687,2.053610599291471,3.509324438333478,-3.264133466017354e-05,-2.0194606261451518,-1.9986644728662533,36.77407258413331,23.25558148148619,30.335552136245834,3030.0
B0042,59,1.6568865613275168,4.185720302344454,2.0842633816547624,3.507216525411572,-0.00012200872967821821,-2.0196503096891822,-1.9984721935924135,36.689880841645596,23.13255340128993,30.22790176989086,3011.781
B0042,61,1.6449819446579936,4.183888714545253,2.1599889328107214,3.5055185795629873,-0.0016208708068343783,-2.0197092405916743,-1.9985308662699577,36.474588298798025,22.933575068997126,30.04068826163031,2990.25
B0042,63,1.639214585000014,4.18402917199016,2.1678081694534352,3.5041328171645443,-0.0017287035571895096,-2.021433558764001,-1.9984054053915892,36.537300845099665,22.75566941167782,29.995148407588697,2980.234
B0042,67,1.6410599890208055,4.1826825462923845,2.0092759412003707,3.500597395262485,-0.0008327829483928086,-2.0209567624857296,-1.9983882415644911,36.91332213005366,23.092659024881236,30.299545316589416,2994.844
B0042,69,1.6432696512198481,4.1858935294796344,2.0586265993400703,3.5042529973432037,-0.0011614647093873423,-2.0209872934269897,-1.998374293478694,37.19792815636057,23.575970837477485,30.68092451180232,2987.672
B0042,71,1.6298673102402295,4.185186392104773,2.043267705708337,3.501278659398817,-5.5944877781625684e-05,-2.0191972634782047,-1.9981525515062302,37.30788971906059,23.502479291188067,30.663435287795615,2975.1100000000006
B0042,73,1.6238536344658807,4.184091250625792,2.1921151659229676,3.501431066556208,-0.00205587058752552,-2.0193297812824187,-1.9980383822206629,36.91850317978018,23.25101099435588,30.40848004603748,2953.219
B0042,75,1.6186308887044174,4.185322505991986,2.009457332273357,3.4934993616796306,-0.0013207371739492463,-2.021266928188253,-1.9979232246026066,37.047150483309736,22.971790357139568,30.239404481904074,2955.484
B0042,79,1.6193418112441196,4.184033603294302,2.022898050960585,3.491928488990642,-0.00042129067195272854,-2.019754051447638,-1.997803306177237,37.11898525927804,22.750486671200427,30.138707501965232,2957.016
B0042,81,1.614593271326993,4.186164958491378,2.0786601580627257,3.4957274527798257,-0.0010122095977501732,-2.0194164856966417,-1.9980185647316375,37.20592886199134,23.20335228956989,30.49092272629849,2948.219
B0042,83,1.6072040891927848,4.18461988628569,2.0245603644426806,3.4919326250007057,-0.002880976739829788,-2.018937306071589,-1.9977650982407589,37.368553487110155,23.332680948762246,30.52916769412123,2935.5
B0042,85,1.6012663590062357,4.184040894709915,2.1378818450405794,3.4900059195673445,-0.0009847832694445762,-2.0197870445936115,-1.9975731627964834,36.95276259711366,22.939046141588143,30.179619049814637,2913.797000000006
B0042,87,1.5940407410631041,4.184856050801538,2.1834760399486535,3.487760577211602,-0.002366089076090569,-2.019731795851263,-1.9975539729276182,36.815592394057184,22.62107627575683,29.93310245467766,2900.703
B0042,91,1.5946888289374477,4.183683003795162,2.0156684625826635,3.4820338003810947,-0.0006941638440918704,-2.0193579089897273,-1.9973829316274176,36.96422627426333,22.33910192769368,29.855112852408766,2914.031
B0042,93,1.5882100957302596,4.184611325870051,2.0632481862122884,3.4857768989088593,-0.0006398187790150943,-2.019389721774823,-1.9975492343534866,37.23035953747147,22.822384651747097,30.257387669276046,2901.968
B0042,95,1.587985558077698,4.185413957037178,1.9973214087149431,3.484962036012865,-0.00039291175473987077,-2.0213797301297833,-1.9975022770940793,37.46832272742832,23.226244445744424,30.562785800580222,2901.734
B0042,97,1.5799165406650344,4.184723241072492,2.040034213071634,3.4839596946536755,-0.0014477021978065545,-2.019502208637406,-1.997334294795813,37.650592081498104,23.235713853755716,30.59004134732037,2887.407
B0042,99,1.5655946193652834,4.182701394192162,2.11763338483894,3.479594890613384,0.0007887257964197284,-2.02072945969767,-1.9971237584867627,37.16199226931662,22.885196264237926,30.190272809188617,2861.937
B0042,103,0.07070127737340176,4.181775825418943,2.166646513631925,2.7052764231784736,-0.001300388626828951,-4.032113976084337,-3.938418442736194,36.86635295736364,5.7856129033703665,24.183402923813027,1055.25
B0042,107,0.08416878530139071,4.178606054628232,2.1499182639223604,2.679525148874618,-0.0014040617202484493,-4.034013050651154,-3.9351759952435854,38.12553242159685,5.832910464719786,23.826987359225914,1012.187
B0042,109,0.08443785621465827,4.187711795130632,2.1626004782242956,2.6791157950874176,-0.0015910768541789232,-4.034190401454665,-3.9330339281400906,38.33981699002702,6.190532539577355,23.77974968565753,991.172
B0042,111,0.08478919060590338,4.188160354925031,2.174009268733748,2.671214412999543,0.0010617334447227764,-4.032988970431842,-3.931680950777038,37.77196459678644,4.744830301776295,23.729074463498662,982.094
B0042,113,0.09334258183442584,4.147325113187213,2.1861984912538444,2.691575483192303,-0.00047393607634380486,-4.034270870730653,-3.942868822909943,36.82466507220515,4.730017206468228,24.093822128089528,1063.609
B0042,116,0.10603180131397782,4.178007633870366,2.1758569457027304,2.6739113004169983,-0.00046395737528633736,-4.035551171922283,-3.943133668889635,38.55810679258891,6.19069543442408,23.99346261249294,1067.641
B0042,118,0.106505866207118,4.187777600667363,2.1928857082631903,2.674532494466212,-0.00124516242122111,-4.0336360496244295,-3.941238449762143,38.71410921886447,5.756061028005535,24.134267829139272,1048.687
B0042,120,0.09439111585512952,4.187801760321389,2.1962120524397566,2.672674327169749,-7.243994267375294e-05,-4.0344969748098904,-3.940098411106424,38.82770605774448,5.517396127585015,24.399198659580694,1039.984
B0042,122,0.09450595927387112,4.187724346556428,2.177441070098024,2.795919785016863,-0.0023372383400789612,-4.034666797827482,-3.895915337791737,28.576587463983174,5.553047335078787,19.290333517015608,687.328
B0042,124,0.08211456108215626,4.184585351637899,2.1475982200987445,2.647432949750048,-0.0010899874353723059,-4.034572987789034,-3.939911966880655,39.82101597656743,4.297748001576022,24.880141621063864,1047.531
B0042,128,0.09518470631946747,4.174370629404978,2.1889636369151995,2.650103128820241,-0.0008747962133831193,-4.03512977633892,-3.9391677500177606,39.40691039052945,6.1880198679126615,24.484790248053308,1038.375
B0042,130,0.09539129998659052,4.187149567075233,2.1591530449897105,2.6386351740397065,-0.0008121114595693276,-4.03420892483412,-3.938160748076452,39.34611379625948,6.267578933042184,24.324380281877854,1030.703
B0042,132,0.08289664565854568,4.186990272639876,2.1872998670546773,2.641516205964566,-0.001861892207628201,-4.03394881658736,-3.9364453051464534,37.81632351305823,5.120871196805115,24.31173812149945,1010.765
B0042,134,0.08343199036452603,4.187147788668544,2.1645340110741715,2.6361490952131295,-0.0010553441197214642,-4.034576773439992,-3.9374486872527408,39.87139328791911,4.1434430425399045,24.798155128694976,1025.719
B0042,136,0.09624772156495698,4.18639765148157,2.1770285343272047,2.6207075351068374,0.0003041886385817139,-4.034351864470546,-3.9362749816753353,39.50565821587436,6.254954957414337,24.477937441374635,1016.859
B0042,140,0.0871279249656989,4.171541055891453,2.141111284495936,2.609437196185719,0.004795592661441842,-4.0360153311832665,-3.9328752001842844,38.61632478517865,5.41572408589482,24.426888204419104,1021.079
B0042,142,0.09681912182757578,4.185612994515991,2.169659057289744,2.6133279392952935,-9.72148222703691e-05,-4.034406713148468,-3.9348711002995205,39.5809379115645,6.029955350974764,24.529804368213707,1010.562
B0042,144,0.08440054891345107,4.185815228961297,2.181654361966916,2.6084761921076955,-0.0017411040008431158,-4.03395759066338,-3.9340089265905283,38.80523939319278,5.424272480385026,24.521420210496924,1003.313
B0042,146,0.09770121716674529,4.185190800042781,2.152597184317211,2.602763654326182,0.000757118118019328,-4.035821871740746,-3.9338909734981855,39.65831560799121,6.171293375093454,24.626500323697712,1006.187
B0042,148,0.08517426476572666,4.185054518834841,2.1543073222809688,2.5909779927483028,-0.0029838713042761194,-4.036045295099187,-3.933060350490302,38.948661840205986,5.325273797252637,24.561944088587065,996.765
B0042,152,0.08471993544879124,4.168001002398225,2.177098848593695,2.5818616349209504,-0.003022715826767279,-4.034780378871755,-3.9328133118112514,39.202440143533465,6.175186105872323,24.349376846518034,999.422
B0042,154,0.08548836969893649,4.184494029120111,2.1860372690383523,2.5894657078700765,-0.00303181205559452,-4.033579787707524,-3.931442483824809,39.957340694247904,4.661077022364263,24.83962802826491,990.234
B0042,156,0.08577749933433501,4.184245249283899,2.1515100073583078,2.74324665969125,-0.0002365954410871517,-4.03486917319316,-3.8726297778107583,27.779193601334228,5.781013489512925,18.66421642737719,608.953
B0042,158,0.08595553255245832,4.188328512345139,2.186039852986656,2.7253834676969557,-0.0008738851024605422,-4.034128418138735,-3.866632309551034,28.172175880273606,5.959666089901167,18.036688378070966,586.719
B0042,160,0.08614796979658328,4.183150067115272,2.194439659521147,2.719690012340044,-0.002320109755672334,-4.035982933293039,-3.863052351120637,28.019806483186763,5.99603423820299,18.05907472602224,575.922
B0042,164,0.08652450808993331,4.146111713893696,2.1996590897894817,2.615760645023181,0.0008740084244236819,-4.03581430505571,-3.9362026199966365,39.575497528042895,4.479408156056278,24.765477730551947,1050.406
B0042,168,0.08676036428685732,4.168085841455298,2.1361070306368717,2.5894472814365503,-0.0013796716649676448,-4.034670379890685,-3.935267346074326,40.52562745153084,4.209594025408038,25.247650848522692,1040.75
B0042,170,0.08662025389371077,4.183024595509789,2.1419779252621813,2.5730668910828003,-0.0016879895212775884,-4.034567644462774,-3.9325874401041485,39.732594757918605,6.1114866794686815,24.850317398468412,1019.125
B0042,172,0.0869802394927499,4.183194814686632,2.1988863560155885,2.7401588017218352,-0.002427445657589341,-4.035671934777944,-3.8727999832071216,28.137335489275593,5.762629273523069,18.864531156596232,618.844
B0042,174,0.07387787113473963,4.187955458211665,2.122954770697664,2.5703065006615917,-0.000527700833343363,-4.0334227980197594,-3.933637026469155,40.647285732276394,4.11670799614815,25.750153086607327,1039.547
B0042,176,0.08775865702231889,4.182683957990996,2.152849839303629,2.554774172450461,0.0008490808760314476,-4.033737999973946,-3.9300907584627907,40.39876505346307,6.1209352703449404,25.210180888220314,1004.328
B0042,180,0.08790576300272998,4.162514481062673,2.196522899315092,2.569770688194377,0.000294010211596314,-4.033875415877974,-3.930747740189577,40.90163609300309,5.500435881271609,25.400612986280134,1005.75
B0042,182,0.08808784882200178,4.182351033163065,2.197996842344396,2.5650203867450827,-0.002047659702682906,-4.035122004029501,-3.929501181608493,41.18900895779625,6.159046065895221,25.47246500800018,995.797
B0042,184,0.08834250268158712,4.18217351248383,2.1297135396833,2.5498903733729468,-0.000504340603270576,-4.034188562278321,-3.92912394117899,41.34432689728045,6.315637106895644,25.7066698253335,998.921
B0042,186,0.07463055332745072,4.182212563987984,2.167460006041706,2.541309292458781,-0.0013759515805679718,-4.035608644890248,-3.9284467564220784,41.46126781944402,4.142877022607462,25.73079046383608,989.141
B0042,188,0.07485698665122698,4.182029042319134,2.188428099048639,2.532211294556467,-0.001986074495312301,-4.03477323779569,-3.9267682674435918,41.26138545585116,6.306072938554303,25.610151874322735,979.203
B0042,192,0.07527573643141765,4.1594358105794,2.1364927300394707,2.5336398931006547,-0.002589487570254189,-4.035478262157419,-3.9278468443801544,41.67057172451578,6.308430698033009,25.871001272619925,994.031
B0042,194,0.07532351860488727,4.181389260665308,2.191166300272401,2.5300104336765603,-0.001417317889479082,-4.0348123254431405,-3.9256584663973166,41.186747771669836,6.08363611699178,25.600970602838455,971.516
B0042,196,0.07553765302367196,4.1811310594098385,2.1913163423875845,2.5687661609629626,0.000642900107638055,-4.036198260626553,-3.9058724989108504,36.899850438855346,6.053939877888575,22.972831047751573,810.563
B0042,198,0.07584285606128259,4.183136931480622,2.1777089403180425,2.6667675405848916,0.0004867641078371885,-4.035140494431039,-3.863354268170434,29.79153666326944,5.758986455111538,19.739623944709617,599.047
B0042,200,0.0759921803489148,4.186858423852253,2.1316975124246333,3.1051211862160657,-0.0008462779898683204,-4.034942103518998,-3.22393930405399,9.15118085083689,4.3832182010726894,6.0573358126113375,109.078
B0042,204,0.07621652609591999,4.173229464797026,2.1969934922661687,3.133556616526209,0.0011581209737159038,-4.03535806126515,-3.224483832257962,8.639171556267463,5.410302000622145,6.452306826213871,109.17099999999999
B0042,206,0.06216923141552526,4.182309477232018,2.1767041905630014,3.175407439924743,0.0017708340942048577,-4.03389585056911,-3.1336357808131234,8.36040279366827,4.591253062887671,5.8829411130714435,96.484
B0042,208,0.0759822277461493,4.179128534299532,2.137070814591814,3.102016459243783,-0.0011780329669630765,-4.034621719624155,-3.224095150373821,10.13355592147926,5.611697555798786,7.141415346306763,109.094
B0042,210,0.06227013548943564,4.181278186068862,2.082550981383133,3.1454428736631384,-0.0029746030201113173,-4.0354552764801035,-3.134890688113641,7.825436879589506,3.445726070155866,4.976092805264432,96.906
B0042,212,0.06259446608798445,4.180985964629633,2.144385419639702,3.1652602154514007,-0.002155790769271562,-4.033746345766042,-3.1337747765377175,8.862063004604039,5.1212840136675215,6.411857494253951,97.015
B0042,216,1.4377344766079456,4.091725418867881,2.1679616860507585,3.375833171038118,0.0007729257222862269,-1.0117101728405982,-0.9606132638664066,12.075623262738652,4.866447950679472,8.336150156814936,5608.781
B0042,220,1.5246019289244055,4.159841572444575,2.1808501795778437,3.4250125349211604,-0.00046618949845138953,-1.0157168253561746,-0.9944195894158236,11.61044167945082,4.392392021662698,8.088311260303593,5703.296
B0042,222,1.5215273965539478,4.180350451491815,2.148712088809679,3.427812476893316,-0.0013941777112871086,-1.014585811777543,-0.9986292541736457,12.416393344856289,5.45862942281849,8.108636077883194,5668.032
B0042,224,1.5155323631175952,4.180484652340476,2.126630218048744,3.4260236276092266,0.0004917354460156597,-1.0152252739169738,-1.0007710730973127,12.741907914911504,5.378401802765508,8.179473273978417,5634.047
B0042,226,1.5044249661534554,4.179828984428225,2.177720591678305,3.427137964017458,-0.000375861507562752,-1.015528714589196,-1.0029400958959638,11.812176644627149,3.9425222197783962,8.133323147997125,5582.375
B0042,228,1.5001507149498807,4.179688473119865,2.1738551413791023,3.4224753028837007,-0.0017314201089289405,-1.0152994782253595,-1.002976218809888,12.77319183354637,5.433875343316513,8.221548017024785,5567.329
B0042,232,1.489011227320312,4.156718320546126,2.1739453453589515,3.4137666152192327,-0.0025000475145131695,-1.0156907563945252,-1.0029036577307848,11.714847602816855,3.948091350954695,8.196033184015114,5528.453
B0042,234,1.4810149357562845,4.179126280631904,2.1496986936751377,3.415284661394718,-0.0012569793191836165,-1.0141702039281322,-1.0028526103336208,11.58953853216132,4.856942399753029,8.16363192494008,5513.39
B0042,236,1.476262027748574,4.178321190076967,2.1308714510516316,3.411339830211172,-0.0019003583424086314,-1.015116075388854,-1.002761137143926,12.228023164640563,3.7743106596445495,8.182297960881899,5486.187
B0042,238,1.4662551025438961,4.177914160605347,2.1249846428522594,3.406171736681637,-0.001235670588422102,-1.0161898571210812,-1.0028500275234071,12.995413081963957,4.866093726205865,8.239851195999249,5461.922
B0042,240,1.4593282593817019,4.177668141485771,2.124079082604729,3.404061107280645,0.0005687903234577565,-1.0156335856045817,-1.0027529355519171,13.00690019959285,5.064328187477132,8.314381068196377,5438.157
B0042,244,1.445704157754381,4.153042890139087,2.157698091133544,3.3920891926927386,-0.002021243389795451,-1.0151373782288406,-1.0027471224260915,13.003396618491456,3.7607493206822635,8.203300249486228,5402.875
B0042,246,1.4400686089389023,4.176783274878805,2.128860427750212,3.3962072676781316,-0.0017615914551981737,-1.0156661309978001,-1.0026619793717584,12.802739574235913,5.127499040352615,8.252382764570392,5384.438
B0042,248,1.4290313659547842,4.176835821672092,2.162828573021361,3.395827065629725,-0.001295845381980595,-1.015570651710456,-1.002740647957347,12.748426837127603,5.268947360045857,8.247452041994245,5344.859
B0042,250,1.414172188151386,4.1765571620332524,2.1882897882574714,3.3924931276502397,-0.0024425355844481696,-1.0147574189655577,-1.0027179745166037,12.453422458173545,5.033635313790021,8.179356055314594,5305.156
B0042,252,1.415603079129078,4.1766999837334025,2.1285029465259013,3.389283502389414,-0.0013228207107746923,-1.015910590106893,-1.0026894950538923,12.169150023943399,4.9905387057055535,8.33800631225338,5284.547
B0042,256,1.3994410223300702,4.150196439454072,2.158726692822152,3.377876069069322,-0.001649295270730888,-1.0159094949842238,-1.0025103497063337,12.726444405331803,4.9273863857427855,8.293330795902381,5267.843
B0042,258,1.3959635285794907,4.175707583064406,2.1998128745691083,3.386987302997725,-0.000597670991539855,-1.015635228418542,-1.0024134076376698,12.125723483812017,5.217565120870593,8.373136255476883,5229.688
B0042,260,1.3929784652630588,4.176508363415245,2.1540885607694915,3.3829130588839496,-0.0028143667405868696,-1.016152801679653,-1.0024655689800792,12.113502869241639,4.923982446005675,8.329037453715973,5206.954
B0042,262,1.3740772023800918,4.175329405348679,2.159795216779738,3.3774651407729346,-0.0010365158630051465,-1.0151802085458579,-1.0024461693775721,12.960410174687055,5.5619286658367235,8.396128944133206,5179.062
B0042,264,1.3752493030002435,4.1751813693585715,2.185043715780537,3.3780934843236405,-0.0007376994377314608,-1.0146961801450893,-1.002355515867145,12.426232816501301,4.134321617243554,8.43692173445999,5144.109
B0042,268,1.3671966130854505,4.147372136171002,2.1784898920030544,3.364163079749717,-0.0015101895474657527,-1.0153472628222506,-1.0023378437056385,13.217541890864759,4.481717410647008,8.419794670115083,5142.891
B0042,270,1.356887600783644,4.174822480867543,2.189853076065801,3.3705853863809336,-0.0011949572748057567,-1.015989585590983,-1.0021679698004895,13.047668558877342,4.950165168661344,8.409805733876953,5109.734
B0042,272,1.3449320225969348,4.174669508085626,2.169597235193881,3.366371835007897,-0.0003718638051042368,-1.0147917391902936,-1.0021759719497005,13.073094195785368,4.931862010617464,8.370055044633526,5078.937
B0042,274,1.3374691704584258,4.174072805021775,2.153907127504055,3.3609438971566736,2.465679595063534e-05,-1.0152446711938672,-1.0021900129076768,13.279102890770861,4.286490828675208,8.33428157906845,5051.672
B0043,3,1.713782642126885,4.204104775621549,2.421307986424623,3.475911687674208,0.002759030854540164,-1.990987822798042,-1.8551004388985552,36.84241052511593,22.74851289531124,30.907894474048284,3360.922
B0043,5,1.6955681658647108,4.2050537738824865,2.4612810169393184,3.4897388185035,0.001860661440889201,-1.9917802328214218,-1.8688899233782812,36.2511342416132,22.372949334869002,30.363796429604484,3289.406
B0043,7,1.6814906372051954,4.204546702288046,2.3997609695216755,3.4901234321768033,0.0006171347576784951,-1.9921619298055877,-1.8840563804062687,36.12855723169499,22.121030952775914,30.07611798184701,3244.797
B0043,9,1.6786372409532953,4.204756646870948,2.399740066713552,3.4940185374934947,0.0013219649313469717,-1.9914034366675073,-1.89408796703159,36.352517880569266,22.079578018864606,30.05896964075817,3211.438
B0043,11,1.6694168550864992,4.204750835132976,2.3786378834863195,3.5005489873453817,0.0003667088363332359,-1.9917916805558111,-1.9103670337506284,36.75256708066779,22.548068572848898,30.417149405736243,3175.594
B0043,15,0.0,4.2033864964434615,3.3579241790202077,3.579339612317741,-0.0024452219143259197,-1.9916737594555385,-1.9739982626160064,34.26334191029433,23.111690837240317,29.92385834200675,2646.625
B0043,17,1.6611938521224778,4.204901465726193,2.416288536712014,3.507465391169604,0.0008785937306626388,-1.992343743472965,-1.9268034708959647,36.83142721849718,23.28940869791394,30.617574721987218,3121.672
B0043,19,1.6506423382064332,4.205123789023272,2.3791815969853816,3.5054667200956016,0.0006505199361241833,-1.9917617417601157,-1.9324769674832156,36.54735803665934,22.825651927649513,30.258236869364143,3102.937
B0043,21,1.6424273190907783,4.204720843069481,2.4666546752460183,3.505146635224542,-4.053565775769004e-05,-1.9926632981632448,-1.9255143226505498,36.223678523702304,22.28596476376554,29.936684037867014,3089.437
B0043,23,1.6353664801041328,4.204351643955918,2.429311406516166,3.5024428414174498,-0.00030013254677948605,-1.9910210969809978,-1.924996304077744,36.16960256825446,22.04776019407551,29.74762436888935,3077.75
B0043,27,1.633232875930849,4.203254409200642,2.4024069940444392,3.5007336141613488,8.03685131861218e-05,-1.9917602339187832,-1.9244448695912972,36.19613432531801,22.03233666280654,29.699035458962353,3074.875
B0043,29,1.6258840554387932,4.204230992986033,2.406157541131262,3.501947249481621,0.0007316620638213458,-1.9925408228773611,-1.9239340941617735,36.217566438813456,22.137944786719313,29.746622188626663,3061.891
B0043,31,1.617976174654771,4.204061240829561,2.415785415380386,3.5002499918856302,6.37208826967672e-05,-1.9923230772192122,-1.916896100852633,36.09047688646367,21.93064744860828,29.642987306218718,3058.469
B0043,33,1.6136652707273988,4.204423283955662,2.400209592232293,3.5007698538114447,0.00136296002377789,-1.992372409835,-1.9227329924422065,36.148984496134304,22.073666648142986,29.6639395578783,3040.75
B0043,35,1.605821026619692,4.204490583977483,2.4374747406672226,3.5004947608560313,-0.000496059063857326,-1.9935372199400445,-1.9157256805286993,36.15795969792578,22.049002397470606,29.637650852441404,3037.641
B0043,39,1.6033527961961531,4.202477824031488,2.3865949081957893,3.4961700451758575,-9.649659603026656e-05,-1.9925774400879446,-1.9087255587088567,36.16956081888435,21.794239658347614,29.593597067401642,3044.828
B0043,41,1.5951342406182645,4.204489330076927,2.4489169685849195,3.4993157107183803,0.00044862616801423353,-1.991618906287858,-1.9078668399519791,36.13182777424954,22.03954138522161,29.63922727943673,3030.25
B0043,43,1.5878135544728507,4.2049536620331756,2.4933649317176108,3.50080829213355,0.0006829786283691177,-1.991997740216363,-1.907455457642798,36.12995412374782,22.218607583795134,29.666195384468185,3017.578
B0043,45,1.5800601969084245,4.204018303566451,2.473993010608268,3.497552326899387,0.0008361130921469012,-1.9916623493440428,-1.9000139238260703,36.115379230424814,21.880054590809358,29.635949832755518,3015.0
B0043,47,1.575565087879128,4.20390099564762,2.4568566798816054,3.4969748978677377,0.0015714835841860021,-1.9915432702858618,-1.904134059211754,36.260266208231016,22.09491692470087,29.671876354508125,2999.454
B0043,51,1.5950169012164208,4.19682124697899,2.389783772934692,3.4931433851686124,-0.00017630845209682796,-1.9935482540074148,-1.8929472665362916,36.73407518988127,21.939777569258517,29.993152820136338,3054.859
B0043,55,1.5898075522577595,4.202479371762253,2.3834815017568327,3.500270597096414,-0.0008798809511987908,-1.9935266008477734,-1.8991542942688262,37.354359945059734,22.790100143073218,30.681276254794994,3034.875
B0043,57,1.5807953202097411,4.204284851556785,2.427559147580718,3.5026578112869,-0.0010677904511500582,-1.9920971011220756,-1.8917722041126424,37.40944456827136,23.147488082629188,30.871236598447616,3030.0
B0043,59,1.5704333289187615,4.20378732342866,2.458384607788224,3.5018704137639554,0.0008091845029971647,-1.9921457624515235,-1.8907827482284796,37.26366414928814,23.181964893680906,30.779999574712413,3011.781
B0043,61,1.5643368431897877,4.204330620589128,2.394787213470724,3.4967579517606566,-0.0009103473917132046,-1.9912425550809054,-1.8968520026147064,37.270027909781355,22.828460913409543,30.581480715523952,2990.25
B0043,63,1.558307017802491,4.2038717516378,2.365525236922006,3.4938467732797593,0.00198953894941226,-1.991041676372342,-1.8960710046785778,37.37612563137064,22.613478996348647,30.546605962885614,2980.234
B0043,67,1.5537149289772467,4.202475048160179,2.4742728824322295,3.498085824975237,0.0006647374957945685,-1.9909446444723564,-1.8818174142025106,37.57568180724724,22.97635708986064,30.92329503843904,2994.844
B0043,69,1.549528250585513,4.203857283529741,2.4720598546819113,3.499824440494276,-0.00040864320078743793,-1.991996113254465,-1.8812480163452203,37.80943515485114,23.466158715991067,31.225884514077716,2987.672
B0043,71,1.5424430535161062,4.203991230539982,2.4838780206846622,3.4987433448544607,0.0007408592528157625,-1.9914446702730202,-1.8805764098134792,37.698369730936356,23.535242082118458,31.163201064541546,2975.1100000000006
B0043,73,1.54256227031715,4.205957997721127,2.4291754256355516,3.496873891743175,-0.001334783122954133,-1.9937155470584818,-1.8940750825904094,37.67202323454292,24.066452352307945,31.130645067035932,2953.219
B0043,75,1.5309356452520158,4.2037856859347436,2.397532773087188,3.4895372240361704,-0.001418515211249006,-1.9926097349240806,-1.8790362639465747,37.5846177818102,23.210579274230103,30.837232735283838,2955.484
B0043,79,1.5247733176952427,4.202128090345783,2.435189655089205,3.4871652344467075,0.00013009460923417472,-1.9922654806203883,-1.8710836448265253,37.57163850758581,22.6005385062199,30.641318807832377,2957.016
B0043,81,1.5196742408779502,4.203512527913386,2.4649257198080514,3.4906015804101496,0.000756935917929289,-1.9909690488532357,-1.8702004234947458,37.83811660125229,23.044631321913247,31.01732542847249,2948.219
B0043,83,1.5123696925788683,4.203182025095136,2.4457109146915506,3.4876146185117345,0.0010801247264375174,-1.991978047763166,-1.8695581981674536,37.76120652410461,23.15753369175818,30.93897323974993,2935.5
B0043,85,1.499914486202397,4.202993560256935,2.4807762094187127,3.4842857075179094,-6.834459439358272e-05,-1.9913479340556113,-1.8681373339121092,37.43416840833683,22.75595694417365,30.585360437692227,2913.797000000006
B0043,87,1.4924106271188253,4.203399051569862,2.482626305221594,3.4811070895804797,0.0015269350505374489,-1.991255410410246,-1.8672666650634016,37.31899313705125,22.49213732688199,30.3648233882985,2900.703
B0043,91,1.492624987952706,4.2008898664224255,2.397470273055264,3.475104459646633,0.0014447698059237995,-1.991416403593573,-1.8594886102216435,37.586047363350716,22.19536882270379,30.432401864910737,2914.031
B0043,93,1.4924024018806028,4.2034382985534515,2.370171214445116,3.4772044059441005,-0.00028403975197592167,-1.9932848499087765,-1.8662699457286134,38.06717620893625,22.683699351856536,30.831835959630617,2901.968
B0043,95,1.4853020201751674,4.203125269256038,2.4670029904490636,3.4821729368749876,0.00011778646513073094,-1.9915678335386535,-1.8580509519301622,38.034298138732915,23.072158171530635,31.094991080529404,2901.734
B0043,97,1.477208127101587,4.203051054659131,2.476788514821077,3.4803385610467843,-0.0001800246189846829,-1.9914103858193752,-1.8570868946683126,37.8850432804777,23.07534146448387,31.038470618761803,2887.407
B0043,99,1.4694738525181406,4.203121514305449,2.4014857684023228,3.4714831954460226,0.0004906338413997106,-1.9914698934009563,-1.8634355664455715,37.72173567628911,22.67357072841237,30.652253424171764,2861.937
B0043,103,0.057034391042653794,4.199278377795993,2.4576176811598773,4.05715902963358,0.00012271762362573506,-3.9790202106481383,-0.26538241903639787,10.169699784021773,5.6941618212199705,7.628394260109583,1055.25
B0043,107,0.0571536334895882,4.197486385695169,2.427637650375664,4.049827246639277,0.0005520917621009688,-3.976994268390442,-0.27790699151072984,10.073103559906277,5.765062136960731,7.4649167649876285,1012.187
B0043,109,0.05729366005937665,4.198105245504659,2.4427831763874552,4.049066061935538,0.0014480996432118885,-3.978414173747544,-0.2845068500189359,9.363713069880482,6.072122727432658,7.503302872635532,991.172
B0043,111,0.05744203185278054,4.197970873673746,2.3604432554634345,4.044551430084685,-0.0004245114604187849,-3.978020094727615,-0.28818241995759014,9.49837575629517,4.827395779527931,7.637968852421283,982.094
B0043,113,0.06713062107721124,4.1944764420212435,2.381932819122213,4.035830307373486,-0.0014801606712992075,-3.9772827671809017,-0.29738235564582266,9.502985965829737,4.647097871495842,7.608951449591351,1063.609
B0043,116,0.06714781920234739,4.197752247409493,2.484673285435373,4.044589005651629,-0.0015909297354780695,-3.9769644736289558,-0.29734862514364657,8.979535773958249,6.121120472903962,7.076698354969239,1067.641
B0043,118,0.06732001211690299,4.198570311408386,2.4449132183808002,4.04142282173358,-0.0015168801551566273,-3.9766535760963024,-0.3034723285432028,10.239009824535195,5.463217277420028,7.203287534892745,1048.687
B0043,120,0.06784038051613318,4.1988415529393635,2.3975988971956834,4.038238044394062,-0.001906841759292056,-3.976962731071752,-0.3066704492321664,10.120757638084276,5.309197793992613,7.515405447362731,1039.984
B0043,122,0.06799604927210635,4.199385029561721,2.3944641668469124,3.9848046527051646,-0.0003255228386646401,-3.9770413411476904,-0.4602932757726641,10.16908687877008,5.448346729575731,8.284967270173246,687.328
B0043,124,0.06828011147886554,4.198510355333928,2.484746371426068,4.061944839809303,7.43883165125051e-05,-3.9768840982044757,-0.26354071255954326,7.981964148617724,4.236925977594628,6.857064194557378,1047.531
B0043,128,0.06844632943125976,4.198662948375451,2.439654912409003,4.0390164727182745,0.0006754476534428327,-3.9773559134401215,-0.3098209489247125,9.506796063481339,6.0787828590077835,7.332807580550581,1038.375
B0043,130,0.06851361914788083,4.197798424948824,2.4090725568197633,4.0361346398417846,0.0011478493232138925,-3.9777598539045798,-0.31356071971779875,8.947219582076908,6.154364735395251,7.093409222592422,1030.703
B0043,132,0.06887402435616684,4.197881021158161,2.4859989490669228,4.057393658498293,0.0004278373832344988,-3.977445240880274,-0.27513448834106563,9.048570192927317,4.3882703022466245,7.192057776504479,1010.765
B0043,134,0.056544389321695726,4.198733839270603,2.4347562857307143,4.057321348653442,-0.00022550053567087114,-3.978076611417741,-0.2716683318033776,8.214832927581378,4.0727536142424885,7.020826540727179,1025.719
B0043,136,0.06918353164189846,4.198110326587282,2.406517387646374,4.033634353087378,-0.0008470022568792757,-3.977528651299922,-0.32019609515703706,9.472969870923514,6.130931936896288,7.160800567147388,1016.859
B0043,140,0.059122086455436665,4.197869647773584,2.451707097247213,4.051793890502685,-0.00037527756837162004,-3.9778198232377036,-0.2847656836072143,9.447247671252791,4.3296755936289975,7.125807255445202,1021.079
B0043,142,0.06956120084140223,4.197430661878491,2.381706206862016,4.030996821807475,-0.000748195669588448,-3.9765929339855948,-0.3238806690763745,10.624675414528705,5.931364219681455,7.276161437071745,1010.562
B0043,144,0.07017897804376615,4.197964103178539,2.474242037374171,4.055018337093391,-0.00016108190289182157,-3.977735314263721,-0.28177752116071475,9.289965371994613,4.553904275309285,7.0723476874628055,1003.313
B0043,146,0.07028148183862523,4.1984290827154815,2.3764067993680786,4.030113750605147,-0.001510018083077162,-3.976763233599402,-0.32764641388558274,10.405043941704964,6.044513643187531,7.211729709283271,1006.187
B0043,148,0.05787364202878375,4.197776325811346,2.444206792905019,4.052423434416539,-0.0008120789444715858,-3.9775998337681004,-0.28464369596708927,9.269985860917538,4.364509412911411,7.126821145688813,996.765
B0043,152,0.07056618554293374,4.196951926227284,2.3625240054533236,4.027129856353761,0.000640497809531067,-3.976739739726006,-0.3313651943047909,10.696409617431332,6.077075790728183,7.168249960966138,999.422
B0043,154,0.057989410208958,4.19797990922366,2.3656545996286327,4.048117106628375,0.00039071341532208976,-3.9778656380270108,-0.28836663731547013,8.841145903774922,4.55380785051336,7.434058256465138,990.234
B0043,156,0.07129266446800787,4.198154349205609,2.4649338982361098,3.9942812603304247,-0.0010638110949864612,-3.9773621490207614,-0.4625693034020786,9.601778804173833,5.41531757857979,7.930969485581617,608.953
B0043,158,0.07146546557664281,4.197870451831717,2.4780138487049133,3.989213116660272,-0.001376465906585161,-3.9771300354377037,-0.4810643118406535,9.775871193110238,5.424102617329487,7.59327498772461,586.719
B0043,160,0.0716254973792324,4.198411457661763,2.467345657591589,3.985650654864829,-0.0007371586631494323,-3.9779080167511784,-0.4905753520009799,9.77507439966935,5.349078288975341,7.6206831277866485,575.922
B0043,164,0.07192596356272017,4.194430059860958,2.453991394977099,4.052984666529467,-0.0008066057021680428,-3.976499927125273,-0.2752743573987098,7.9530776238610095,4.474576539395464,6.882286937183749,1050.406
B0043,168,0.058840095111364746,4.197497159574681,2.3794329527267557,4.051719519499582,-0.0008539388694312755,-3.97769541756124,-0.27838097907948867,8.70377999346024,4.153878698717327,7.3351511578492685,1040.75
B0043,170,0.07213853480103966,4.1973835054560045,2.3452670801496267,4.026760095683099,-0.000599176020015696,-3.97788488306095,-0.3315356390651545,10.861930060972163,6.015547943973044,7.3668189489801215,1019.125
B0043,172,0.07231835711877917,4.196870024472014,2.474574662858291,3.9942222633789237,-0.0013997887913588937,-3.9787860145489566,-0.4626293854853942,9.628805360691263,5.519490782480637,7.9936664890195335,618.844
B0043,174,0.05938170626668099,4.198079959089733,2.3452420900020043,4.049966366718909,0.0007575854373163767,-3.976902186853475,-0.28159998506577105,8.740129795491647,4.052220534177486,7.296477939821086,1039.547
B0043,176,0.07294488485625279,4.196857869022103,2.4837961610187183,4.051191449078818,-0.0005707548659945959,-3.9770017267086653,-0.2915968889897802,9.890833414808087,6.005361361292126,6.946289418376631,1004.328
B0043,180,0.07306917734079586,4.197040748347509,2.45187326606884,4.0502554179984545,-0.00028751755211658785,-3.9765911746920217,-0.2912181433078148,8.123599018265942,5.433024970832323,6.902633045655659,1005.75
B0043,182,0.07317054128128272,4.196682246183551,2.481690176251403,4.049866693334642,-0.00043086543776372854,-3.977587594021444,-0.2948913004839587,9.54039758015595,6.034976417915098,6.896174405116905,995.797
B0043,184,0.07347430293304898,4.19696998692681,2.469341225978269,4.04947173354325,0.000566170127430035,-3.976125848069426,-0.2952176989493163,8.68981677408595,6.174377163607433,7.035611200131563,998.921
B0043,186,0.06010697591831878,4.197583527373011,2.3359478200885606,4.043702193909917,0.002092932679302835,-3.9770473107829605,-0.29899741830480414,8.648121468375715,4.10069315022509,7.22435677434366,989.141
B0043,188,0.07383162509955737,4.1970633301567934,2.455991331590063,4.04662199809222,0.000527592679423842,-3.978121135361649,-0.3025440962097056,8.766749021949757,6.147828164497968,6.990028087646541,979.203
B0043,192,0.060495215307428206,4.197323566834658,2.446533765156367,4.0478344519741825,9.953877011578583e-05,-3.977738911880702,-0.2990404522680275,8.697295284987012,6.172157666098706,7.072814815985095,994.031
B0043,194,0.060604010237618126,4.197136062671134,2.4401050698854356,4.045020633492667,0.0009262238803689249,-3.976381485366203,-0.3062477823294265,10.097658187656732,5.955478541850807,7.152123066131912,971.516
B0043,196,0.06073438432235217,4.196810616000894,2.426379928299938,4.0242391243497195,-0.0006326592603038144,-3.9788388766990823,-0.36568183307963065,10.08193635042433,5.93392326449305,7.40243656537614,810.563
B0043,198,0.06099653048237791,4.19749831364625,2.3818713355998336,3.980071334963229,-0.000539587012327033,-3.9767622508780898,-0.49053400510100387,9.867385484495305,5.662764662746331,8.281671008133785,599.047
B0043,200,0.061130459259873135,4.197443547761606,2.259462555169981,3.3967939181762525,0.001861794000618719,-3.9769579428175974,-2.3863012371136616,8.668191215610703,4.29842713475425,5.990209166830171,109.078
B0043,204,0.06129124410987595,4.197249677217233,2.3642680452849265,3.4366476653788816,-0.0026713391993762005,-3.9767291231283286,-2.386978959718076,8.230234796537065,5.435730330132727,6.4435194897145704,109.17099999999999
B0043,206,0.06130329065804092,4.199324238157774,2.2200788093903734,3.3244665701392724,0.0013875928608605053,-3.976784600681961,-2.6498487159567716,8.3473989032227,4.4438076049213855,5.804997367748431,96.484
B0043,208,0.061151661574090986,4.20125127915007,2.3089650825269894,3.4223166127184776,-0.0003253066180622895,-3.9777976422643935,-2.387047276888483,9.566970302021362,5.558814897540426,7.064649745993309,109.094
B0043,210,0.061405387192057306,4.201927103230439,2.4643253089090313,3.517134909435146,0.00015926819003148751,-3.976527780195651,-2.209874839881083,7.155555764844436,3.3754160017304455,4.857763577409316,96.906
B0043,212,0.06175780765942851,4.201871725413588,2.227174478989743,3.3308466979658498,0.00036901399687716557,-3.978417528616236,-2.651553384507515,8.849096539219643,5.025619206039836,6.365147956644147,97.015
B0043,216,1.5250840516518187,4.151713316448254,2.487710804240493,3.4693912792577155,-0.003571095626999674,-0.9989196316837596,-0.9908307773272778,11.059155779143234,4.8323692369241,7.784854957371514,5608.781
B0043,220,1.552568811301301,4.1860990142535135,2.4700528908595785,3.4896631252373917,0.0004325901221601669,-1.0004222702851215,-0.9917840133525034,10.464754894665266,4.332623990652337,7.677310156075022,5703.296
B0043,222,1.5427752626774387,4.20024763178396,2.4917865311625422,3.4883481289690543,-0.001504452154232964,-1.0013749229178603,-0.9917267979357508,11.117824082083432,5.517278023626756,7.720355963617298,5668.032
B0043,224,1.5331932831264679,4.199618145627328,2.4681420264399123,3.4828518772266346,-0.0029166043859581714,-0.999906490000437,-0.9915700758751732,11.465947003288688,5.290754145842495,7.795012554263815,5634.047
B0043,226,1.5152721949172019,4.1989206972349695,2.4840346404021036,3.4797712380230035,-0.0017843806336135864,-1.0000803262722175,-0.9892746508058018,10.672391649812306,3.9419394874990115,7.802002705131443,5582.375
B0043,228,1.5074989761997712,4.1989096150494385,2.4820985064146877,3.4723642645257145,-0.0003884534970397314,-0.9998205155477988,-0.9870448856228408,11.55324188297086,5.404348495944301,7.8854226977198625,5567.329
B0043,232,1.4896288908647644,4.182123550892078,2.4995448861629077,3.465591847973898,0.00046373173796644934,-0.9995028844280673,-0.982521155601079,10.678188237457311,4.012126831459005,7.865599621307659,5528.453
B0043,234,1.4780778852088083,4.198072340064109,2.4624361945446704,3.4621709600387423,-0.0004446704583660312,-0.9994974790321102,-0.9800816231955619,10.67885056037868,4.807700816743437,7.840911830800532,5513.39
B0043,236,1.4700035345334466,4.19729618680157,2.4931009972754072,3.4569777103220325,-0.0012613985506070278,-1.0007522715759782,-0.9774850815985034,11.249497515672802,3.7521686599542687,7.866129688953066,5486.187
B0043,238,1.4565623180137077,4.196562826262564,2.462787320418678,3.449217752251389,0.0009610082927127459,-1.0074496368791506,-0.9753322406906505,11.637480263714385,4.867001171567123,7.9393273558149495,5461.922
B0043,240,1.445976962830235,4.1961404278065615,2.497516098993309,3.447579855504856,0.002357738303520221,-0.9995519473703497,-0.970424713185739,11.797524620709758,5.0592312500732435,8.020423171340544,5438.157
B0043,244,1.4325855992469252,4.178175250938716,2.472999574663348,3.4358831885309766,-0.00020253049223384803,-1.0000552345201275,-0.970256674882607,11.717322041018162,3.744411749265198,7.909281139740462,5402.875
B0043,246,1.4197344854662965,4.195619110791885,2.4798848457409326,3.4393737351491587,-0.0004145189886527689,-1.0000587870310462,-0.9652466121144252,11.400146543773253,5.169956637721328,7.9764627392531535,5384.438
B0043,248,1.401262575071573,4.195354802720307,2.483308761917933,3.437163038991663,0.0004912000522550359,-0.9996583037293504,-0.9624204407769305,11.27412857657329,5.330701318871918,7.975220288628877,5344.859
B0043,250,1.3862945308535968,4.195137899317883,2.4722726688004673,3.432715938014848,-0.00049760110525502,-1.0003023505936774,-0.959579561659367,10.939205926809544,5.089357799320184,7.919276364601211,5305.156
B0043,252,1.384130256052478,4.195919647393222,2.4995232811069013,3.4312793781460638,-1.523743837134638e-05,-0.9997391001993594,-0.9569605305508407,11.469256268063758,4.916489735710996,8.087848756281263,5284.547
B0043,256,1.3651743201871416,4.176270279535014,2.492874341811692,3.423768606452633,0.0003722025001506802,-0.9993417683995699,-0.9522133825707908,11.07680003582411,5.04116977986091,8.02258709983945,5267.843
B0043,258,1.361508332192898,4.195157601948688,2.466722917823166,3.425776013992083,-0.0004598315898297383,-0.9985673084050938,-0.9541332483411131,11.26155378961363,5.159444442594697,8.12948679263687,5229.688
B0043,260,1.351001663879717,4.195480097537295,2.4707802117428486,3.4199159770745933,-0.00016541851510324857,-0.9980068368798175,-0.951277080781025,11.576966830401837,4.8624179201860835,8.089656475775936,5206.954
B0043,262,1.3282588067265129,4.1943133355165845,2.4848489819284896,3.419545032162598,0.0008465508340473731,-1.000251640119134,-0.9432133015363675,11.16400609714747,5.684438439783706,8.144440591218109,5179.062
B0043,264,1.3257206687421472,4.194450936586587,2.4661345187240347,3.4121967412564467,0.0011324508413777003,-0.9983916549138827,-0.9477871437594549,11.988971088033125,4.136944134078735,8.231983414070719,5144.109
B0043,268,1.3142909715978441,4.173215087704208,2.4725812888729317,3.407362058046422,0.0032808403710279706,-0.9999277500600487,-0.9403317488154684,11.73519417014362,4.541378151215567,8.207473278156359,5142.891
B0043,270,1.3003260094811093,4.193501778898149,2.4919564449811342,3.4128712396915972,-0.00028979533681811195,-0.9989961791594165,-0.9372882788479067,11.299125699617386,5.062725266929668,8.189312466474622,5109.734
B0043,272,1.2881071401556836,4.193305249397542,2.485517355170574,3.408624211537015,-0.00035441333553725687,-0.9986368638895086,-0.9340008362934733,11.376911439849154,4.938219232151636,8.139466322876048,5078.937
B0043,274,1.2767801501201566,4.192997819348426,2.499796953515674,3.405803295662315,0.000927886113475438,-0.9990064665951188,-0.9308225674416871,11.488807348025915,4.306619484362203,8.11394700059043,5051.672
B0044,3,1.686525555152074,4.181787286734685,2.6909422904080547,3.439679725636751,0.002959744197394814,-1.9964791277692224,-1.8098343456068091,37.78004007704112,22.898191363080095,32.08333169533252,3360.922
B0044,5,1.6624606531639186,4.183923616071334,2.6852515353168815,3.452824239327816,0.0013695111015536744,-1.996937518623866,-1.8219328456366495,37.37920163006831,22.48508893482155,31.44294016626267,3289.406
B0044,7,1.6534010755700512,4.183717457974608,2.6435613323767395,3.4521568195939896,0.001288924672163811,-1.997287749488606,-1.8359320421754788,37.15907806475986,22.240089226113486,31.14990089807352,3244.797
B0044,9,1.6452145903490936,4.183480576276661,2.6433677125804977,3.4552256770525456,0.0013397859482086375,-1.9967295286630409,-1.8454888344252123,37.12091726941865,22.149471524549643,31.12954746264574,3211.438
B0044,11,1.635664062367341,4.181986298076157,2.684789036307898,3.463672030116032,0.0017733280248056248,-1.9979913128709894,-1.8546992944071559,37.70825289621454,22.518176597194316,31.513994261671055,3175.594
B0044,15,0.0,4.18108163961898,3.2896584926178556,3.5268413438277695,-0.0010508030704849062,-1.9962095515627811,-1.978883934795127,35.59949904890386,23.111416465978767,30.9572734254796,2646.625
B0044,17,1.6267769765146463,4.183320051971667,2.6725301429926103,3.4680330762776053,0.0006334345228696479,-1.9967897857151822,-1.8756028913091127,37.649599494653536,23.10770092672458,31.634787338016164,3121.672
B0044,19,1.6159715504743064,4.183385673000076,2.69384241497005,3.4679406316174908,0.0033231258814095015,-1.9971940723453783,-1.8740941775158022,37.14337821498799,22.666098176277377,31.273656122735403,3102.937
B0044,21,1.6076028386649623,4.183075069105795,2.6763379244951913,3.465103331199183,0.00045380433139001946,-1.9966888809490444,-1.87297275010726,37.11952925248905,22.361891686471996,31.0513882525287,3089.437
B0044,23,1.6003360401431612,4.18316470580942,2.6678573050009757,3.463878052026492,0.0017642344012601652,-1.9967525939808977,-1.871931466677304,36.8278472964388,22.10778895384647,30.825315603911406,3077.75
B0044,27,1.5978700914991917,4.1809489315384525,2.651692148341609,3.4618790737027214,-8.403253962669601e-05,-1.997645249612211,-1.8711336666924587,37.07362320866197,21.994946007236376,30.772306222074594,3074.875
B0044,29,1.5900310265163515,4.183395298117799,2.638384304971687,3.4619567664351507,0.0012396452905209891,-1.9974850325068683,-1.869887873532527,37.27343452416563,22.01348455985373,30.77793162980491,3061.891
B0044,31,1.5816311155652092,4.18312292936732,2.633572972853497,3.4608461967292694,0.0020485637364457384,-1.9972534524301682,-1.8624610796586116,36.925553251530964,21.982597478073618,30.734077377574607,3058.469
B0044,33,1.5714556311034702,4.183401469736752,2.670554577314724,3.462773986667914,0.0029975639144892508,-1.9973962391444862,-1.8611231730261666,36.82542072716141,21.96611305264065,30.711931701692418,3040.75
B0044,35,1.563220798569978,4.182608034549464,2.662418584963947,3.46142516586872,0.002513460275417969,-1.9986091240587898,-1.8534672146493336,36.86402084995953,21.93800756646044,30.692223526355477,3037.641
B0044,39,1.5606775388245586,4.180665797789407,2.656737093913297,3.459888006806987,0.0020262994622793403,-1.9964580129835687,-1.8464485055279796,36.854479447477715,21.82718305302701,30.656716513936473,3044.828
B0044,41,1.5523886011314287,4.183243082901965,2.6456088379984415,3.459225464203645,3.741603769891466e-05,-1.998262725597201,-1.8450475324556972,37.00807199261186,21.874894396658306,30.677651249958302,3030.25
B0044,43,1.5444592876561967,4.182596378873874,2.657434360611611,3.459378780567444,0.0006154231002514857,-1.997119290009149,-1.8438251021984409,36.85691194751145,21.89720723607561,30.670401222972917,3017.578
B0044,45,1.536558134180655,4.182792894198413,2.6700448196473143,3.4594746923592585,0.0013502484419816493,-1.99785698826369,-1.8359182150531628,36.933977837728406,21.85039318802649,30.695903900430444,3015.0
B0044,47,1.5307255867941072,4.183044202315208,2.6538669632174807,3.457758884701852,0.001634489155381155,-1.9975757894737975,-1.837930189329905,36.96952216360131,21.880672170446175,30.693601629277207,2999.454
B0044,51,1.545242808242328,4.17495739021519,2.679338771098678,3.4604365465272604,0.003135489908787445,-1.996154584194868,-1.8224062753285977,37.880341936530016,22.12957023148279,31.3317805416781,3054.859
B0044,55,1.5397144491816253,4.1804104728622375,2.6880235920055937,3.4673706320595796,0.001991462135054142,-1.9969183804123913,-1.8277755287188366,38.4338113726962,22.953585363402762,32.003093392777586,3034.875
B0044,57,1.5305357077773765,4.183012088063382,2.687370056924405,3.4682443755783012,0.0016564879469571896,-1.9973605086578852,-1.8199294716775476,38.62527616952544,23.24165959911858,32.229129548420126,3030.0
B0044,59,1.5199735224097084,4.183156295632244,2.6893554366992016,3.4662944691430644,0.0006469310782040937,-1.9964576467808028,-1.8182280699458226,38.54196067361033,23.135949966403075,32.11597218782517,3011.781
B0044,61,1.5136629526844203,4.182731552192122,2.633690741780774,3.4597034229251418,0.0011370838196343382,-1.9975793253781033,-1.82344115362652,38.50117611497123,22.93636450124002,31.969087731359647,2990.25
B0044,63,1.5012870006992953,4.182713459240956,2.6891582121304634,3.4622130413589143,0.0013205924024940665,-1.9961193009923857,-1.814801427898659,38.43383998472231,22.77057819761938,31.87470050843518,2980.234
B0044,67,1.5023814734911674,4.180340134562246,2.6829363216833317,3.4628505734955555,0.0015097398776068836,-1.9962084053853812,-1.8075840969590578,38.70474156110448,23.12114602411146,32.24329057966032,2994.844
B0044,69,1.4980955154277502,4.182573946557156,2.6587209985414955,3.462862471197368,0.0004091443110585725,-1.9967029680268844,-1.8065211847034746,39.13185799913766,23.57637165529978,32.62193857776337,2987.672
B0044,71,1.4906542391377111,4.182900962902353,2.660938360343116,3.4614145860859864,0.0017857682443869116,-1.997103683848464,-1.8052430334885246,39.06117424677476,23.505421833154223,32.534721843990155,2975.1100000000006
B0044,73,1.4843971639436213,4.182966025381988,2.6382065057381183,3.4567536825256298,0.001717052677305801,-1.997186957551534,-1.8105860657133828,38.900911326239694,23.260374502704018,32.315090431633784,2953.219
B0044,75,1.4725321936230114,4.183016347451806,2.6803751950872314,3.457596686753219,0.0013777344731151111,-1.9960209799250945,-1.7950692987909964,38.637548513661336,22.97677225131331,32.11227103017126,2955.484
B0044,79,1.4663149382113208,4.1793816650979885,2.695456060678521,3.456382425532515,0.001316625320984191,-1.9968995033172354,-1.786985657468036,38.14612160171512,22.780633587448758,31.7443365044674,2957.016
B0044,81,1.4671298468877776,4.183025078755878,2.658317830680757,3.4558985436662764,0.0015873559542654307,-1.9963246097670302,-1.7928445896165708,38.41020545726171,23.217531125193947,32.11351047936838,2948.219
B0044,83,1.4593858997633138,4.182295217506064,2.6504983510643836,3.4536993651226653,0.0007251169997461292,-1.997150820770342,-1.7913668174036652,38.342879393411714,23.296232005674824,32.04801967333395,2935.5
B0044,85,1.4467901368505207,4.182630774542257,2.688935729076874,3.4526946539372747,0.003559796186657841,-1.9973020414669822,-1.7891101484216256,37.97725957749192,22.914322779687136,31.708021910539802,2913.797000000006
B0044,87,1.4390669859638228,4.182872685249836,2.687761244178016,3.44942355838508,0.002881812142580237,-1.997028487870564,-1.7876594976231701,37.797055139354214,22.597478447283258,31.467203186429355,2900.703
B0044,91,1.4389892550462602,4.179973909655392,2.668468130193828,3.4464363236508913,0.0022170051863129696,-1.9965535272405561,-1.7797845626759963,37.93561044482721,22.363262798668703,31.560453436032944,2914.031
B0044,93,1.4386198779578576,4.182978380469111,2.6420564556682917,3.447035324752623,0.000818349681568151,-1.9982510496408243,-1.786101275708508,38.32554543437737,22.829272160428808,31.887709097598353,2901.968
B0044,95,1.4313412096653504,4.183054454837302,2.6780728769094244,3.451080883804227,0.001534782201654243,-1.9967399870670337,-1.7774334664210216,38.556109997490786,23.223788830436295,32.164811812502585,2901.734
B0044,97,1.422973037663468,4.18231054917298,2.6917750634373303,3.450413161794029,0.0018952752492584655,-1.9973791391628402,-1.7758066384425826,38.62165239845955,23.21624477930183,32.13295425226488,2887.407
B0044,99,1.4150153099745097,4.182416637290177,2.68001440979752,3.44468943990224,0.0006225391345261028,-1.9967855021957501,-1.78107743904082,38.18800348171553,22.853403604078057,31.75133688827036,2861.937
B0044,103,0.0572172710622218,4.177605302188679,2.5311035775191533,4.054818943483505,0.0055403433097710566,-3.9896989741694777,-0.21883274923266322,9.757496138930122,4.847970553868735,7.057089335323658,1055.25
B0044,107,0.0573587470253984,4.1758503096814,2.5372412665469883,4.048971725415953,0.0035384118158599247,-3.9906931282455655,-0.2291787146876666,9.760471127293034,5.645674651140764,6.945113627374995,1012.187
B0044,109,0.05749687545445231,4.1760882615952974,2.5608994701667624,4.048139868634576,0.004068949254505414,-3.990789539982711,-0.23457936698907242,9.69821406411427,6.384509116340028,6.969210950143102,991.172
B0044,111,0.05763088809888528,4.176702751698478,2.4875185728014695,4.04489102283376,0.0036189979782433063,-3.9914245848072887,-0.23761419438252948,9.00106106019679,4.797655713268796,7.1320933104899575,982.094
B0044,113,0.055116913339787174,4.173920852315538,2.652711478763571,4.058712789171854,0.003340908320272463,-3.9916882386949055,-0.2099858295389897,8.446753567938917,4.5885847373663005,6.9052479876970985,1063.609
B0044,116,0.06740755265748018,4.176081063674498,2.567871692937443,4.04058000450648,0.0036404625064070505,-3.9926490229101614,-0.2518669105532582,9.004482980571387,6.1817739418643125,6.719645217752847,1067.641
B0044,118,0.0675676530317139,4.177001690332218,2.537541377739229,4.038574138704129,0.004403114801414989,-3.9909440128041087,-0.25717248545758564,10.10838939092693,4.3282662733774515,6.752194119869617,1048.687
B0044,120,0.055637310449156464,4.176258717683466,2.6996320897449855,4.060984637180495,0.004262981453303117,-3.9908887841162035,-0.2168958065340876,9.084345421523768,4.051923742831441,6.682861474834709,1039.984
B0044,122,0.06822433276106823,4.177495150501219,2.502639203032668,3.9901324953918995,0.006061464639444281,-3.990777296546928,-0.3924814177291054,9.9732818280256,4.4347919122637025,7.805372903557112,687.328
B0044,124,0.056052453431514465,4.177754475108936,2.645057195756969,4.060072156375749,0.0035858034272578795,-3.9917277049585165,-0.21680725503393136,7.130613484534643,3.680038781425441,6.452537181339348,1047.531
B0044,128,0.06868220130105056,4.176437545781662,2.5457909784374686,4.036259706472422,0.006348113315537079,-3.991158236131923,-0.26270449862572487,9.420302039012588,6.320493718104861,6.89796196003197,1038.375
B0044,130,0.06874755353346529,4.1766732396736,2.525156138635263,4.034899045788163,0.0036003386969768133,-3.9909330027161993,-0.2660568669142741,8.596928821276874,6.195993903453708,6.643140512754006,1030.703
B0044,132,0.05651439891347486,4.176262440841608,2.6675668355109194,4.05627259287341,0.0041912565972737886,-3.990997288294168,-0.22645846348554158,8.914167582596768,3.5850129022929575,6.823596011664432,1010.765
B0044,134,0.05673307185387369,4.17780020929139,2.6214259323214453,4.056631496996698,0.003956089692708242,-3.9914062156576913,-0.2243099150823807,7.468130255797678,3.6244110429419516,6.621700828774675,1025.719
B0044,136,0.0694133756360175,4.177530439833207,2.5339139586135624,4.033722240018022,0.0032602599245902227,-3.992122190709,-0.27219298018702565,9.34228820478629,5.7425323200811125,6.654177389025503,1016.859
B0044,140,0.05931766444664955,4.176559125063143,2.6459372770148692,4.052548629680626,0.0027635224421310545,-3.9931560142753657,-0.23539096687777275,9.296386526511638,3.508573469192295,6.691030736897561,1021.079
B0044,142,0.06981707253622738,4.177198757478185,2.5126783310210183,4.031869983878109,0.004727694877004283,-3.992595683096178,-0.2757939587127618,10.402010089986526,5.216005974992561,6.789742456285512,1010.562
B0044,144,0.05746435089694075,4.175693660429193,2.676683003373552,4.0546007592526,0.003421350680358617,-3.9927859178982166,-0.23192836333731054,9.139614420555528,3.7048553861280893,6.652607169727167,1003.313
B0044,146,0.07053774383993697,4.1767178653680554,2.509819479017468,4.029900462300052,0.0051968427569207,-3.991697440625882,-0.27840440393795296,10.577915316418856,5.538593319761488,6.727197790202005,1006.187
B0044,148,0.05805466052344494,4.175734240124533,2.659947287863178,4.0528579449382525,0.0046771770057918525,-3.9922087112758984,-0.23468645740446364,9.153655205612418,3.448515456521294,6.704744929431838,996.765
B0044,152,0.07083992015291063,4.174858788640489,2.502902423851419,4.027030974078611,0.0038835913980858425,-3.9930053753030488,-0.2817775496820993,10.601194386353557,5.253409597329436,6.688129486124422,999.422
B0044,154,0.058171836130525824,4.175396670709832,2.597947039498895,4.048647775995237,0.0038423311547758094,-3.9905824714445868,-0.23781178807825715,8.524863523744626,4.699512503330192,7.135311524033081,990.234
B0044,156,0.05830515712798288,4.176278504943042,2.688243972514366,4.006197810720952,0.003173192711416039,-3.992407076231904,-0.3839746086117853,9.440256551104172,4.420025377112379,7.514206392471801,608.953
B0044,158,0.05845592669367763,4.1759985062489635,2.6997767051836083,4.001898132433219,0.002771523809917564,-3.992461574821749,-0.39910424698891395,9.577062674735402,4.419732386549667,7.105939545905624,586.719
B0044,160,0.05862986110638707,4.176936753250137,2.6926916057581445,3.9995228828543783,0.003879863284028645,-3.9906773895407737,-0.4072004054361969,9.571995894192735,4.353467531572625,7.121133621766568,575.922
B0044,164,0.05890033218383382,4.1734597535552,2.6700548004006626,4.053493486866572,0.0037123685484004285,-3.9900184345675953,-0.22655413924505263,7.124889090041003,4.285263751732037,6.525840333846862,1050.406
B0044,168,0.05906467702011044,4.1757127493459585,2.6107085277536015,4.052074849774992,0.004871282653862333,-3.9919951224872414,-0.22919137003874254,8.324153740739145,4.140722546707669,7.0347000891113804,1040.75
B0044,170,0.07240579982844073,4.176096844607635,2.500114336550371,4.028366353886938,0.004442864696561866,-3.9922653535751937,-0.2819333043565596,10.63955759206541,5.326638606105242,6.8973768386013505,1019.125
B0044,172,0.07255632846891659,4.176353738400277,2.463640728476522,3.9662515216379144,0.003544393856491935,-3.990796915640813,-0.46093159458169275,10.376173431482593,4.957548969148244,8.12797412482593,618.844
B0044,174,0.05959222988909599,4.177102599239209,2.5987325707723405,4.052244387669817,0.004353045332031152,-3.9911388227447215,-0.23199889868853285,8.316021086973787,4.01632818386259,6.951583874586089,1039.547
B0044,176,0.07321709022768585,4.175820770125257,2.4742429443982785,4.024847285360175,0.004742063653410455,-3.991443615973067,-0.28835896667589855,10.655557073631597,5.9431729658560775,6.953046195579622,1004.328
B0044,180,0.05984100849986973,4.174362644498064,2.693112294857156,4.051149690799867,0.0033085774036558067,-3.9937289569249144,-0.24020364123364232,7.631714348736341,5.328465768215402,6.413311987885646,1005.75
B0044,182,0.07344347056971572,4.175874340371016,2.476301013332819,4.023626364549916,0.003023410626945579,-3.991810733048436,-0.2918314525277322,10.509625598200184,5.671261940663974,6.779577103952525,995.797
B0044,184,0.07373739605923264,4.176007922304425,2.455959621392259,4.0230998765187564,0.004826608136294959,-3.990343191482173,-0.2917484860639784,9.204729619835247,6.428592965422287,6.978468873690951,998.921
B0044,186,0.06032312489727431,4.176473294247625,2.595966933411927,4.047078241937264,0.008050334690859823,-3.991055043675492,-0.24607113844569875,7.96351554428054,3.7557573168497567,6.809785593582902,989.141
B0044,188,0.07409611978234346,4.176068533506241,2.4476887634196065,4.02025965935536,0.0035454695598344595,-3.9933235016411084,-0.298818492738235,9.367163499816085,6.406430103137445,6.971049837313714,979.203
B0044,192,0.060717150532954955,4.1740583227112635,2.696514442504613,4.048987988645058,0.003363612684290061,-3.991161876623272,-0.24619641320878316,8.36281681813677,5.992218142754614,6.579881562367587,994.031
B0044,194,0.06082844229397962,4.175423863730147,2.690051793810678,4.048190135327761,0.004638555951811526,-3.9915962217441727,-0.25222392819933964,9.833929266126528,5.378327257419688,6.690126647286674,971.516
B0044,196,0.060928844447982224,4.1750234301728835,2.682527208849319,4.031325666700656,0.0031598068505257113,-3.991136960671815,-0.30189362407180553,9.82294821385076,5.494428595244186,6.925009518097775,810.563
B0044,198,0.061220387365620216,4.17570719288233,2.6522914416676375,3.99633832641595,0.0028573457211166324,-3.991424193255269,-0.4070041672359561,9.64729446630716,5.011195309533016,7.831469751479567,599.047
B0044,200,0.06133677582691605,4.176924395260363,2.546878970446884,3.5339557623459625,0.008981273123246413,-3.989885469699493,-1.9943360872313463,8.475214897845488,4.261352737687649,6.3578218287881425,109.078
B0044,204,0.0615021959933087,4.176472262163263,2.6459302194913836,3.5662543456123466,0.00023402116475407472,-3.9922420213879173,-1.996129232362493,7.906766993792881,5.339199492935753,6.5954208155010985,109.17099999999999
B0044,206,0.0615436456229027,4.177637250505157,2.5366466461777906,3.480657456568583,2.94281467370658e-05,-3.9916255830434317,-2.217653041798755,8.628110902694925,4.563444717869488,6.324536214740793,96.484
B0044,208,0.061368282981907545,4.178674620885059,2.619612898646795,3.559655619146663,0.00233575185107131,-3.9917742802321072,-1.9957140019130044,9.541833690746394,5.844985244902131,7.644851838660085,109.094
B0044,210,0.061633508888739995,4.180128549369836,2.48420676655347,3.4710657400965403,0.0018380871713237175,-3.99341095347209,-2.2172078365634906,7.890349591233944,2.90475616543561,5.10818141008298,96.906
B0044,212,0.061981030875948785,4.1786173675742635,2.5492794097929745,3.4889263102095547,0.002697596739934985,-3.991569924612713,-2.217892317465651,9.207557697837885,5.268020681575575,6.978200107513246,97.015
B0044,216,1.4779954511171076,4.132709552803766,2.6987042664288663,3.438530012225991,0.0005119272383861949,-0.9996908932907373,-0.9486655224617359,10.171915363933092,4.96446313077256,7.831586108538486,5608.781
B0044,220,1.494119871447679,4.15897226684506,2.6902025456609366,3.4576572257357188,0.0009107829167059021,-1.002764391386482,-0.9429836446189775,10.296016892383854,4.362853119300769,7.730546352316417,5703.296
B0044,222,1.488007820113173,4.173670999223567,2.682194069736634,3.4553887210557868,0.0008606130538372946,-1.001809989064009,-0.9448444362873197,10.396418259744522,5.202271526875168,7.787963683864436,5668.032
B0044,224,1.4748338592717107,4.173428084270444,2.698791325109984,3.453365325098602,-2.9338418792105184e-05,-1.0010193795008968,-0.9421563938919909,10.675119900160503,5.0120876053956644,7.849823078169805,5634.047
B0044,226,1.4604378044785566,4.17295985340472,2.6972261726105513,3.4533767517944844,0.0005583489138716594,-1.0008333686989588,-0.9414963206117185,10.562265269293302,3.811503767508387,7.863220580243154,5582.375
B0044,228,1.452380841576719,4.172771279792943,2.6816548421625512,3.4460660596643384,0.0003606007179158548,-1.0006757296253446,-0.9389221140572901,10.76625471358321,5.231368167256844,7.930106785779635,5567.329
B0044,232,1.4411028883649861,4.15544388290786,2.6758389635879234,3.4382387035909514,0.0020170086458555707,-1.001584094423824,-0.9382244730141405,10.911129725577434,3.7913354249889384,7.888437545923743,5528.453
B0044,234,1.4300355978410688,4.172195811279475,2.6766750362925413,3.4385248959075603,0.001564792524233504,-1.0011109661354312,-0.9336418704048167,10.81913572086399,4.9665241241819045,7.818043363205418,5513.39
B0044,236,1.413943296719903,4.171402160517197,2.695622084623807,3.4365202293034374,0.0017297331873697762,-1.0013667929909769,-0.9277519140513346,11.006306031992887,3.440362613271007,7.830974235734798,5486.187
B0044,238,1.3972667497450317,4.170188354997629,2.6908429071948605,3.4352027430527405,0.0009730796952747865,-1.0031105310166462,-0.9210832456029233,10.614675024239112,4.61211591145805,7.878562179371438,5461.922
B0044,240,1.3865375876825874,4.170349799747877,2.6963132256039875,3.43345469224157,0.0012259246336586039,-1.0004034898094731,-0.9181073344708772,10.78731375840829,4.918195539391174,7.960251571512366,5438.157
B0044,244,1.3724753685724698,4.152127517238579,2.6889652303475895,3.425091148228222,0.0030985899579741793,-0.9998017351246393,-0.9147769465297864,10.646148713943534,3.4319499762440446,7.825815360855775,5402.875
B0044,246,1.3598593948812812,4.169872871486082,2.697702269918439,3.43285332747351,0.0013697698641143394,-1.001001283053754,-0.9097059602545033,10.149343674038578,4.811918412162218,7.871717073752719,5384.438
B0044,248,1.3486733410392264,4.17029400170211,2.6908621173584564,3.4316708520467616,0.0021013923957275125,-1.000535766089263,-0.9089147628345589,10.269672545542077,4.951322650914617,7.872850841533409,5344.859
B0044,250,1.3334258933205057,4.16968317987712,2.6956578221948044,3.4305423593747584,0.0009310009554464437,-1.0001303334513887,-0.9053632291923375,10.511836729394169,4.780401495020148,7.787673589037049,5305.156
B0044,252,1.3387793081075827,4.170671249766948,2.683891843696469,3.4188541266416608,0.0014497208979828051,-1.0006996840010498,-0.9122769052973728,11.2498423901219,5.06477884715876,7.997910807563725,5284.547
B0044,256,1.3153320403016995,4.149844268077626,2.6861736439095387,3.42241373548389,0.0017943549116499447,-1.0012478773196167,-0.8993675928683105,10.478668312226782,4.684581220811076,7.881896352735887,5267.843
B0044,258,1.322963328110081,4.170207896534634,2.6915218489806785,3.4160977003080477,0.0008259898109111774,-1.0000486043905183,-0.9110321130421603,11.276068425006786,5.409746706230465,8.022448822976777,5229.688
B0044,260,1.3086991524155074,4.169943833836458,2.6982230360736286,3.415875051664848,0.00757025057687288,-1.0000156861218927,-0.9054157927585382,11.18488048040138,5.118567803709009,7.977920186292173,5206.954
B0044,262,1.2897499583900436,4.168649657337103,2.6884148666237393,3.420770509924939,0.0030345758410345,-1.0003532671448447,-0.8971488250209094,10.572845919227095,5.489946008570818,8.016774436428086,5179.062
B0044,264,1.2906172590904164,4.168865124534303,2.699098319484438,3.412152763562302,0.0021060612848631997,-1.0001270037964975,-0.9036459257898942,11.286420953867147,3.936510086733391,8.104364904391632,5144.109
B0044,268,1.2752011253442166,4.14775004325363,2.692387025960113,3.411365387592042,0.0021528243384569684,-1.0003776702130833,-0.893479421104461,10.532008688910055,4.333825896636997,8.021367388918382,5142.891
B0044,270,1.2686072657374579,4.16768084822256,2.684075358151804,3.4151055404827564,0.0021603785656978316,-1.0013725571006211,-0.8950327018530826,10.496769408739059,4.788736918832111,8.012944452376887,5109.734
B0044,272,1.2565759973225976,4.167944485512648,2.687825351809013,3.4139726333379956,0.0010019248675130364,-1.0005394687347553,-0.8916525424860515,10.219372011443097,4.714639372870622,7.944197776199544,5078.937
B0044,274,1.2486254509320867,4.167775501643388,2.6932435794466025,3.410670178184504,0.0020243679839175343,-1.0005198847037153,-0.8905662435522527,10.307592528834146,4.018534218811682,7.904886527570053,5051.672
B0045,1,1.0819793880779518,4.203467627142882,1.990881848788414,3.3507147228969534,0.004158440620084177,-1.009116495266992,-0.6795680439600006,15.71039018923076,5.3066238207695475,9.485217152757082,6436.141
B0045,5,0.927952404748273,4.16699885717682,1.9875972636980002,3.343710562419324,0.0026935510429979383,-1.0087426406516653,-0.6847946624076122,16.327881769438125,5.090166082202173,9.412485833762908,5650.265
B0045,7,0.885193608411576,4.187894400053388,1.9885380767186824,3.357113032625278,0.004060923649824136,-1.0090556479293218,-0.6646163130202214,16.190453016227536,4.970043389354473,9.14441346005273,5590.907
B0045,9,0.8581010699478283,4.188401226248918,1.969241613952096,3.358646172572514,0.0020631851299733996,-1.007865061542852,-0.6509315601298676,16.44564599364816,4.771062049870164,9.07418033049993,5543.61
B0045,11,0.8409352213456689,4.188303916193977,1.9830542841988097,3.3660643885240518,0.0026205512748727006,-1.0092390728045402,-0.6402275004489041,16.652821920677077,4.722518276680366,9.063698357219925,5499.046
B0045,13,0.8245471942901911,4.18828020412361,1.980464521626357,3.367910347978234,0.001774456226012779,-1.0082097757590034,-0.6317025380405666,16.626045153527933,4.705135640863367,9.076577071060372,5461.219
B0045,17,0.7935960418803983,4.115223647482973,1.9822192378370667,3.357745333360116,0.002860530522004708,-1.0081874076413238,-0.6176226155232352,16.231693733501764,4.611342855994695,9.265023738219778,5451.281
B0045,21,0.8183676087159205,4.166319111887713,1.9987122390470566,3.3696607473704705,0.0016835948034780235,-1.0098943079946225,-0.627554191403777,16.185673883928935,5.27537188956209,9.339350112299787,5468.062
B0045,23,0.7977644276409412,4.188858082816243,1.97927314966301,3.3747312015520436,0.003824984984423394,-1.0088447706775023,-0.6227956362441028,16.52621032903044,5.0939473120792655,9.308634523153344,5411.297
B0045,25,0.7993777411831636,4.189052979187811,1.9640518711887227,3.381799182114607,0.002483246031361786,-1.008540571989902,-0.6164358149352739,15.196414604557985,5.578573344132378,9.25414520667292,5369.703
B0045,27,0.7783107440628891,4.189280705297697,1.9965583229383295,3.385176591409285,0.0032898503551375496,-1.0084157672653467,-0.6124951744838439,16.354435553014117,5.093156336915293,9.291749311540086,5327.406
B0045,29,0.7803738231239117,4.189527524041756,1.9676140964966766,3.3813096388474886,0.0031238080493800314,-1.0088566807748427,-0.6120748119063896,15.57016420519042,5.506749718586084,9.310447961834724,5299.266
B0045,33,0.7713058245640294,4.097057578524458,1.9877016401767398,3.3490369985986668,0.0025883930218550243,-1.0080424431902402,-0.6158982943710156,16.481904111846188,5.210420792891231,9.29775486780575,5367.172
B0045,37,0.795279016979026,4.166427487441078,1.99572402940065,3.3694542187312684,0.0021632241350814383,-1.0087189699625896,-0.625377064856349,16.686364651804713,4.749612734019676,9.245632947295453,5406.812
B0045,39,0.7824128169919247,4.189116912804917,1.9723902186883997,3.3771129586319466,0.002216827868786958,-1.010914036070883,-0.6180221346577055,16.527315358470222,5.015412655584477,9.21860683892004,5353.094
B0045,41,0.7649414992231182,4.189394418073402,1.9760075772645442,3.382104218416538,0.0007779012462240868,-1.008249683063318,-0.6121745879630046,16.325076195754107,4.7446632057171785,9.194130154197088,5280.031
B0045,43,0.7544899426779375,4.189251613691141,1.9786838559411906,3.3859954600090036,0.0025472189567085405,-1.0084247134366529,-0.6064321892488668,16.18780234880546,5.004981026646194,9.188267060937262,5248.593
B0045,45,0.7504048978314295,4.18999236240837,1.9866467601774969,3.3830345538672018,0.002000074094009827,-1.007946613751651,-0.606399621992695,16.54868871782283,5.027203513281529,9.211910760834266,5203.375
B0045,49,0.7407258109620256,4.165973150657214,1.9915335628511552,3.37881379914347,0.0021407378575631153,-1.0076971244709267,-0.6022530715841198,15.893386512216575,5.338616424922742,9.156857409395572,5166.812
B0045,51,0.0,4.1894414322262765,2.942421777794815,3.406714657706338,0.0006807274717778113,-1.0079890306492827,-0.9941901888810813,11.62448622814209,5.143494609537566,8.86575510454971,2384.094
B0045,53,0.7308525593793626,4.195641973763218,1.9935644864605024,3.389059266953009,0.0031552043724057464,-1.0082380238297786,-0.5861859230293525,16.273556126855052,4.8642750500555865,9.104538013834128,5340.281
B0045,55,0.7287255851177903,4.189381114418313,1.9937078109097683,3.3783919657677495,0.0035803388253716297,-1.008015294958034,-0.6037251705699037,16.57769275391533,4.9159272869489135,9.196243634400288,5103.0
B0045,57,0.7161023377036263,4.189726548094093,1.9840988185168291,3.3779346242690615,0.0020661172668500526,-1.0101830059414636,-0.6039804007945985,16.451931737613187,5.071552406744067,9.224293881462565,5051.172
B0045,61,0.7129204834988017,4.166289777836687,1.9818309446595743,3.3727225247575885,0.0033448013063438584,-1.0094830851519123,-0.6017545658130975,16.660404158556567,5.1979112173277136,9.239291915944644,5027.563
B0045,63,0.7141991829499618,4.189756191273931,1.9984963466197732,3.3807359604288414,0.002386372493393292,-1.009270147494984,-0.6038091172028306,16.192781213892964,4.98482370963009,9.220514425854448,4993.765
B0045,65,0.7190570819844222,4.1890449974281685,1.9886589228929203,3.3889133424072204,0.018424300003305784,-1.0108313950708208,-0.600482943767555,14.742856005940368,5.406795579971276,9.140591023627803,4962.469
B0045,67,0.7173975428775917,4.189274783071479,1.9836644140733661,3.3855430731736647,0.002632956458522413,-1.0080797400452108,-0.6033075067931543,14.693521549329,5.457478278465312,9.05273466167465,4907.859
B0045,69,0.7071027496463946,4.189518201774546,1.9705703151314151,3.3756882564741844,0.0031568899849536165,-1.008906381541965,-0.6065620900458145,15.86983818237976,4.700009468829889,9.311519157220646,4888.656
B0045,73,0.703531206505542,4.166301702021804,1.971779249329659,3.37794278508875,0.0025149295410125624,-1.0084556602023516,-0.601440239072105,14.829662137922766,5.581574891645234,9.167853966731156,4866.25
B0045,75,0.6941108278958862,4.19002918934191,1.9938420365930107,3.373558298075209,0.01039401459756542,-1.00994980914745,-0.6098007335968902,15.906462051621897,5.088650234901636,9.287848514483294,4836.125
B0045,77,0.6914114388869608,4.1895524054233135,1.9993629637641337,3.368742642573582,0.002736924726620858,-1.0082413706235676,-0.6120661413012832,16.353770501511462,5.188896690434667,9.322184761530549,4801.485
B0045,79,0.6971551798505504,4.189008492340535,1.9932756058141663,3.3718000664169727,0.0022824989831722532,-1.0081786693703223,-0.613282907094379,15.076528277493722,5.650412172652616,9.289681276195049,4760.938
B0045,81,0.6832460217432723,4.189696962609597,1.9801057444800894,3.366360304166582,0.0017200644756042193,-1.0080303326541913,-0.6139518980958842,16.045850353764667,5.287965466922043,9.365909184464234,4740.907
B0045,85,0.6822029317493292,4.0900107068393625,1.9944009127947364,3.342277843498783,0.003281968818594005,-1.0082541248682169,-0.6004805193877815,16.24823467681854,4.942094376566913,9.328022708662925,4914.532
B0045,89,0.7289529213213379,4.166284738890519,1.9913126738513702,3.3722684174392836,0.004058479216629877,-1.0086099504503174,-0.6129419979147948,15.761879553141288,5.6932338898796315,9.373114023056761,4998.656
B0045,91,0.7139321758287004,4.188598948796885,1.9818085465777886,3.357634548884028,0.009545354715325544,-1.0089146761829488,-0.6242152942509949,16.349393593197068,5.129758964594842,9.306835708093752,4890.015
B0045,93,0.6957731747455482,4.188722662834883,1.999993313622792,3.3697954619483568,0.010540829141181507,-1.011018341220977,-0.6139171694764338,16.22246271510604,5.18038207935593,9.339526786032339,4842.11
B0045,95,0.7018312962317095,4.188679542275547,1.9746595802941598,3.3766733742445987,0.002992440503063521,-1.0088132806643768,-0.6092419901647167,14.780023826016944,5.616337738486589,9.1327535688995,4798.281
B0045,97,0.6911808244378487,4.1894790557667125,1.978180955008712,3.356692310359256,0.002947389086217655,-1.0088474838548318,-0.6214369612467493,16.357147782799643,5.352356776006934,9.343849839453913,4739.188
B0045,101,0.6843279752855028,4.165443751495042,1.9845097801200726,3.3716599583869122,0.0014227153872084996,-1.00822558167956,-0.6049628311237817,15.304013119865168,5.484226728487067,9.257582649630315,4733.156
B0045,103,0.6741394908812485,4.189848639216605,1.9921664972023339,3.358461612325261,0.0021258981792014165,-1.0089040108456189,-0.6206388175561791,16.298057069520368,5.051290656121544,9.38425161776499,4670.61
B0045,105,0.6670070174301739,4.165425573897933,1.9991203083414102,3.3733153872943236,0.004589010015651776,-1.008891006761111,-0.6013875939812509,15.088230300481198,5.023617145016327,9.144982402264807,4635.0
B0045,107,0.6804085117374855,4.188987638858462,1.9790832878431535,3.367632771675607,0.0020919769192902444,-1.0086883164534273,-0.6146269558442435,15.201775291002932,4.7853237874120325,9.26257479341655,4615.86
B0045,109,0.6617864063235485,4.1895804149451985,1.9986367632788742,3.363321307304569,0.002338461356783473,-1.0081099375956661,-0.6171094630530605,15.820509282900385,5.145260978678159,9.40011028670591,4580.75
B0045,113,0.6623168733492338,4.16611714089707,1.9713723245890473,3.346491714827562,0.0033870767217086184,-1.0087699262516547,-0.6209228615247188,15.58071439830652,5.414586868646065,9.419332811255558,4557.406
B0045,115,0.6679358357181778,4.188826402459722,1.9843056004522797,3.3599039237162853,0.0015290868504890403,-1.0089150089693268,-0.6204303388657686,14.525034072927795,4.494946059979075,9.207828068558017,4524.0320000000065
B0045,117,0.6488990885270688,4.189296725569063,1.9946795397137125,3.349639562276425,0.006873978324763291,-1.0103825696902464,-0.6244948594173986,16.256345838594637,5.775840750277868,9.478974220669317,4502.938
B0045,119,0.6503639129625527,4.189791506946971,1.9789936656967484,3.352423027875088,0.004295149442280236,-1.0083605532110593,-0.6219881914832105,15.916519503570713,5.3928509591669345,9.37536325812961,4483.094
B0045,121,0.6572077690202801,4.189224626327275,1.9690947658783289,3.3563090390508155,0.004123870836158107,-1.0094489912636213,-0.6249048536030644,15.322696472607957,4.988915934654242,9.348977069227304,4448.36
B0045,125,0.6363517458476216,4.165757111360098,1.9951107736579325,3.340602870094091,0.0038883550610247183,-1.0088647594062352,-0.6235638134980177,16.435471374813734,5.114769498528213,9.539830147989116,4440.531
B0045,127,0.6536449360948587,4.188761935596181,1.965197509539028,3.348511229053965,0.0035221405764743396,-1.0085879672096902,-0.627718646983615,14.752873057453401,5.430200345032197,9.436879605277216,4416.547
B0045,129,0.6391428272150887,4.188802708146619,1.9820270227741772,3.3328844784891074,0.0008969412858814422,-1.0081206341074493,-0.6340722598435242,16.57328291132994,5.217345346861528,9.4879310296259,4382.937
B0045,131,0.6482206049496236,4.18882331762149,1.9731005832473114,3.3518219079975298,0.002349464663607201,-1.012324540932804,-0.626972097350462,14.528444176948046,4.820308282507962,9.300314416191522,4347.453
B0045,133,0.6287957471922729,4.189363830091343,1.9974420919351863,3.268327350028982,0.0019845153705322113,-1.0095045117473536,-0.7596521990041524,15.828293567742275,5.555842296822165,10.07602230197817,3581.188
B0045,137,0.6380571850193401,4.087899947377259,1.9759474231215746,3.3368580984170784,0.0031132594070846236,-1.0083299001575527,-0.5857626315966499,15.050939348149981,4.279272155722539,9.254842453288928,4746.5
B0045,141,0.6554825047832906,4.164689190245494,1.9944210992064382,3.339305489603821,0.0028084398017307896,-1.0094473741371575,-0.6234849422351091,16.878888140585346,5.479087801896632,9.58411609363967,4679.156
B0045,143,0.6484934835397033,4.1883794105875705,1.972391693643957,3.339570448565296,0.001177446130937781,-1.0100876092585305,-0.625755737381111,16.752865016509336,4.885873307985874,9.566905713744635,4596.578
B0045,145,0.6454071687844921,4.188367290905127,1.9932621672542286,3.3451677206996573,0.00823712481579638,-1.0110407655502038,-0.6206303941303277,16.630725230629476,5.272131134132025,9.486246140892044,4544.641
B0045,147,0.6427008031845645,4.189241965038727,1.9848873247448806,3.3544794166161487,0.002600814535480193,-1.0078016297171766,-0.6149058946531849,15.270710849004713,5.9010898814107975,9.492943245052498,4526.938
B0045,149,0.6352454880802477,4.189229122156955,1.9683654551310577,3.3411905698302573,0.003492204030412119,-1.0081100082305772,-0.6208754134190153,16.438070093673065,5.633058471184682,9.621291466671478,4487.438
B0045,153,0.6156760019587869,4.106243161598799,1.9924043536128275,3.3372444928972818,0.005214365727727677,-1.009973121232977,-0.5953707956325988,15.659914658719188,5.365328226262061,9.480811280043975,4513.312
B0045,157,0.6170833682807023,4.132596928052376,1.9776141524479487,3.3510332188429146,0.0036321606387848507,-1.0110530492189724,-0.5897510821772118,15.265721279585906,6.081544292944806,9.448949676434,4568.438
B0045,159,0.6434227390858672,4.18912672162077,1.996982635601323,3.3573066817086326,0.003375869921123673,-1.0077262022738762,-0.612901822920554,15.459947276103474,6.009906260900299,9.522656892771677,4499.656
B0045,161,0.6278124433742752,4.1893708877050795,1.9822999400765693,3.3367004271481884,0.006744326671938432,-1.0088787623235531,-0.6232202673264152,16.472719613709117,5.7227062450674495,9.570096566546104,4430.984
B0045,163,0.6290078315253372,4.189359078886884,1.9703495135592828,3.3507625069372007,0.0021298336691764393,-1.0075105897625538,-0.6137007803105949,15.321947787344948,6.169835162439899,9.488568418373822,4411.141
B0045,165,0.0,4.1893540752465075,2.9329708174243927,3.3925513327274577,-0.0018274013940157159,-1.00811996758102,-0.9901523172837655,11.709111497619928,5.486283891639476,8.948370017570232,1991.531
B0045,169,0.6266355568292261,4.107093365455889,1.980504790064301,3.3452602996349197,0.0039482056686982,-1.0068312874472778,-0.5721341781091527,15.469187485474004,5.348555992924947,9.378195494421618,4883.312
B0045,173,0.6495813516716594,4.165486716481237,1.9754246490329654,3.3478192813331984,0.0029679009691201304,-1.0077613985685372,-0.6067408181545574,15.90915813248566,5.255177956389292,9.495184531517388,4663.907
B0045,175,0.6337485177966306,4.189250217496488,1.9843068510361204,3.3500352436555985,0.000710860066328243,-1.007878767792016,-0.6091205801279866,16.128312311530546,5.332532870824014,9.474914433741436,4581.328
B0045,177,0.6298550929085645,4.189075663187289,1.9881721268958945,3.3590566596536764,0.002906548386898504,-1.0110523170001116,-0.5996804433722752,15.803292200329722,5.61701952738491,9.411639640493867,4553.031
B0045,179,0.6183063778386736,4.189728966453982,1.9809529177782506,3.3495911750877263,0.008044070286859193,-1.0093503038300253,-0.6062605227298314,15.46350630780127,5.8968653321207025,9.476832839675836,4486.5
B0045,181,0.6069476168507777,4.189240671585531,1.9697892783360584,3.3462597198775272,0.0031363187482987167,-1.0077970558442526,-0.6055249640579493,16.26952559815265,5.311300686907359,9.49822266009937,4450.625
B0046,1,1.7282392323598248,4.23781853684158,2.1792997733612083,3.4409645322869102,-0.002134930952066408,-1.01435518394686,-1.0031661082518326,13.880080551261507,5.500728456163389,9.035891964302168,6436.141
B0046,5,1.5161488467923143,4.162338775528476,2.1744736968146285,3.4252545586780085,-0.0003168659044778936,-1.0149368694391114,-1.0024459582241103,12.941526372487642,5.60506560391164,8.872109574065124,5650.265
B0046,7,1.503121190703977,4.180873304847234,2.195666899317151,3.425904453303529,0.0006451612201280825,-1.0140769923503719,-1.0023572232862559,13.359691095670462,5.369303069222244,8.6284456728549,5590.907
B0046,9,1.48586566102824,4.182266567788393,2.1796283675041006,3.423608435843718,-0.0009026708261391236,-1.0139326738131618,-1.0022919216677797,12.683911154117249,4.784514691777849,8.63136091760955,5543.61
B0046,11,1.4694562316392716,4.180656549578995,2.1952581561866973,3.4211455348547464,-0.00030921322865974356,-1.0141216340191552,-1.0022939530561292,13.065399804685724,5.0598723280079385,8.67696820980418,5499.046
B0046,13,1.4589554592644807,4.180899052149243,2.1940346005371705,3.418211640329191,-0.0016946404892597652,-1.0146327995843631,-1.002437745381024,12.802479603911387,5.286624165247708,8.714755394110101,5461.219
B0046,17,1.4556853555098295,4.121126965024616,2.1978529182010296,3.3913871477101263,0.001219661244884681,-1.0146720016504303,-1.0021665244093547,13.585554405586658,4.540712414173866,8.941517894800649,5451.281
B0046,21,1.456232262380321,4.158094572470294,2.190965071547283,3.405195390316552,1.863439523670589e-06,-1.0150359928774078,-1.002235007588667,13.94301293338268,5.499201106644663,8.956808204433374,5468.062
B0046,23,1.4440592236675138,4.180141305155931,2.1866396618663058,3.408987597578302,-0.0003551370183381665,-1.0152062278681104,-1.0021923537852624,13.134169173843693,5.067882431329782,8.857079944726477,5411.297
B0046,25,1.428294264765868,4.179370029585307,2.183328288428697,3.405344636824463,-0.0019081565659768097,-1.0155359732475864,-1.002036442615774,14.086951683642923,5.843976657040264,8.951187295260016,5369.703
B0046,27,1.4199848948034668,4.178701514525068,2.169516718963703,3.4032461605763142,-0.0016858857505832202,-1.0142040713603584,-1.0019449254309927,13.314723048488913,5.01792596363546,8.966158040889411,5327.406
B0046,29,1.4043226018516568,4.178686122362143,2.1506636217123933,3.3967709514446076,-0.0015827464254789514,-1.0140802271588931,-1.0019368953910395,14.173291675329546,5.8031849716171715,8.972930848723113,5299.266
B0046,33,1.4234351301615986,4.104216707532647,2.1813781395662764,3.372196461428764,-0.002452303033224444,-1.0152535112311678,-1.0020744940471753,13.959348125513564,4.922953322476231,9.032800036514974,5367.172
B0046,37,1.4339948857967295,4.155511867054,2.1971149516601716,3.3962096829403037,-0.0010990951095201597,-1.0150882170381768,-1.0019365649129635,13.523198161538613,4.662332130765019,8.8666091485246,5406.812
B0046,39,1.4185177047756572,4.17891702072451,2.157995006136477,3.3989726713804767,-0.0004694932106597825,-1.0138597436043137,-1.0017349404979956,13.750234723504356,4.948794491271015,8.91721938287038,5353.094
B0046,41,1.4056313337829422,4.178285871350945,2.198419108542039,3.39769311615204,0.0005755292151167822,-1.0144360732666853,-1.001588196535767,13.400973711086477,4.74356272386552,8.923958703020183,5280.031
B0046,43,1.3890214025155618,4.1780747638293185,2.151164339585934,3.3923860221630204,0.003046516548076153,-1.0142612945959941,-1.0016469274447983,13.648707282364962,5.025686774194673,8.991317663963024,5248.593
B0046,45,1.3723339082737365,4.177918597629585,2.152208745567858,3.387564802409393,-0.0010481100245803275,-1.014489076885478,-1.0017210974492488,13.959820884900516,5.087697171800642,9.016720196858454,5203.375
B0046,49,1.3615778905990565,4.151019587024004,2.165968185309718,3.3755889260430436,-0.001227838941741675,-1.0134987135278009,-1.0015714385037338,14.349640095291218,5.661478093560933,8.999593683204715,5166.812
B0046,51,0.0,4.177351418157289,3.4709356617126152,3.651052971550194,-0.0017014983221299263,-1.0096726635247664,-0.9957188795918821,8.96387999471909,5.132366144065269,7.549065028670864,2384.094
B0046,53,1.4100282016237429,4.178852366259435,2.199378116446157,3.3771442240108183,-0.0008132941108328481,-1.0137238066475507,-1.0017131896387046,13.720010432160603,5.0202014297824205,9.073580268946476,5340.281
B0046,55,1.3395671374926488,4.177296277706522,2.1709534591124666,3.3739069772216053,-0.0002644100073359851,-1.0133151573794765,-1.0014759387718013,14.214578668306734,5.742878333760452,9.035703497783533,5103.0
B0046,57,1.3291515487117478,4.176859724330072,2.1705625280743464,3.3730377771688125,-0.0011858410030944927,-1.0145892320656984,-1.001751590105337,13.7206185074268,5.4401284420509874,9.0428494070086,5051.172
B0046,61,1.3181687033905718,4.148811503971785,2.1762627754763426,3.361814920655554,-0.0002403126979947456,-1.0138523081003579,-1.0013919768296455,14.307049577086083,5.450700875673206,9.103478864398264,5027.563
B0046,63,1.312423708466101,4.17607839536505,2.16031962283908,3.36759601245628,-0.0007938134828941689,-1.0149029063735249,-1.0012785845104526,13.73206507015365,5.306184400117354,9.08626820310501,4993.765
B0046,65,1.2993237532162487,4.175479903911147,2.1449047324556036,3.3619567307164724,-0.0004843385971355234,-1.0129489271534275,-1.0011100184599881,14.550153842364988,6.042016495459646,9.113491912356011,4962.469
B0046,67,1.2877483042174591,4.175276949812811,2.196218583907234,3.360770876263507,-0.0018298264369051654,-1.013842187549723,-1.0010016783342917,14.437029519118854,5.153760692771678,8.977476169539525,4907.859
B0046,69,1.2865282739749122,4.175506752243359,2.1691838412748474,3.3581255157395584,-0.0005833386279632395,-1.0136988771283435,-1.0011852000845294,14.364000921258654,4.682778319876364,9.205520238536876,4888.656
B0046,73,1.2719636386987183,4.145965438635247,2.1947559967284405,3.347714666699619,0.0001827346966842105,-1.014252701339216,-1.0010003485675925,14.693349843683665,5.69978955016522,9.14555330973735,4866.25
B0046,75,1.2714495345417192,4.174989626740224,2.1877179876194033,3.353800882166825,-0.0010479100590296711,-1.0140278357417702,-1.0010290829534054,14.058016587648103,5.173813834388308,9.111354213090989,4836.125
B0046,77,1.2615423884659074,4.175655686812431,2.1508230766314127,3.350657273692142,-0.0006032700585345689,-1.0134629302760532,-1.0009585460015413,13.779152574880365,5.580480841079329,9.163824507961877,4801.485
B0046,79,1.2421201619204132,4.174757798171361,2.190167787518222,3.349047830330531,-0.0010516016356776643,-1.014033434715715,-1.0009004370775454,14.383739114376208,6.071252419449891,9.165326915001913,4760.938
B0046,81,1.2402537441669796,4.175734259626989,2.18851427579806,3.3446343037059103,0.0011973189996783993,-1.014031038623518,-1.0008534371371294,14.589504036127655,5.2806981759694755,9.179753755489338,4740.907
B0046,85,1.2851130012242886,4.087128849753504,2.1637485824862837,3.3205030122204913,-0.0001242568088140868,-1.01490431160623,-1.0011746350209894,13.891154624298235,4.887740323811735,9.27415763140438,4914.532
B0046,89,1.3043327841699193,4.1471218794503475,2.153820870810703,3.349264182688189,-0.0010340594408193003,-1.0140051761194067,-1.0011690143333176,14.673096336965486,5.91413530117764,9.271981913108279,4998.656
B0046,91,1.2778639041619957,4.17500990248918,2.1856873619664867,3.3574536928825296,-0.000911133639197344,-1.0138060897113894,-1.0009996740645901,13.896967367053858,5.96092810450143,9.033984664610193,4890.015
B0046,93,1.2723464591651539,4.175207914830006,2.1586585951828057,3.3535254761184166,-0.0016567091012152965,-1.0150239115464577,-1.0008611138640544,13.908543615362126,5.371461580732384,9.172120651818531,4842.11
B0046,95,1.2477883952768762,4.174827125492382,2.1497344671215517,3.347073227310051,-0.0011668323634643032,-1.014982845931098,-1.000811467966266,14.617560660341365,5.393394316960078,9.093365400458568,4798.281
B0046,97,1.2352499196655526,4.1748101416565255,2.180494984747436,3.348504626898048,-0.0018473709076660652,-1.0139301973708983,-1.000971558605881,14.288124170416687,5.794527318181999,9.119927887302934,4739.188
B0046,101,1.229251291851949,4.144890688492612,2.1583931144361963,3.332816913331474,-0.001256770929404264,-1.013587060727205,-1.0007926094103774,14.875868929885128,5.253901906691608,9.185345552194319,4733.156
B0046,103,1.223890910501634,4.174530382960434,2.1973084174346607,3.343773088070051,-0.0014908924953573374,-1.0133237853999735,-1.0006667122739987,13.880179808466218,5.61551685476947,9.156968538676207,4670.61
B0046,105,1.205423323571373,4.1743300924480256,2.1948349231295037,3.33676988143417,-0.0001828685567612302,-1.0129735089678258,-1.0004434396725717,14.631961684725407,5.0002098383925935,9.08775088318824,4635.0
B0046,107,1.1957824090008151,4.173688629517977,2.153169565361056,3.333058450714012,-0.0014059183662915608,-1.0140945273469484,-1.0004321685718414,14.768164211079867,4.759278495830699,9.184456763175827,4615.86
B0046,109,1.1900729496698461,4.174343502341572,2.1789077465484965,3.330716899309493,0.0004429185095396362,-1.0146645679773671,-1.0004986868063772,15.037938036453403,5.149525989520556,9.215049403610458,4580.75
B0046,113,1.179201763233652,4.14222437268915,2.16713614374112,3.3218468956700393,0.00039752948778596373,-1.0135210185380688,-1.000373674220122,14.290141125898849,5.663909871142696,9.185331012909922,4557.406
B0046,115,1.169504032514554,4.173393414123743,2.175632256591337,3.327359417043662,-0.00027943060407198644,-1.0128647179210617,-1.0001870072907715,13.996450231420782,4.409919284003476,9.046655941616262,4524.0320000000065
B0046,117,1.16772376849918,4.173536996898156,2.1992835564527877,3.3259632346577273,-0.0006486693485850827,-1.0135831957851476,-1.0001225394585929,14.935082428364883,5.761080260625401,9.26195924957788,4502.938
B0046,119,1.1579256145829042,4.174582549013794,2.176786994904175,3.322240958381916,-0.001431639694947678,-1.0125088172166772,-1.0001481029921278,14.99164974108056,5.394685631512769,9.252994157098664,4483.094
B0046,121,1.1499812813376982,4.174588307825947,2.1988382142547396,3.325985699672719,0.0011618338723595354,-1.0140396121078876,-0.9999638117239763,14.811846373564524,5.001649533206434,9.26310734626783,4448.36
B0046,125,1.150285902223034,4.140409334076233,2.165246924019346,3.3114789937571287,-0.00020934618970872452,-1.016160339741845,-1.0003136352879307,14.247555903096723,5.6790936483184975,9.331127163327569,4440.531
B0046,127,1.1349452274085248,4.1724288341154105,2.1595222389378317,3.3170441017303047,-0.0010349534985669023,-1.0136323841516852,-1.0001598810351362,14.332240013732582,5.882589800119293,9.266824205941363,4416.547
B0046,129,1.1380960963513609,4.172310550176221,2.1831972567411246,3.314496922697215,-0.0004297533680132629,-1.0151417452145364,-1.0002538884639347,14.276871638701772,5.70607291456078,9.20992133972331,4382.937
B0046,131,1.123711172150547,4.1745648072291,2.191895759269081,3.315933995614132,-0.0007365343314831497,-1.0129399611534418,-1.0001281764463046,13.777310967702926,4.848055925778921,9.1721362476023,4347.453
B0046,133,0.0,4.1730486061960095,2.957668027855621,3.4426193474976627,-0.0016422367912475163,-1.014458126942988,-0.9990527044797731,11.441352869995514,5.537797928281438,8.57217147461004,3581.188
B0046,137,1.214119211354098,4.101731329888953,2.1989086411312972,3.2963331961890048,0.00020266486500403313,-1.0136804581659815,-1.0007810921100906,14.96165525093106,4.207894279260447,9.25834987796474,4746.5
B0046,141,1.211944797522819,4.14324574268369,2.1759612427269523,3.3205927834140843,-0.0016350840270743978,-1.0138752417282513,-1.0005274848759138,14.622124863653873,5.478084527507487,9.311634785976043,4679.156
B0046,143,1.1971248679331923,4.174381858889519,2.1740843812957524,3.3321448974569696,-0.0011502757291964286,-1.0134453544249995,-1.0003494909916653,14.181162993443126,5.766281580897997,9.306501252940652,4596.578
B0046,145,1.1822892151870987,4.173792780760516,2.1699286892596934,3.3300589536831566,2.7256060250898507e-05,-1.0132265455749991,-1.0001304668043076,13.989284902759552,6.004760162893874,9.361883663268088,4544.641
B0046,147,1.1645336676778397,4.174292933831419,2.15658205310809,3.326398154149516,-0.0006714945253900445,-1.0127770109447685,-0.9999751500715209,15.042601535042603,5.915029423059273,9.565977385225588,4526.938
B0046,149,1.1535559567518647,4.174080626824366,2.159229413482601,3.324081152870965,-0.00043297566900330967,-1.0138936920010262,-1.0001108627417223,15.027421071078606,5.67699835260256,9.613253810213061,4487.438
B0046,153,1.1601987101282065,4.089380393518967,2.1981836512730997,3.2901896835135895,2.7940570327789576e-05,-1.0184755755177433,-0.9997380074680035,14.577396723095212,6.096463757673844,9.659706152498446,4513.312
B0046,157,1.1711716308206082,4.142442473931475,2.172247401410494,3.3123680120679446,-0.0006009137673257847,-1.0139384129430251,-0.999942885934547,15.36587842843583,6.043750449758176,9.660074492266734,4568.438
B0046,159,1.1563410270783216,4.174041322689958,2.167855497701561,3.320267294029527,-9.188842542528952e-05,-1.0134236160019647,-0.9999545027275712,15.29268403662172,5.99587629562271,9.610732084606383,4499.656
B0046,161,1.141082456193516,4.174154842675988,2.197413864039741,3.3220005581957603,-0.0017926120869063676,-1.012621804825029,-0.9997765998111345,14.698902260428524,5.723451619542152,9.509606751933422,4430.984
B0046,163,1.1352383596118123,4.173817719824036,2.1808859045895868,3.316995919062792,-0.0007793921950520503,-1.0138097315277292,-0.9995908082297772,15.066788669768552,6.144973775318404,9.55376799961061,4411.141
B0046,165,0.0,4.174508000036821,3.4276877712777214,3.6155991581342013,-0.000899018350306399,-1.0091411483576724,-0.9914201446967897,9.413942588565497,5.505465509140455,7.9488520188669245,1991.531
B0046,169,1.2530847858282803,4.122428601972404,2.1634350552847827,3.304824958917925,-0.0002592366156627036,-1.0118756251887793,-0.9999417105324964,14.884443210062466,6.076388571807733,9.689325427035971,4883.312
B0046,173,1.2050453590356518,4.143823070139112,2.1839323108066178,3.3235919579934095,0.0015024551516464764,-1.012656973957246,-0.9998017376659812,14.454392118638458,6.196876383261514,9.54652406934783,4663.907
B0046,175,1.19119860196273,4.173823759594136,2.196284886273677,3.3336764636844887,0.00032904816663015854,-1.0140280598156248,-1.000249176467669,14.172939173239188,5.3689616198379495,9.486110245180768,4581.328
B0046,177,1.17463817374538,4.174042864835579,2.1526544597098902,3.32512940887575,0.0003226122774269109,-1.0143271740416915,-1.0000755059089512,14.797843662102167,5.574768582818901,9.528985199683015,4553.031
B0046,179,1.1555432048235512,4.173923325104936,2.1963314779954723,3.3265245824041667,-0.00017455068132652614,-1.0135805482915095,-0.9996836231447859,14.86814851282613,6.176787099087437,9.519831150565885,4486.5
B0046,181,1.1538041170229467,4.174510564064746,2.189500804437932,3.325662411014798,-0.0014301937849856227,-1.014505539753993,-0.9996591394483646,14.051631055988958,5.512487384505981,9.508632239069211,4450.625
B0047,1,1.6743047446975208,4.246764125510136,2.4706118669327277,3.4752664759657903,0.0002523886105860831,-1.0011013482434699,-0.9527668403077523,12.376815880696887,5.0080842944609065,8.272422519178683,6436.141
B0047,5,1.5243662105099023,4.186635709569866,2.477661652422805,3.4765588189090355,-0.0015358996096327838,-0.9981417400029184,-0.9838885014038209,11.314903320182367,5.4549567195531115,8.210715424489035,5650.265
B0047,7,1.5080762969973425,4.199922751479228,2.4707098734854784,3.4707669643372343,-0.0007456986626560674,-1.0003069695936524,-0.9838892612061609,11.624528187721145,4.9221781193622345,7.954455063989402,5590.907
B0047,9,1.4835577960067696,4.199568876812779,2.465457800547402,3.4675514337042928,0.0003032433409723881,-0.9982799264042614,-0.9789465319710104,11.0929238810592,4.553269274801158,7.985864710265716,5543.61
B0047,11,1.4671391666146525,4.1993968014662295,2.465765118194009,3.4628386272032645,0.000422011591452891,-0.9986834889880237,-0.9762620303137102,11.020979145558455,4.826283158332467,8.009426990342208,5499.046
B0047,13,1.448858156982267,4.198907847432783,2.4700482803033514,3.4591836330966035,9.027841205808633e-07,-1.0016128378277855,-0.971168129982195,11.05909419348262,5.074450571014079,8.033626730077737,5461.219
B0047,17,1.4458534180949325,4.163303236325632,2.484128874181115,3.440865649757287,0.0009494056462554054,-0.9983585499996894,-0.970933467028425,11.877028657628198,4.135578398049189,8.150799939416203,5451.281
B0047,21,1.431118266178283,4.181797294694067,2.483034750266961,3.44810227661685,-0.000611161990235027,-1.001368895703553,-0.9610547420763002,11.559250858608888,5.292800359862219,8.230899786348077,5468.062
B0047,23,1.4192745516578533,4.197837203348764,2.49830336362436,3.4496654644975946,-0.0013182019564115257,-1.0008569581108415,-0.9582923588349711,11.34743713793976,4.779042205440951,8.146945225413083,5411.297
B0047,25,1.3999974221808271,4.197777018222757,2.49851157426792,3.4449123724079618,-8.976016421710795e-06,-0.9983176454232489,-0.9553719838321842,11.693269060729056,5.664182556239294,8.251894856354932,5369.703
B0047,27,1.3885156686114437,4.197306543877358,2.4919375577484737,3.441830864370845,-0.00025843776804272017,-0.9987614170997863,-0.9527836491780217,11.557441727679935,4.636183279973251,8.23497518866995,5327.406
B0047,29,1.3652234669528964,4.19770091242359,2.4683068422721184,3.434468178084287,-0.0008146601542771065,-0.9997148821455012,-0.949814677088373,11.667407771157471,5.589217205361708,8.269239827690175,5299.266
B0047,33,1.4060442272970963,4.1533796403143945,2.479195639185483,3.430115214310407,0.0028748902917332016,-0.997480494103194,-0.962374774611937,11.311016339650983,4.471510284837189,8.236583239584068,5367.172
B0047,37,1.4057541613525781,4.1809212253928045,2.4933737831605582,3.442078085056046,-0.0005800539086706074,-0.9986334774069276,-0.9528782892582865,11.175603921563273,4.257651735866639,8.16126508624072,5406.812
B0047,39,1.3867662881727878,4.198049966629152,2.4915713224709926,3.4424678812268277,-0.0003116546335126342,-0.9987804112417712,-0.949763883381583,11.15023736338702,4.600686396248,8.25301239256121,5353.094
B0047,41,1.3705053061420223,4.1976485673043396,2.471859124111365,3.433855142547628,0.0017552546473027094,-0.9993894668560379,-0.9517106306260905,11.81131136026599,4.266161089290105,8.291638340695691,5280.031
B0047,43,1.3497431114823601,4.1969633661004995,2.488914813470205,3.4327517306039357,-0.0004111896147658927,-0.9976329826755008,-0.9434304652541514,11.699803023226297,4.608224781334378,8.318107121376224,5248.593
B0047,45,1.3251533367939783,4.196227134476293,2.4728525339367153,3.4273855541261473,0.0004097038227720459,-0.9979036135281563,-0.9400482502771171,11.234017863419322,4.784737147270536,8.303021352537922,5203.375
B0047,49,1.3111943869635805,4.176260352394772,2.4822189935935484,3.4184685184601045,0.0020782269682447043,-0.9983031482652807,-0.9371553622323054,11.729632241368254,5.473663110232025,8.32601397527908,5166.812
B0047,51,0.0,4.195583212031605,3.452630071948054,3.6507246573834036,-0.0006654219607429016,-0.9986297932484945,-0.9839651386620409,8.565277404002732,4.883778524929352,7.192903163731922,2384.094
B0047,53,1.3394234405932892,4.199835388165491,2.481264290061195,3.4156755122328164,0.0006870764093463485,-0.9989433150461876,-0.9234823229846594,12.186162994585318,4.748318446282868,8.388106987601862,5340.281
B0047,55,1.2849157142560723,4.195847527614419,2.487540187711501,3.4189443106786306,0.00028556011889476645,-0.9988068791837494,-0.9304720950574632,11.147409475641334,5.506502298082729,8.304841644444155,5103.0
B0047,57,1.281719159327807,4.195387366763826,2.4907582384317,3.4147835574863517,0.0006728455289218337,-0.9985415333431111,-0.9322821459755778,11.681014963080823,5.165891185911349,8.319029412369582,5051.172
B0047,61,1.2600051642942829,4.174064296873529,2.4931638320699276,3.409591730169167,-0.00018006067678885291,-0.9978750591581058,-0.9267897523084677,11.29683746494969,5.265209753192886,8.40175592495139,5027.563
B0047,63,1.266070385993126,4.1949588865165515,2.479240941037315,3.4076452403509663,0.00037580940095473546,-0.999192550425453,-0.9316504925123938,11.88239860330653,5.042763463669986,8.395347720509115,4993.765
B0047,65,1.2413590294280803,4.194794488425212,2.4915265338912347,3.407201115194828,0.00045781097281417856,-0.9986749467627316,-0.9255669375549473,11.79170575767619,5.772401422548551,8.419292173692186,4962.469
B0047,67,1.2298873703485311,4.194210512385239,2.495727313119633,3.402851724115477,0.0023220081628674482,-0.9974120790687706,-0.9273633082574367,11.726616039636879,4.5960098938546174,8.293327119939335,4907.859
B0047,69,1.228088614506696,4.19378669081209,2.4979742120513753,3.398740761774466,-2.2621404575421422e-05,-1.0012611494596309,-0.9267828902753352,12.464631760563272,4.152158421868814,8.49190236531868,4888.656
B0047,73,1.2139857189070042,4.1718864589662426,2.495109477398993,3.3945066004903923,0.0014853973830615361,-0.9975908962365797,-0.9236824517720293,11.863547747838407,5.196024953575391,8.437149776270967,4866.25
B0047,75,1.2173435064564189,4.19388971043665,2.4851956352139384,3.39192930556013,0.000778900536694776,-0.9986484518139435,-0.9289085100178415,12.460832791038596,4.936935040317449,8.429621946088576,4836.125
B0047,77,1.2073445944515917,4.1938733183948385,2.4873308484835266,3.39128980672992,0.002953130909437472,-0.9987472813404835,-0.9282275865985666,12.213639136225725,5.369516146499022,8.46306110156025,4801.485
B0047,79,1.18804049227045,4.1933443957612875,2.488620645344286,3.3932667889977313,-0.0005256589834506824,-0.9988826270225113,-0.9244391789678553,11.534784991217848,5.5057525885028795,8.459204966688853,4760.938
B0047,81,1.186304749886542,4.19356398488292,2.476969143594387,3.3838600818009588,0.003935485078097098,-0.9976143324063643,-0.9270544586298616,12.42977502748968,5.006658336012915,8.493224799915222,4740.907
B0047,85,1.2613935471028506,4.142510591712848,2.4790054948940434,3.3866520851320576,0.0013319223708717649,-0.9986321522662405,-0.9460868598841972,12.428323073625249,4.680181437078328,8.466232868159803,4914.532
B0047,89,1.2648246158850653,4.174381011699289,2.479600589435018,3.402095154295076,-0.00022334418420780365,-0.9975353876339267,-0.9356871602351079,12.487413364213579,5.460927246338855,8.553128334903379,4998.656
B0047,91,1.2466494548982199,4.194961577545829,2.46837363838224,3.404625504614091,0.0012695281459834545,-1.0005201322759871,-0.9401469539731849,11.343734065329729,5.708474303182395,8.342818484380935,4890.015
B0047,93,1.2333924152795082,4.194728577808066,2.497016493627855,3.3977378433240313,-0.0009374158672241103,-0.9990584594637684,-0.9395699773936357,12.641653349352346,5.230194273505954,8.481468325698998,4842.11
B0047,95,1.2129250072037692,4.194123941573546,2.4751740867556524,3.39454078926717,0.0003264313426998397,-0.9979572313546616,-0.9358360923749525,11.969937687736323,4.945143641793303,8.425193812256257,4798.281
B0047,97,1.1999106597943647,4.194413177433493,2.499811739255094,3.397135252361952,0.0005256253294342453,-0.9985176632293312,-0.9347239037948782,11.438399477589398,5.685535074662302,8.471726206300676,4739.188
B0047,101,1.1902559038393383,4.172002506353698,2.494550023378076,3.384557786350807,0.00015902901031444413,-0.9982543809866457,-0.9317054169779714,12.144441411939049,4.804809639171537,8.510483818712029,4733.156
B0047,103,1.1892563795455853,4.194068049662567,2.477337702429082,3.38207924956575,0.001145434143962905,-1.0001312935854783,-0.9431234654151266,12.67224284322037,5.503640579819108,8.530222967717657,4670.61
B0047,105,1.167069685125939,4.193464344236471,2.478325379623597,3.3808097620789024,-0.0007026344439326909,-0.9979392762794397,-0.9364521415339061,11.984785271459067,4.838263185416672,8.420605358837513,4635.0
B0047,107,1.1615348403090369,4.192797311893991,2.494831087986124,3.382026759648077,-0.0002550438571568388,-0.9991002654942741,-0.9330135422416264,12.101959002780742,4.344075258493417,8.51215713252602,4615.86
B0047,109,1.1555563844349988,4.193468094113346,2.4956781405402677,3.376424700878435,-0.0005101948291866981,-1.0171989370447034,-0.9354455085688509,12.396974763839234,4.959571710692188,8.54602737861718,4580.75
B0047,113,1.1488524666097713,4.16991637056524,2.4729308126474736,3.3729563491800936,9.016949599716493e-05,-0.9986136164374133,-0.9350017140200774,11.455115215105929,5.147446794368618,8.4485741292899,4557.406
B0047,115,1.143572986788779,4.192396921446495,2.494578415325497,3.37864248825242,-0.0006963540586541083,-0.9974310644719283,-0.9345624675488318,11.39345446641458,3.936045741298076,8.334392904335672,4524.0320000000065
B0047,117,1.1418015379428537,4.192623205881946,2.492546798627854,3.370172138170829,-0.000562986623478762,-0.9979515372361277,-0.9405823229183861,12.6352725981059,5.565824291195301,8.548983420432004,4502.938
B0047,119,1.136058647502255,4.1933895299679325,2.4752083843332136,3.367920943746027,-0.00013043006955548313,-0.9976588428393416,-0.940166082376245,12.45444631401429,5.1455704528550195,8.545644001542279,4483.094
B0047,121,1.1236364680969286,4.192510832064287,2.4974098896142385,3.3731133787458685,0.001166204536773494,-0.9980113940759702,-0.9385550163357156,12.18400994607025,4.688571374253996,8.530684068571668,4448.36
B0047,125,1.1320498900328944,4.1689267149519535,2.470530852621601,3.3570684734893477,0.0009573267451609473,-0.9999712649338626,-0.9458548848985765,12.849012968534737,5.497525279278245,8.5880890540764,4440.531
B0047,127,1.1170101762158153,4.191753022543457,2.4800604125308974,3.3691516897861753,0.0006540065615606124,-0.9974683513415105,-0.9389122330771017,11.44307926801482,5.347061693193263,8.520717953543993,4416.547
B0047,129,1.120043039721982,4.192116566565046,2.482310382215253,3.3578225461504885,-1.817718980463965e-05,-0.998613125908309,-0.9483861774789661,12.895633770945397,5.123903583463241,8.509426489984776,4382.937
B0047,131,1.1059773445917063,4.192241727517348,2.499914991218416,3.3676285575809373,0.00012329873483936501,-1.000314056557349,-0.9414049088928778,11.573902587010835,4.609747972453439,8.454153696786289,4347.453
B0047,133,0.0,4.192932934065261,2.9946951355251095,3.449492446913663,0.000603436531951827,-0.9976532128149662,-0.9867055393374604,10.553052640742195,5.370074531227729,8.047459499367323,3581.188
B0047,137,1.1907902374762016,4.151696493245396,2.47468810834507,3.372493003925355,-0.00036657306824835773,-0.9989815716960125,-0.9331169601303769,11.984288635557064,3.882513023508471,8.476574571858773,4746.5
B0047,141,1.2012387088454022,4.173641970261601,2.4936019875098454,3.382136756328252,0.00037301646112965426,-0.9979179416669461,-0.9478477265636571,12.836265571184011,5.389667102986422,8.567006275916873,4679.156
B0047,143,1.1906909549024802,4.194390827243979,2.4794043785439617,3.383822718764627,0.00013445207515640976,-0.9980570526982784,-0.9564435237852029,12.655987301395294,5.650047278870985,8.607327084258758,4596.578
B0047,145,1.1764375730308343,4.194161811786053,2.495823360233662,3.3860339727551585,0.0018437228242266365,-1.0010833967174453,-0.9528668500629852,12.20963360823446,5.763668242393892,8.707959029152644,4544.641
B0047,147,1.1628110372792353,4.194190653204952,2.4834980820953168,3.3841395923852935,-0.0004384389125333016,-0.9969202436286994,-0.9523529313575727,12.780134013784455,5.695680582397816,9.003534328496398,4526.938
B0047,149,1.1516152840582585,4.194292935889806,2.4920392941768497,3.3827771801616175,-0.00044848481660337376,-0.997543073671386,-0.9518066439769568,12.658108002877777,5.446015893467767,9.02852617906244,4487.438
B0047,153,1.1583673498348623,4.146356741131726,2.488243242390158,3.364536091766799,0.0005294976745800363,-0.9975286494682145,-0.9517057744990748,13.249368019025939,5.821681060954946,9.027729535660669,4513.312
B0047,157,1.1692285288386206,4.172368631167838,2.498187334581169,3.3787603150369994,0.0003941574290999613,-1.0069329030946041,-0.9457722537487265,13.102537521023756,5.850291159286313,9.071608131387514,4568.438
B0047,159,1.1588148476218465,4.193697451503613,2.4982213366801296,3.38042492580436,7.08459253948992e-05,-0.9983451614477945,-0.9517682668620395,13.019156020970017,5.813454944381435,9.050284055951,4499.656
B0047,161,1.1439588147705457,4.193432136090228,2.4715997205282143,3.3757552328187086,0.0006151673332680062,-0.9976242692758269,-0.9577750037054298,12.612257184300963,5.570068309383535,8.986064263951343,4430.984
B0047,163,1.1383941068159398,4.193707973256604,2.4972991957929973,3.374465176072899,-0.0003321210116835783,-0.9998543531325201,-0.9541869981546398,12.968805846071126,5.966721242217489,9.036875447987502,4411.141
B0047,165,0.0,4.193728328919069,3.4270575222731954,3.6287077311529012,0.0007510084712899575,-0.9971825301175917,-0.9792035664803379,9.05446951177611,5.299836944616897,7.698431744424151,1991.531
B0047,169,1.2213102850395667,4.166980224197571,2.475863858583421,3.3850807989789575,-3.813511310859022e-06,-0.9974759876799106,-0.9269695970852067,13.123905320087225,5.917626432694945,9.095394308322597,4883.312
B0047,173,1.2031062978889062,4.1751120424901105,2.482088014003299,3.3900890450634233,-0.00013904430804297416,-0.9988968847011238,-0.9526683776410486,13.179418154583676,5.848925591344167,9.009063913586548,4663.907
B0047,175,1.1897147112197684,4.195168632438667,2.484545959502679,3.3919885847746993,-0.0005129100273384777,-0.998023029768851,-0.9591403423116251,12.742282067813369,5.059900934661653,8.958051495293551,4581.328
B0047,177,1.177422568842014,4.19482784099826,2.4817240149799855,3.386239960829826,0.0004742870029912351,-0.9980685590651619,-0.9554277687381623,13.23162562344335,5.25228005674153,8.972563208541265,4553.031
B0047,179,1.158443027293818,4.194470276921028,2.475682459777723,3.383817098626054,-0.00032593770864967057,-1.000419995099013,-0.9577201485364993,12.857920538298638,5.911910142205657,9.037146843138395,4486.5
B0047,181,1.1567087516841796,4.194180006661532,2.4992087242533025,3.3818846696550433,-0.00023881525579207068,-0.9976414843513567,-0.9573123780210179,12.67528068575023,5.3659263532424175,9.009035929017505,4450.625
B0048,1,1.6579955793677608,4.223690952621402,2.6876065414465464,3.4658606296374312,0.003009475416411179,-1.0007401829986413,-0.9275960004271296,10.851944131643279,4.829134798348132,7.9114909421254485,6436.141
B0048,5,1.5076933476098775,4.161851896835355,2.6835427959445024,3.4593246298099665,0.0007031704374309518,-1.0008913420360177,-0.9596376462561298,10.829468947828506,5.772228474438241,7.958927971485882,5650.265
B0048,7,1.4989223343608031,4.175466417206107,2.6769979855651793,3.4552294701778714,0.00012576468986550066,-1.00468755228754,-0.9640819411783536,11.053444137693344,4.596833268139085,7.708927821830712,5590.907
B0048,9,1.4782919502497789,4.174693750587349,2.6934384147921953,3.4575807060974952,0.00248435207828209,-1.0003370114328405,-0.9590403279797146,10.582379295049947,4.7430828910301654,7.711890755969547,5543.61
B0048,11,1.461856891390611,4.174741021763634,2.6967591738883163,3.457640385589739,0.0017833078818055765,-1.0024109953994933,-0.9561581387967848,10.227762694291695,5.090456621271111,7.733691649876036,5499.046
B0048,13,1.4509592706473475,4.174511213058054,2.6855475478766424,3.454056999646405,0.0002502113009859556,-1.0007359400857092,-0.95562492940014,10.448166696977866,5.052463006214185,7.713793706750157,5461.219
B0048,17,1.451746997147108,4.14121689573938,2.6917502037421612,3.436367401137892,0.001179655026987361,-1.002031773364646,-0.9577937939731284,11.087645565750543,3.9324231269288994,7.8513931260036465,5451.281
B0048,21,1.444392866287476,4.158004815622747,2.689384375743919,3.4466304878843594,0.0020322605199551112,-1.0007316751284792,-0.9502347980955429,10.331525897326845,5.537851990335868,7.905320525605018,5468.062
B0048,23,1.432738323965376,4.173957792716822,2.6855540838129546,3.4469353939775913,0.003499108846123608,-1.0005511265640192,-0.95236200437101,10.695473118282326,4.843165715131853,7.847675607740912,5411.297
B0048,25,1.417241201438662,4.173757067290182,2.6891526224241358,3.4438356242957933,0.0024035681930929228,-0.99971357088635,-0.9494102232020357,10.588614300598088,5.513246233631286,7.926506175979814,5369.703
B0048,27,1.4057559944573452,4.172904801080625,2.678956108681276,3.4417182002819104,0.0016393911719587986,-1.0019089598735609,-0.949209508836394,10.710761172174601,4.743978301887625,7.937097401174621,5327.406
B0048,29,1.3902706269897063,4.173032965850683,2.688287422782237,3.439456123966976,0.0026758903873933025,-1.0010368726226484,-0.9438502376761829,10.526862897224621,5.5698989124264635,7.9661274485105595,5299.266
B0048,33,1.4196659307880326,4.133304141515335,2.680621623320638,3.4300387550398135,0.0010952107989710773,-1.0014340929938248,-0.9514090951270098,10.680714357791624,4.137443220942473,7.886742523689043,5367.172
B0048,37,1.4190563985232272,4.1566553119964516,2.693587841641054,3.442487347026378,0.0020320180393504314,-0.9997588632259337,-0.944155823754122,10.479304841863389,3.9924537464053276,7.810373532807223,5406.812
B0048,39,1.404272356704056,4.172913024979518,2.6905447145318244,3.4434500367152183,0.0012058996227724682,-0.9998144854501804,-0.943749133811343,10.378581035006627,4.561699444118848,7.869709498966687,5353.094
B0048,41,1.3916140490958342,4.172334722190024,2.6889512479861937,3.4369770767738053,0.0018081909218465376,-1.0005582914042201,-0.948030574788209,10.851484720266557,3.989340515617782,7.873285917762758,5280.031
B0048,43,1.3749618350294734,4.171533861821569,2.6767423992621824,3.4351167375068576,0.0018186296784073622,-1.000296719098956,-0.9424402883201639,10.70498211965856,4.320857993357971,7.888295790156799,5248.593
B0048,45,1.3545155713071164,4.172113180559959,2.692752260117709,3.4352880614818906,0.002945922900341213,-0.9998388108585378,-0.936561624298611,10.268281599303819,4.951795065579511,7.90514873318139,5203.375
B0048,49,1.3440223073315984,4.152547964911409,2.69610071870072,3.426473499744202,0.001847873095543044,-0.9997539612146187,-0.9359740520534714,10.420289094539939,5.453380314760635,7.9278743808781424,5166.812
B0048,51,0.0,4.171642845757827,3.4429735829245125,3.6332673475295345,0.0007942381340608117,-0.9993706702918804,-0.9854751233942509,8.382812028066311,5.137975123717214,7.084065434295192,2384.094
B0048,53,1.372384475860572,4.176821150785954,2.6813752744142234,3.4231723044699156,0.002825714870101856,-0.9998450687021054,-0.9249433480673207,11.025933551300648,5.066670449647178,7.950376644939932,5340.281
B0048,55,1.3184105752674413,4.171686901258687,2.6946752970811247,3.428797713311107,0.0018603393207839549,-1.0005731202327626,-0.9296783941589579,10.196289899952209,5.533218200827807,7.891054732187375,5103.0
B0048,57,1.3112727599578604,4.172000465131976,2.6954700046169733,3.4246615589655964,0.0030002151765806807,-1.0035187304131963,-0.9340469067277114,10.67776116366158,5.448284108593169,7.911933312913009,5051.172
B0048,61,1.2970172419001187,4.151092092342163,2.696945913635699,3.420260120001828,0.0027748871456291283,-1.0002204688393834,-0.9282929869770825,10.197605675555666,5.563022662749718,7.9731250548171255,5027.563
B0048,63,1.2995219526631718,4.171107672675929,2.678219557836974,3.4176468335228454,0.0044641721580971775,-1.0006309576468801,-0.9361639727698597,10.817583822184044,5.305296976396524,7.988820643678426,4993.765
B0048,65,1.2826154066729571,4.170406220123355,2.6929901554909765,3.4172601086559014,0.003159118826617647,-1.0004747296268892,-0.9299928998106647,10.516072793190034,5.382210395843422,7.990220402102304,4962.469
B0048,67,1.2752890152407,4.169460748536267,2.6849697818820895,3.4115448650857543,0.0020541121597789282,-1.006586673096361,-0.934806579329965,10.549697060839051,4.323941422488026,7.882690956878554,4907.859
B0048,69,1.2735572473264072,4.170165006607723,2.6836073579697186,3.4065891490442124,0.001864731769280234,-1.0026150245180556,-0.9370645194852636,11.262651366620426,3.9473512652861746,8.054682377673142,4888.656
B0048,73,1.2594114333938535,4.148906074950599,2.6880496504528555,3.404850768576602,0.0038491351535378153,-1.0001495156365345,-0.9310772172053213,10.67022537319244,4.8115564819625565,7.989516678064296,4866.25
B0048,75,1.2631632585495876,4.170272562112315,2.6866245843324728,3.4037388246513496,0.002545860802760122,-1.000662603416492,-0.9394586031577282,11.290252755528313,5.22224566501025,8.031961049301984,4836.125
B0048,77,1.2491717310136363,4.170271899546104,2.698617918096401,3.4068285577090975,0.003435521151490444,-1.001004029933717,-0.9358379166065879,10.973350060572036,5.67786105224998,8.043229181254354,4801.485
B0048,79,1.233984347835307,4.1694521749389235,2.699107325579607,3.4086789774100317,0.0032156201712743083,-1.0009807316550958,-0.9322392887454545,10.3391489283262,5.160424118649307,8.03181115051043,4760.938
B0048,81,1.240031992028868,4.170146996930818,2.6835548325191994,3.3973450050321667,0.0032676933828671303,-1.0015794381065346,-0.9406998132859437,11.22843469416495,5.270377561388148,8.097013437245895,4740.907
B0048,85,1.30370857198071,4.12494331073437,2.681569834191177,3.3993392010348766,0.0027412393601330834,-1.000338666801855,-0.9537093572867028,11.142187018109254,4.729340770408116,8.022533123805395,4914.532
B0048,89,1.315055963470538,4.151287967783268,2.683679055503892,3.4116534333763227,0.0029521447447247123,-1.0008223865758235,-0.9460022622334843,11.266783334689709,5.108006310610777,8.108172025448226,4998.656
B0048,91,1.2888738300982074,4.170265534323388,2.682654869893668,3.417645007960136,0.0027404094242924303,-1.0014803549820415,-0.9477332619889278,10.42585253276335,5.1622931051860395,7.8977220071348055,4890.015
B0048,93,1.2877137595885193,4.1709795561538705,2.6823844675903756,3.4079105797438367,0.003077251611116991,-1.0011333619216,-0.955996398502354,11.216029100406415,5.449713987023955,8.04149350152151,4842.11
B0048,95,1.2673379985315463,4.169424514471797,2.6862404868403718,3.407164499269472,0.001830695985392169,-1.0008607894638553,-0.9495988780290304,10.782099455149345,4.546722884578634,7.954120438181095,4798.281
B0048,97,1.250594345697306,4.170624380836064,2.6969281633328235,3.411264697940678,0.001836151413015362,-1.0007680402205719,-0.9487217927497306,10.321202935071103,5.50301085785278,7.99745058769299,4739.188
B0048,101,1.2487131179395878,4.149740744130536,2.697244348677796,3.399055092260418,0.005832843427952291,-1.00042503459904,-0.9484783034454789,10.970703995179441,4.482961780107139,8.033089769228212,4733.156
B0048,103,1.248002326082933,4.170538290499679,2.682663772646134,3.397998613644679,0.002412899307793271,-1.0015325180388504,-0.960288282497019,11.121182366824467,5.62240286953277,8.032822875095608,4670.61
B0048,105,1.2300895244599586,4.170102316006519,2.6897565950033164,3.3968749308721438,0.0023415784094730314,-1.0062480227973458,-0.9538841832821683,10.805368665446066,5.066112833343836,7.971994643634386,4635.0
B0048,107,1.2244197121500935,4.169002458595089,2.6851150517360427,3.3949285391136215,0.004188276315737522,-1.000237361904988,-0.9534653843148169,10.904276324187439,4.014798668315889,7.985840586212385,4615.86
B0048,109,1.2186682845116386,4.169722967056448,2.691698678764574,3.3923053503439844,0.002146561775158097,-1.0009932577793423,-0.9561814714709561,11.177549576040898,5.146085898076146,8.055923800450703,4580.75
B0048,113,1.2037865236033616,4.147796072295514,2.688395997689043,3.393507466288284,0.002419760196360418,-1.0006542561971035,-0.949495711589349,10.375532122783676,4.773271337412214,7.982156595851859,4557.406
B0048,115,1.1947642300832226,4.16937546220786,2.6966509268234162,3.397997936501643,0.003927588274909252,-1.0009626594711905,-0.9491950189128958,10.314092555911314,3.6358068711620457,7.842796481143621,4524.0320000000065
B0048,117,1.2052091893871497,4.170164354666364,2.6969697387700067,3.3882925257712975,0.0019253522309582184,-1.0010181767758786,-0.9617018565505487,11.367431862943256,5.400512363966563,8.079939832789865,4502.938
B0048,119,1.1955746593628465,4.169926901474105,2.6967087456075824,3.3877256181336417,0.002982864599582341,-1.0003688126988763,-0.9582791920312705,11.06954549641082,5.364985230876063,8.064765751727982,4483.094
B0048,121,1.1888497102149884,4.169479557902343,2.6919470298999473,3.3892443793813447,0.0014238030452447463,-1.000126079444024,-0.9604573336465301,10.977331626368251,4.837302629347535,8.047690080561159,4448.36
B0048,125,1.1915605250807406,4.1466990810536295,2.686563173222129,3.379247569665043,0.0029238576437456416,-1.0021900619093496,-0.964049565042912,11.250413706808821,5.5735629503418185,8.077528255423264,4440.531
B0048,127,1.1726587153109655,4.168333177873153,2.6961737443762415,3.3916390352444328,0.0024173954685969383,-1.0003664269909844,-0.954156405475968,10.261913330935936,4.946061993175074,7.993540199499143,4416.547
B0048,129,1.1841133872494156,4.1690272272079385,2.687805922420921,3.3795641863547807,0.0032786212576060634,-1.0012571198673526,-0.9703946548779708,11.209451387068038,4.7039866238116534,7.973181959906697,4382.937
B0048,131,1.1576825122317769,4.169215137661718,2.6954427225266566,3.3905357196785717,0.0019777963812346033,-1.0018658991684293,-0.9568118198331175,10.394655986683219,4.719507027593361,7.915947250994455,4347.453
B0048,133,0.0,4.1701191621232025,3.078111316923791,3.4657216656737035,-0.00024557605061535935,-1.0001136128555836,-0.988731690729091,9.73523495959482,5.388916599525719,7.631644271961187,3581.188
B0048,137,1.259355851168598,4.135364610542779,2.6861121256233056,3.3909861606032004,0.0012033859895205583,-1.0023792621826997,-0.9536560997964092,10.71880829888557,3.640778332395991,7.938268366482139,4746.5
B0048,141,1.265883375278026,4.1506494675081695,2.6816961536149058,3.3970417211274984,0.000746731599392982,-1.0001686999268207,-0.9718532283937389,11.267543040114028,5.280785927020868,8.024531067354474,4679.156
B0048,143,1.2472598673184119,4.1705945560509186,2.6935260886313634,3.4053897793262036,0.0008686434908399869,-1.0029269600514006,-0.9745908346175696,10.977215485451685,5.439127798474958,8.026701986317695,4596.578
B0048,145,1.232808747256218,4.170902199360611,2.6819098951639786,3.4044637089502996,0.0012745576170925252,-1.0009156470599612,-0.9743182693533817,10.698980931953203,5.5760957810433815,8.083086131954136,4544.641
B0048,147,1.2319592783041904,4.1707733769162845,2.6836569825858465,3.40066115678775,0.0017172085207204622,-1.0001085078242802,-0.9773202136961056,11.200778779435032,5.877656826915311,8.282945581406354,4526.938
B0048,149,1.220785786262778,4.170606882649154,2.686405541586876,3.399557901522936,0.0003549387845271242,-0.9997514170880323,-0.9769934301900783,11.067122162658642,5.525503580120772,8.296254318972048,4487.438
B0048,153,1.2275441303266783,4.1280471381711665,2.685608364298082,3.3869933616946555,0.0008543782112958334,-1.0014756423920745,-0.9767440428637847,11.217197558663642,5.413129453673241,8.280354632475289,4513.312
B0048,157,1.2386788414290355,4.150268203613492,2.685972991906515,3.3947531020283486,0.001610787194185352,-1.0292876659492052,-0.9738169504529768,11.59325762914515,5.989050471195661,8.346898191755683,4568.438
B0048,159,1.2283577755407058,4.1705243721131415,2.689198249643033,3.3979955411966936,0.0029197510088672675,-1.0011525386558742,-0.9802233649908892,11.534047303435644,5.977980107459538,8.337878264565942,4499.656
B0048,161,1.2095481507570451,4.170294880009359,2.6983204775942364,3.399587991995103,0.0007032833500389867,-0.9994560675644151,-0.9801797978590467,10.92572543982624,5.68627740208186,8.259622932500356,4430.984
B0048,163,1.2082142070681048,4.170568686817898,2.693240203211685,3.3951186218431086,0.0001566483540684926,-1.0001444836054942,-0.9833769221524863,11.346378697595553,5.76985883802255,8.290496900072908,4411.141
B0048,165,0.0,4.170160404909495,3.441548920019712,3.6274300474413557,-0.002449743656614265,-0.9996934306535468,-0.9815143614251551,8.56828741399406,5.28639106317437,7.381556529300557,1991.531
B0048,169,1.2998734542832147,4.152589435404936,2.6866110987705887,3.402660754515897,0.00327737244909063,-0.9998506480954517,-0.9565798060844432,11.439171740202124,5.83847318455834,8.321321846834685,4883.312
B0048,173,1.2691220651743778,4.151970239591361,2.699083135691788,3.409317486730915,0.002141105590685201,-1.0004944197478995,-0.9772401913298513,11.147240167890732,5.409615967347339,8.23807744072398,4663.907
B0048,175,1.2555144634690785,4.170962379739071,2.6907134698484554,3.4133709426845624,0.001349801462907186,-1.0008604029243209,-0.9839943201059,10.831285577855546,4.717927692291231,8.189029507624946,4581.328
B0048,177,1.2519876926897657,4.171135033653532,2.684500860538322,3.4068009615962724,0.00028876258475446384,-1.0019448914018847,-0.9871874196801942,11.236293148641268,4.908420996146337,8.234868029314756,4553.031
B0048,179,1.2374982003019996,4.1708733924683505,2.687835669252526,3.406169063274703,0.0005939644267695349,-1.0012709000931328,-0.9901111158822024,11.08616967823061,5.971467724106513,8.238279702155017,4486.5
B0048,181,1.2231273969878986,4.170920111392399,2.690437364566134,3.406745720524415,-7.174117374828844e-05,-1.0011831011426036,-0.9865545525457216,10.751912617606896,5.4384961126886715,8.219372551773532,4450.625
B0049,1,0.8583727215167135,3.8462292855248927,1.9925401284554691,3.053366988981642,-0.0008711091496250029,-2.020967008916884,-1.9911008133050878,16.380725919820748,9.276107406369094,13.052857746525287,1713.235
B0049,5,1.4209057149417375,4.162219408853582,1.9882559316714203,3.2129415422375103,0.0016948784926854505,-2.0153014084095795,-1.83826156002667,20.824132297943244,5.641776754662599,12.628005551626734,3170.984
B0049,7,1.372852133389263,4.191097729318615,1.9995727928951719,3.184979657873478,0.00045697912701237896,-2.0148554374560215,-1.9024015568068968,22.127142494646403,5.701047125577017,12.625179528928726,3135.344
B0049,9,1.3643742487429145,4.191581344098992,1.9713959702644483,3.3418301077163908,0.0015804056575776243,-2.0160129514309597,-1.7343383193976387,17.45530915998414,4.621748251721727,11.462796138822771,3049.781
B0049,11,2.378643730568756,4.462470916200919,1.9735165526751874,3.2625681004485227,-0.0013154972010939981,-2.016781837557893,-2.0045868396237765,20.096309819317955,5.230894088969191,14.669814873687034,4565.859
B0049,15,1.0605357965671216,4.176096603328684,1.9779063196102418,3.4447754613409876,0.0028795308284142213,-2.0159486718933524,-0.8640775471976618,20.530529696550808,4.389464977318044,10.159724053383584,5428.594
B0049,17,1.0069932376659496,4.192152439213644,1.999505796022011,3.2264301040985295,0.0024219966356886407,-2.0165552728134664,-1.6316825774505053,19.605507267281187,5.509098422652694,12.747809437833528,2646.797
B0049,19,0.9298775334359536,4.19193811929599,1.9998676881173485,3.226587700876868,0.003801699063904367,-2.0160269331983307,-1.5413805979962576,21.578292345131203,6.6311619429128275,12.859387226194555,2705.594
B0049,21,0.9232377029483808,4.191932999195206,1.9942412611094629,3.2214892828227866,0.001980617399803109,-2.015682931257663,-1.5480032557315486,21.333411676684346,5.752360169193854,12.77865014417398,2627.828
B0049,23,0.9053279121173716,4.190969695803424,1.9887929829692834,3.3410764354812947,0.0020740371989916924,-2.0157486077976126,-1.2679865452905723,18.65094643921925,5.267530364129424,11.60077882051404,2981.312
B0049,27,0.8595848360639872,4.171684324757671,1.9939496316818301,3.064645703434,-0.0021481465656871894,-2.016079035961751,-1.9918699549524492,21.206691637037263,6.687214876673814,12.462166006182779,1941.797
B0049,29,0.8369614294820705,4.190637849743496,1.9970255058845359,3.2359600944959555,0.0008712855130487655,-2.0167832944872015,-1.4315359583206417,21.329570135453707,5.475337257448136,12.68524460660397,2663.625
B0049,31,0.8456824187653132,4.1898267739177975,1.990570708799589,3.306834813693079,0.002802640153939726,-2.0153368862843233,-1.282717511127997,18.615958800969327,6.274589960817087,12.070917134385256,2862.25
B0049,33,0.8071214007577537,4.190571685709423,1.9874243707218107,3.027048731210282,-0.002197648897256144,-2.0158427443639826,-1.99132682330145,22.131760657764843,5.501426145497583,12.931744232686027,1894.485
B0049,35,0.7820744360746734,4.18826381558764,1.9892517372066318,3.0458944536011447,-0.0013048173016235159,-2.015178417335196,-1.9900791687971107,21.079756102740596,4.232622819861061,12.53100572898693,1799.25
B0049,39,0.7953019444133349,4.162762870031206,1.9868911872895965,3.0556096413337333,-0.0018541180127632274,-2.015693117280659,-1.9889148395636458,19.664724046912717,6.1334878836799875,12.335513729341908,1741.204
B0049,41,0.0,4.19011964495105,3.4543504315144196,3.6333215332721274,-7.280941994823335e-05,-2.014259088676831,-1.8455690193556895,8.914965140326935,6.13448299056782,7.437341180783139,236.156
B0049,43,0.7752051154719997,4.1692630784027385,1.996058976050717,2.9848405470772863,-0.0021169047464473724,-2.017126618248215,-1.990973959623023,22.347809168975328,4.032381358513863,13.187367445445181,1899.218
B0049,45,0.7711865903845158,4.186817701935873,1.9811242583835047,3.216101228170252,0.0017617315922140607,-2.016129985116996,-1.4760043090484107,19.41196098209977,6.563001902336632,12.73854385905339,2305.25
B0049,47,0.7585098914517947,4.188353148421002,1.9912347674711242,3.0487042882213067,-0.0003158661530391309,-2.0162046577360044,-1.9881249898325228,19.074608803884857,6.653715353599918,12.43174282130699,1690.594
B0049,51,0.7349386490499009,4.161361064351189,1.992352748796434,2.97408172255637,0.0005862349023809307,-2.01581049777552,-1.9893873144726053,22.607671167433093,6.031905884095365,13.382353818734753,1800.421
B0049,53,0.7366758033690756,4.186507738215053,1.9960897948919885,3.0444695632884358,0.0018671631753728257,-2.0160585309963657,-1.9869251503871834,19.003281636478988,5.761176746152184,12.300881528020009,1633.25
B0049,55,0.7093946599203638,4.188359485457034,1.9999963944412724,2.977231196667954,-0.001112600330976469,-2.0163487950701433,-1.9884870151283096,22.10154579807187,5.952592648948693,13.146013541941878,1737.172
B0049,57,0.7186465009220309,4.185414346041184,1.9911540027307004,3.0221149151314726,-0.0007286831106421793,-2.0153902683188014,-1.9864544147288472,19.702963463668752,5.005291117104153,12.419820365387574,1614.406
B0049,59,0.6913885231046639,4.187572397568079,1.9924291348754952,2.9634989615749228,-0.0010171989929860486,-2.016217383011093,-1.9877745412866725,22.293655276575564,6.0427863581077395,13.214727037699832,1708.86
B0050,1,0.8631448527758341,3.818275498868238,2.1766233079901336,3.058057702902253,-0.00013012234100960834,-2.0138841954536875,-1.9678823415208642,17.700710235479104,9.20464519659275,14.106047002561935,1713.235
B0050,5,1.648789607776492,4.158856235580694,2.1749971933736196,3.2490350549942337,0.000554485227798267,-2.014864087482442,-2.000046726807743,19.05864532227174,5.616949769418875,12.882473241826201,3170.984
B0050,7,1.601636485397804,4.183088539012577,2.1911951483218752,3.276984379936998,0.0012972011603773763,-2.0155624547698805,-2.000149531228784,20.111233999456417,5.652675320864224,12.442013542177062,3135.344
B0050,9,1.5517564797427017,4.1834218050176215,2.1942759978640183,3.2890741542906974,-0.0008381528329988883,-2.016192178653311,-1.999381685199029,20.278735817853075,4.872961637252524,12.067451252934292,3049.781
B0050,11,0.03255841710834194,4.535649473663294,0.3492816607816715,4.452558225780352,0.007024894051589139,-2.0134497447946256,-0.029284266758646555,6.935918101259972,4.128248041576162,5.787557091529866,4565.859
B0050,15,2.6401491157387014,4.542426686314755,2.1784008909706682,3.3355734950869853,-0.0023418313489393912,-2.018766969100753,-2.0055567331475808,24.962762102598134,5.066163609661971,15.239769089136006,5428.594
B0050,17,1.359027658891632,4.180885798287954,2.1918281570306326,3.2573285012561177,-0.0009662055465600451,-2.016882367193576,-1.9976916428210447,19.265522316221983,5.505267020863149,12.391726056611569,2646.797
B0050,19,1.3742172692238257,4.184295530413868,2.1945981119604814,3.2495783074004967,-0.0008078978327771496,-2.016230384723665,-1.9978786539081472,18.663327817580566,6.4376618061725805,12.491970904185653,2705.594
B0050,21,1.3528030430821978,4.186758460479898,2.1871747097810523,3.2675758567757787,-0.0010864412677022341,-2.0165268325750443,-1.9973459914842018,19.24741197475352,5.691397399881454,12.223956310303723,2627.828
B0050,23,1.3607406193458433,4.185256536983114,2.1918823058659096,3.1510598793508446,-0.0019052899181587113,-2.017293825164074,-1.9987818593787239,22.784422727870645,6.282431267421633,13.38638423557352,2981.312
B0050,27,0.5268786924650971,4.160830604206153,0.32032996389875884,3.5669768532640593,0.007662088497867164,-2.014695797616069,-0.981190437842449,13.887369323051947,6.486912837601938,9.39503756076183,1941.797
B0050,29,1.4002714246164416,4.184284380356375,2.1842630942134558,3.252056715450036,-0.00041354134322596085,-2.0203138964301943,-1.9975116671519328,17.779357290699473,5.523037677188137,12.718196082251707,2663.625
B0050,31,1.4289274755270827,4.184699738172036,2.1762467490120763,3.0874838435029104,-2.080941182058583e-05,-2.0182354363143165,-1.9977018363826191,22.235523638017437,6.154497922963432,14.939082954475598,2862.25
B0050,33,0.07658354174014805,3.691318669736286,2.1381406475642324,3.527243039562959,0.0010017792081184562,-2.0100328722713914,-0.1977094301032127,10.434223507755965,5.107502494872204,7.209330122235991,1894.485
B0050,35,0.5736933387569048,3.7956487236587715,2.1260336204243564,3.2035526569134523,0.0007884947759117238,-2.0132843977975976,-1.2349850771455337,18.155212967925518,4.427213945189828,12.119721382650447,1799.25
B0050,39,0.3014742035427856,3.757656239642927,2.186548090086204,3.4168857432287325,-8.12706965232208e-05,-2.0132816182317166,-0.6917680676449821,14.027851994614435,5.371475858985706,9.057556338502183,1741.204
B0050,41,0.0,3.7574298441231093,3.2123720225635264,3.322716204974352,-0.0003280551663796232,-2.0120442634592433,-1.8435138843844037,9.290927916610503,5.999408447664574,7.604996558081503,236.156
B0050,43,0.17956542632321462,4.171560623651518,0.1970552492968445,3.290574483611846,0.009404169941310025,-2.014103231474595,-0.34492441297103527,9.918067818733402,4.322848390943331,7.204792493597744,1899.218
B0050,45,1.179168781562907,4.062962069472706,0.19273770746186986,3.210764993027875,0.0037686521621014234,-2.017632920268886,-1.9854902626239654,19.262784970646152,6.381610401948285,12.058448732368104,2305.25
B0050,47,0.0961913170505672,3.705386395014377,2.1295104990476927,3.520738945664212,0.0007872900400683599,-2.0114062797913776,-0.28958023501338087,10.698614481562748,4.6612470313829695,7.604057088612014,1690.594
B0050,51,0.27808517709104497,3.7635457349114034,2.199179035422044,3.3510986530307876,0.0009899673190403551,-2.012015024168927,-0.730533269815449,15.425941131175092,5.941784298170032,10.185710952125977,1800.421
B0051,1,0.6434735598158292,3.8000325140227753,2.469359676853076,3.1549295868000704,0.0013116512309689287,-1.9904601456447135,-1.4446529772433487,17.933039751399626,9.111380110221905,13.521306814955082,1713.235
B0051,5,1.2931804619982779,4.166332642660912,2.4943981098310886,3.3515013948204975,0.003172090739780221,-1.99003056135952,-1.542691727192151,17.97953483271074,5.559342704925847,12.32941609273775,3170.984
B0051,7,1.2288940261191657,4.197817181186768,2.493737690186406,3.4103353813308233,0.0018351090044872215,-1.9907652212254523,-1.4746378269373634,16.976273689395825,5.537156809077428,11.786163300295161,3135.344
B0051,9,1.2039031789717949,4.201090648817504,2.484825203522635,3.399036037954353,0.0011545811125547067,-1.9902247660821277,-1.5006800020025486,18.15291521418941,4.373525140056248,11.79177216318508,3049.781
B0051,11,2.330873478782131,4.4605398643795535,2.481006838176381,3.35046347393405,0.002726226991029837,-1.9923919648262227,-1.896821592318448,20.74350641722436,5.098450949325577,14.855344209164883,4565.859
B0051,15,1.0092808819126011,4.183564695802171,2.4989144012367213,3.5507869816186806,0.002222824944260118,-1.9906556562988877,-0.737481989835175,19.42896460124537,4.186097078007529,9.407360590589006,5428.594
B0051,17,0.9565659895125322,4.201222601303239,2.4909800416005967,3.3747303939191564,0.0010371434859419734,-1.9928667511122287,-1.4120917458916038,18.9541455757646,5.426447209679076,12.00427347710193,2646.797
B0051,19,0.901956291365404,4.202406487867388,2.4946772785123836,3.4288897043375743,0.0006812868774389288,-1.9902384975692378,-1.2823219733883888,17.468709072861763,6.059036363902386,11.420322251577586,2705.594
B0051,21,0.8897906666138162,4.204413406598424,2.4990630530936326,3.391239374171384,0.0010369244546384764,-1.9907063729195358,-1.3407891208749412,19.153660408464766,5.591121385175445,11.80356781146328,2627.828
B0051,23,0.8830717036634559,4.203308441652878,2.4911013141195597,3.458540277576628,0.001341261080022701,-1.990986162648124,-1.138956624462563,16.52477794467856,4.940486515770837,10.939133221658826,2981.312
B0051,27,0.8431270354481757,4.187936112831865,2.487899627353052,3.331880238029603,0.0022593304792197207,-1.9921565534257668,-1.6577316261962292,17.11375752268931,6.288909422298661,11.883224057630693,1941.797
B0051,29,0.826559103449663,4.204131585576503,2.4928843010694406,3.4455112582421257,0.0011385679482569084,-1.9907118191391828,-1.2024628091563312,17.63739523383682,5.099449929132662,11.104558398908889,2663.625
B0051,31,0.8352681546837963,4.20261624712583,2.4993609910440835,3.4313160640623783,0.0006626894133903654,-1.9901462850291596,-1.168347837338951,18.522369238924334,6.015605534281872,11.406827135294929,2862.25
B0051,33,0.8025719464987874,4.204441713018145,2.498094046924129,3.3091927488307733,0.002239088154357066,-1.9918526087146262,-1.665118160522683,18.399233275283038,5.385185542414158,12.198436592525173,1894.485
B0051,35,0.7839218784699513,4.205629455017258,2.495501924298458,3.321646649287508,0.0022906662061056723,-1.9915285938625498,-1.6832381832629877,17.275372082939334,4.0024683515999895,11.825318185585296,1799.25
B0051,39,0.7910763493036002,4.18869211223692,2.4904774374699135,3.2949705809839465,0.0006567456152538762,-1.990859718937767,-1.7405566859787576,16.60444518809659,5.697805223790791,11.83597928071688,1741.204
B0051,41,0.0,4.197410333228745,3.546618065659587,3.7129537186963533,-0.001492309302374482,-1.9900013859472852,-1.8228736152324203,8.422696645654868,5.861636797924052,7.054471734319081,236.156
B0051,43,0.7654538269480236,4.1821997161959255,2.491598912047876,3.3300145239416707,0.0026026422672707217,-1.994157229105373,-1.5726949110278066,17.682518901037938,3.957976104923049,12.009985166510232,1899.218
B0051,45,0.773177347633947,4.194584498935661,2.4869071541416994,3.3919119959638957,0.0002846629432911602,-1.9911277842699446,-1.314248973317158,16.94512387438401,6.220888547997254,11.6895460366882,2305.25
B0051,47,0.7605293776416485,4.197406401996851,2.499952602276462,3.267971796503206,0.0009007613061717446,-1.990804461946515,-1.7652832229320168,17.545176388637014,6.260405354471425,11.987366110206718,1690.594
B0051,51,0.7376430319247004,4.189508964301152,2.4997210982004625,3.2933938275360117,0.0008332610521895075,-1.9906884481379319,-1.639295567416511,18.870237090882178,5.826687243750715,12.368454802055908,1800.421
B0051,53,0.739179500257907,4.19596724295681,2.491516785323916,3.271485849685164,0.0007388983254680313,-1.9935500054668205,-1.755416228780336,16.8501327260127,5.279036135378427,11.810149488093078,1633.25
B0051,55,0.7014575429842594,4.190531975284901,2.496222014851971,3.30778530525047,-0.002102449039809,-1.993456926596487,-1.6005657555126516,18.12397455517185,5.705707902684859,12.09457421285805,1737.172
B0051,57,0.7047349480541781,4.178476681914968,2.488325882818304,3.2841455177779646,-0.002804955657237204,-1.9932734131292418,-1.688137636758635,16.26047891418261,4.62220261072529,11.797027499425711,1614.406
B0051,59,0.677848893570423,4.1919700049548565,2.495715251425015,3.3119152698386256,-0.001692394568462106,-1.9937534992241324,-1.5784322210682304,18.153508709771476,5.747210329435954,12.079392114792578,1708.86
B0052,1,0.8606591508342232,3.83956882325682,2.691234036028442,3.134533959399899,0.003880862809400138,-1.9979778414937188,-1.8085460674911942,16.429874854641657,9.069624088614459,13.147685384792432,1713.235
B0052,5,1.4183095114360322,4.150553672824585,2.694829986819334,3.3543285492513166,0.0035513340178752323,-1.9975690832350859,-1.6188443277128228,16.315701424377302,5.6048850827966,11.746281905613133,3170.984
B0052,7,1.3707123028693164,4.176524869238658,2.6969580006046856,3.3958185323324503,0.004463378186989059,-1.99887278060858,-1.5816653430049945,15.689005573106092,5.598362446781771,11.375626826625542,3135.344
B0052,9,1.3515647352626494,4.178983136527925,2.697283446718984,3.3984180977394076,0.004926692294043467,-1.9980539993077262,-1.6050658905122477,14.971275763649981,4.808830747218545,11.242586382966397,3049.781
B0053,1,1.0691417886194299,4.082016063841389,1.9808329057464713,3.0828389099409663,-0.0024914557337994726,-2.0157846600725544,-1.993560711727946,19.02185891684059,5.6480393241342135,11.988576567861957,2349.64
B0053,5,1.1540727934432229,4.178658528567033,1.9735558560671433,3.1103286425468237,0.0006393162265119631,-2.0158554217685096,-1.9952648424142538,18.304754041202315,5.543675124020882,12.059863244911188,2560.688
B0053,7,1.1501525413826983,4.192255020207044,1.9558143264177166,3.1104628288221936,2.0450141392531515e-05,-2.0157450085599695,-1.9952720113784062,19.33942752368694,6.154198814950669,11.967885395858058,2522.375
B0053,9,1.1305863853936766,4.192588912486402,1.9974831055926598,3.115027942360279,-0.00028987970241778615,-2.0158186517663363,-1.994739489778059,18.729143210051177,5.896215310159421,11.985900972885712,2488.719
B0053,11,1.121790272357562,4.192849949462827,1.974695202836088,3.109376043532363,-0.0010990640357604051,-2.0154879896693143,-1.994716528121975,18.709411575172346,5.959010081605195,12.004376962205335,2474.844
B0053,13,1.1135982401443856,4.193081087954604,1.9637397944562873,3.1067532264566258,-0.0001586110429059859,-2.01514791138818,-1.994462268339957,18.63570596513145,5.846660329659284,12.133888437168595,2473.875
B0053,17,1.0864654057095062,4.179165887700054,1.9443649588528493,3.083406677687234,-0.0010307934301536966,-2.0165720599153336,-1.9944377413009737,21.292305794774187,4.908867265489057,12.32708937826574,2495.5
B0053,19,1.0647493568993147,4.191975122366585,1.9470490842081751,3.080580001769896,-0.0009173979841988148,-2.0161080991224587,-1.994535794151797,21.011599594200046,4.163834525552001,12.164497494980397,2481.078
B0053,21,1.0809288094959644,4.1919635181969905,1.9602813323957715,3.0828198149689934,0.0007767461392423074,-2.0159395612536084,-1.9942887474626396,20.939938897683515,6.560250515665322,12.128732336863894,2460.125
B0053,23,1.0852752041846463,4.192155796080977,1.9605995541160257,3.095128536447283,-0.0014786883453424093,-2.015751416688318,-1.99423279352749,19.283836838998095,5.925238378002409,12.245191547318633,2440.547
B0053,25,1.0504799933740894,4.192319942921637,1.9595048550370973,3.078011917190656,0.00047693576555615265,-2.0145490297544875,-1.9941297761315324,21.101391697483887,4.216243718800515,12.190916714981144,2449.922
B0053,29,1.0853550177054305,4.178294459840927,1.9845858202377116,3.0992512260717127,-0.0013334970754673272,-2.0175406007257113,-1.993681474074749,18.64340722345076,6.132961419005288,12.163073942837917,2408.781
B0053,31,1.0508395690790722,4.192753069603226,1.9446709162715439,3.0759964813859115,-0.000924942803725175,-2.0152928005596524,-1.994006147873811,21.313677971413888,4.384930600130763,12.292542702117027,2442.547
B0053,33,1.060906788333118,4.192029518756707,1.9692766515934297,3.076814828498021,0.0011360498138273684,-2.016114129246863,-1.9936703356758645,20.92811979857166,6.632750483611317,12.1295279689702,2420.671
B0053,35,1.070582461063814,4.192422731350341,1.991566826677512,3.0908348956433267,-0.0009644415013623828,-2.0152155871167707,-1.9936409148373782,19.930786955410536,5.945060994833763,12.364595355360214,2409.906
B0053,37,1.024036665663697,4.192159667005352,1.9588680902433295,3.0705536079059534,-0.0010442208821026852,-2.0158432646768185,-1.9937041845656749,21.0220574646762,4.996866437841353,12.128324396717016,2416.672
B0053,41,1.0670957253433857,4.177933640317498,1.9836880271317603,3.087460321440554,-0.0009203110711447914,-2.0152978607340772,-1.9931353663259233,19.091622529647232,6.030995537951039,12.302129277138697,2395.75
B0053,43,1.0279237850447498,4.192397472111982,1.968810244689163,3.0715434654202056,0.0004730600690917541,-2.015387641467015,-1.9931266937645042,21.30570494347084,4.410907685703091,12.366585260617878,2410.688
B0053,45,1.0325426399701008,4.191651190035001,1.940239319338743,3.0648787393041275,-0.0022575515022887033,-2.017433515230241,-1.9933351618651365,21.068855242444318,6.183556319848309,12.13341884254367,2402.125
B0053,47,1.055948784653705,4.191822005194803,1.9763616179319545,3.0920593287919123,-0.00037758708435256733,-2.016831246534153,-1.992634824405149,19.0403826843671,6.218257931736524,12.146814956196247,2355.265
B0053,49,1.0445313831308718,4.192766032434195,1.958878972318411,3.0752264215555254,0.0013789590238786516,-2.0149856192697904,-1.9928701313578603,21.229882941943842,5.631538993521259,12.493460218119651,2396.719
B0053,53,1.035313906812183,4.151701089360854,1.9866817453254884,3.063652287832334,-0.00037279313860409566,-2.0155113891751384,-1.9928226279037262,20.949809700571592,4.834059703350848,12.212439916474112,2442.344
B0053,57,1.076341053101982,4.177926260298856,1.9605382250198837,3.081738329329653,-0.0007667134481947448,-2.0152683941461595,-1.992894098916617,20.122996890408825,5.816404832755973,12.533800131697804,2444.703
B0053,59,1.0352223140423542,4.19142646613203,1.9904175883780109,3.0712653565298207,-0.0004304055028616027,-2.0162575030692795,-1.992442672698046,20.906313087706064,5.994937390316825,12.15752125414067,2412.25
B0053,61,1.0514287056908256,4.191965715839513,1.9817745728975946,3.0775076513338275,0.00040571768791883316,-2.017437032117796,-1.9925886065719591,21.200762542996532,5.843094607514775,12.500489505201012,2403.234
B0053,63,1.060332934638968,4.19127356264746,1.9986378497920827,3.081721091323029,-0.0005409954422397432,-2.0149215751246916,-1.9921660756337995,20.01669492389786,6.534507460429901,12.129752391274424,2361.047
B0053,65,1.0236966462748538,4.192474641560636,1.9475532037509713,3.065618110074436,-0.00014318735622483305,-2.0155065877750697,-1.992579022263777,21.300888549752415,5.292102618551012,12.4375808996521,2392.468
B0053,69,1.0465884668750887,4.17716731983324,1.9971786671898824,3.078450046499129,-0.0010996594085787435,-2.0152751887801044,-1.9922556312887356,19.859103950325803,6.062594917966209,12.499986997045514,2373.89
B0053,71,1.0031121684812232,4.191922035679278,1.954304860794578,3.0625561806089783,0.0011518379007899502,-2.0172461252654528,-1.9924849523302153,21.371062787995548,4.155331079532283,12.407329307373491,2383.234
B0053,73,1.0461578935615607,4.1914917424018325,1.9728121678621011,3.070668465167841,-0.0008815153454927485,-2.0162327917586262,-1.991918687181604,20.121473725568496,6.613111096765472,12.12683073125857,2342.453
B0053,75,1.0156263513525605,4.192505197154108,1.9932654775438805,3.0689252222547845,0.0006252834043416089,-2.0152751189158074,-1.9920764243229472,21.375504791399432,5.384038595466962,12.488226976946088,2359.296
B0053,77,1.0250054893129452,4.191388693209469,1.9677305370734945,3.059463155886766,0.0002033850866796623,-2.0163318275424214,-1.9916033205160302,20.75519907919811,6.733785656878497,12.141455926320956,2345.453
B0053,81,0.9801331625592913,4.176817913788527,1.9646771872417268,3.0515604930870808,0.0012327070269828925,-2.015461100618231,-1.9918811626801765,21.495108529574846,3.8100701431339856,12.395143910298117,2360.172
B0053,83,1.036777776420363,4.191203897341503,1.9842967959422222,3.077258112412092,-0.00023297215409106225,-2.015619248928888,-1.991620909948196,19.650976156235696,6.571237691712169,12.19451958922961,2315.407
B0053,85,1.026830062058722,4.191950279497998,1.9519786488395736,3.0764274410465147,-0.00049115823080157,-2.0158297917061314,-1.9916919647659999,18.85601423191303,6.1462236331107984,12.32467046038635,2322.156
B0053,87,1.0150379662805102,4.191989330112193,1.9991200294367055,3.0735171627901745,0.0005143921546676719,-2.016194986579563,-1.9916164333598745,19.66943680638515,5.991686497438792,12.456556362135045,2327.1570000000065
B0053,89,0.9904614739486177,4.192193889063254,1.9919158008530222,3.0586262243104274,-0.0008923751552711325,-2.0162179222845116,-1.9915769869135742,21.138845685984403,5.005649306807032,12.493233578273262,2335.0
B0053,93,1.0145765174582757,4.176984220978375,1.9455914118085802,3.0655406838342585,0.0002985192303386969,-2.015859431138657,-1.9913283590219126,19.288047919779906,6.107617724558953,12.497083720348076,2329.375
B0053,95,0.9811308944080389,4.191893131054369,1.9745609840275167,3.0545790418645686,-0.001048112947959699,-2.019579743107578,-1.991453914785753,21.3268013324968,4.640287420859574,12.499664099435382,2333.875
B0053,97,1.0041687429386437,4.191053526742021,1.945088917895143,3.050692756091621,-0.0001436127775450853,-2.016238639458721,-1.991333341091594,20.84260661100648,6.703945330872971,12.233147481743185,2317.453
B0053,99,1.007820487960787,4.191344296215671,1.9541644750198832,3.0706836502741286,0.0034891455382591984,-2.0172163751638545,-1.9909759973896202,18.56010936417985,6.278938371508271,12.380002749755878,2295.109
B0053,101,0.982454133084564,4.1920711169862885,1.935548354335742,3.051595420919736,-0.0004130883441005047,-2.0162879372042917,-1.9908720980814456,21.59240098021019,5.426196267928294,12.616251645969692,2326.657
B0053,105,1.1096775355538027,4.132408076306833,1.9814063517681837,3.072187965091245,-0.0003234771223779787,-2.0155258990014104,-1.9918802848881905,20.679962323191948,5.4465816574183386,12.829588969895449,2479.297
B0053,109,1.1136801589914762,4.175775307137671,1.9931418060709154,3.094404341842919,0.0004740087596200527,-2.015457752881536,-1.9920173318720953,18.987480522594797,6.1046272872518585,12.589854217504927,2463.578
B0053,111,1.0385009100572404,4.19084164853627,1.947894370100842,3.070776135685358,0.0007358271196004014,-2.0161593144943324,-1.9921854505345817,21.621996984314368,5.236010150862445,12.499581621225964,2458.812
B0053,113,1.0768815902180078,4.19061444729718,1.9856387948209866,3.093317588803282,-0.00016637326763602745,-2.0159544884457428,-1.9915614937804331,18.973652680872625,6.159663782524879,12.550448845753783,2400.672
B0053,115,1.0721705505837382,4.191036582578031,1.949232767477218,3.0749380759068083,-0.0011993209666156085,-2.015999719716144,-1.9913636586660952,20.978900321002104,6.664645815607591,12.432369953422185,2396.407
B0053,117,1.0124588999851116,4.190677216614621,1.971670057823583,3.0677280268889113,-0.0011465796503559143,-2.016625929850398,-1.9913026171829147,21.79016577987201,4.819866959645669,12.51661002939304,2392.375
B0053,121,1.0279944857549583,4.174970264553197,1.9947630114629615,3.0638438118587557,0.00016566978380197644,-2.015107043691624,-1.990880837032101,21.259687238039497,5.579247052636922,12.386978430486096,2373.687
B0053,123,1.0304147279049998,4.191223425605613,1.93495405419616,3.069633671738992,-0.00021292077475091218,-2.01589697281402,-1.99127383323294,22.11367611975276,5.440421040819881,12.86442209459833,2385.922
B0053,125,1.0556163273995052,4.1907916530158085,1.9626921591466933,3.0774703956362286,-0.0019060860682032956,-2.015193789051477,-1.9908555652032598,20.512663513524156,6.572423757587878,12.452887134609785,2345.0
B0053,127,1.0011115418162628,4.191391388470691,1.965011869626919,3.065650898720959,-0.0001999016038291173,-2.015263550837058,-1.9910466332112344,21.838243278861643,4.487249730728364,12.717167506079072,2363.047000000006
B0053,129,1.0466839215498662,4.1908069648629,1.9982886464924436,3.087680483774557,5.900360699598403e-05,-2.0167120885262446,-1.9904913026405957,19.19841243068418,6.396599642741529,12.479976931874727,2316.687
B0053,133,1.047181656018543,4.176075101120923,1.987337089818558,3.080080108538352,-0.00018938626383544272,-2.015138320039454,-1.9901940926688606,19.947938817320452,6.475850983046928,12.53086381740867,2322.0
B0053,135,1.0102740078425778,4.1919833117809935,1.9333820178355814,3.0638130274525714,-0.0006837028578907995,-2.017603787583275,-1.9906079852392542,22.111677092018486,5.219841286029437,12.900294389057347,2357.687
B0053,137,0.0,4.190597056442859,3.8013484699433544,4.060790325607858,-0.0015391791119224564,-2.011883291667193,-0.6718360254347512,6.582625875555882,5.839075704114906,6.164758961234487,23.0
B0054,1,0.7399351039859233,3.849482783980402,2.1808531235872497,3.224017445984581,0.001657303109799735,-2.0141419446019238,-1.1710330967045814,19.2224107892251,6.150630538748289,12.463481398239779,2660.313
B0054,5,1.1665440238116096,4.1501696736386835,2.1857283549042807,3.250620648698839,0.0013584955382444815,-2.0146172696903197,-1.6489958041029575,19.13350840101625,5.108163550070373,13.22908734445715,2826.0
B0054,7,1.1052521456138635,4.18097797086454,2.191704472328808,3.3125509639490387,0.00023873656479977246,-2.0143625410829222,-1.5571513787964162,19.246439328077983,6.216746939670361,12.767949622305693,2818.578
B0054,9,1.0960302257185877,4.183817862511293,2.194436684364802,3.014547209987882,-0.0009827143677666654,-2.0147009133139475,-1.997470366256859,25.274344894624623,5.191019676552512,14.48548355867213,2713.812
B0054,11,1.0754450685609742,4.179551945393369,2.1744802077788186,3.362083204238267,0.000746405422960514,-2.0151107748835604,-1.4975619564128648,17.912726519981458,6.0970206115609225,12.210694836100142,2786.578
B0054,13,1.0655493528023796,4.186221002348923,2.1991956579298835,3.01935322902276,-0.0016264277226859995,-2.0153415190841444,-1.9970237894724439,25.399130245059563,5.390283064555845,14.382852820878863,2667.89
B0054,17,1.0568368579972396,4.162967318861197,2.195382286735059,3.294907679053512,0.0020975301953515407,-2.0145865502939007,-1.6640786232847224,19.958495728003356,4.660863557714339,12.646539321462496,2530.172
B0054,19,1.0449064445364842,4.186119302404479,2.186961493066742,3.099558518903638,0.0009125387621697327,-2.0144164466227608,-1.9715817292939632,22.3455512044548,5.262700511098681,13.501798463127008,2446.062
B0054,21,1.0458363976936966,4.183685207894235,2.1792899341144296,3.344320754921095,0.00039492348656279156,-2.014507087829109,-1.5296202376253885,18.346440665576743,5.527548494059786,12.310686417130766,2713.25
B0054,23,1.018187920878015,4.186682919177322,2.1960491387884744,3.3393968492515325,0.0016014352924118309,-2.015019913901801,-1.5281296055710467,19.776786565302107,6.059669560082017,12.449589157423155,2676.578
B0054,25,1.0226409233672233,4.187137846103755,2.1942476804372792,3.1066787302612444,-0.0016221042848951182,-2.014966759457277,-1.9701082949463853,22.520284175103843,5.452031534117803,13.39260571620204,2394.734
B0054,29,1.03890961861509,4.170757473231068,2.1907481286563577,3.3713317734388912,0.0006027268621741907,-2.014728010762573,-1.5000378935218985,17.54568061289479,5.969757341249526,12.045245019281868,2673.0
B0054,31,1.0173250354350074,4.18733783943504,2.185877354823723,3.1171442968796907,-0.0002219994334112035,-2.0143689610455375,-1.8653555811837863,22.730114882559054,5.015066312968263,14.027143186292392,2619.578
B0054,33,1.033183911994548,4.183271363053432,2.18549830376202,3.3723181530355464,0.001816929184552581,-2.014355748891674,-1.5115018139952767,17.24230903543893,6.037899412491442,11.98698791631262,2640.016
B0054,35,1.0095232119739597,4.1871763489072675,2.169486415611112,3.3752367769573675,0.002773703601396977,-2.0146806054764226,-1.497824274090196,17.67282228813571,6.267140578035413,11.961246010798938,2621.187
B0054,37,0.9862483259626477,4.187497017349983,2.1991609285274296,3.0680241783485127,-1.7629063355837714e-05,-2.0150473398447923,-1.9179494962272428,24.83365687277193,6.396319300611759,14.303923037098802,2616.453
B0054,41,1.0080048320000436,4.167864162415893,2.16946894247905,3.080029423131606,-0.0005324313139626278,-2.014525320811098,-1.9314917930639428,23.814869897999767,4.558886140748058,14.014570142346548,2565.109
B0054,43,1.0153387761254196,4.182759232638332,2.189366386338004,3.0995001166042586,-0.0006604754560847501,-2.0146338064826703,-1.92048742497431,23.286158021770156,5.113078726408071,13.82742179742786,2532.531
B0054,45,1.0106786853355956,4.183401065560466,2.1938108499397133,3.135117188240346,0.0013945089029192212,-2.0145545734774464,-1.849612166299431,22.857688282463826,5.459348970463833,13.793181239419976,2556.593
B0054,47,1.010409656585336,4.174098618023754,2.195354018162212,3.361825569933971,0.0007660352901161889,-2.015071938818325,-1.525824007413269,17.0744400013979,6.016757746012392,12.006556818172502,2577.891
B0054,49,0.9801433323963482,4.187244537540539,2.1757051329882087,3.069748420550782,-0.0006062256347945364,-2.015121108029787,-1.9223708469458909,25.034160636506623,6.042658985360008,14.223331420666247,2572.36
B0054,53,1.1016641723624385,4.149611746563943,2.1816843710356264,3.0996476610968013,0.001140880412561725,-2.013901151718406,-1.9101165488009806,23.829313770803374,5.709210511913059,13.816713741617784,2697.75
B0054,57,1.0826512239001271,4.167185143906847,2.1869057073992466,3.3276361450033405,0.0009108413298960059,-2.0160965699328157,-1.6020144332363573,18.148295901779747,5.941327162782235,12.297445133045807,2683.406
B0054,59,1.0575008387868343,4.1862395960608145,2.1798631989492883,3.090887653178106,-0.00022496464382392673,-2.01701234819005,-1.9236868575194104,24.240504107723478,5.668984753416842,13.917709213674303,2646.156
B0054,61,1.0385517331615322,4.183562459488766,2.1957368370641035,3.1255606087732573,0.0001856418346329867,-2.01436163651519,-1.8803961080701523,22.93935470684112,5.469812211001457,13.738247646589583,2593.531
B0054,63,1.0073294901291132,4.183469543197807,2.197272162359153,3.0910099520509644,-0.0007398599616689479,-2.0144384240735826,-1.905113543140002,24.77112444800467,4.207201525065222,14.02103674221244,2604.125
B0054,65,1.0160400308540347,4.182803471091083,2.186991625035034,3.371121145966289,0.0003704464091711674,-2.014431202432039,-1.5218810456368534,17.39258920543283,6.28640211010205,11.909908874752377,2588.594
B0054,69,1.0158319636440951,4.177543051799468,2.1839945875783817,3.3382772643772527,0.0015834763482331915,-2.013986354296884,-1.5596078514903517,18.305747733025576,6.134279357915084,12.313622257322168,2579.203
B0054,71,1.0015383803216271,4.18745666665725,2.1974155139704856,3.275227014636782,0.0004232581665302052,-2.014668185258512,-1.6471246950174097,19.849601783840107,5.986542220048711,12.835536006037291,2555.453
B0054,73,0.9812488615918239,4.187380122640154,2.1944796571193828,3.08264025202744,0.00034826580565833215,-2.0148626167695514,-1.9257089452541614,23.697887384213885,5.1610554839040566,14.025334270032486,2525.609
B0054,75,0.9987416030110134,4.183314724424282,2.19582689132158,3.3354691487943056,0.002364863753619552,-2.0148532560429055,-1.5632544144584157,17.639370990163055,6.207886752135766,12.206393799822907,2536.172
B0054,77,0.9584014230949642,4.187279483525102,2.180729125655269,3.06956232360524,0.0005164594761546608,-2.0149047097695103,-1.9167231691178084,24.855759413239454,5.270843180696913,14.157912343382947,2536.204
B0054,81,0.9800846133894623,4.168586129733135,2.198606902338691,3.1084291827280213,0.0007119884144027251,-2.0144352591101575,-1.8791583665297855,22.633573596217214,5.722103182419851,13.877029644763786,2488.86
B0054,83,0.9720372198962766,4.183747098480424,2.178492152794792,3.3581509225423294,-0.00036545100214209524,-2.014355978821028,-1.5204721015245712,18.24210090664387,6.476137773602135,12.000734280236426,2518.547
B0054,85,0.9693202807518411,4.187523274109238,2.1931605321338634,3.1056894645085027,-0.001213446025668264,-2.0147034101308976,-1.8782588716032265,23.459587106388874,5.800936573345654,13.961422230756659,2485.766
B0054,87,0.9479786388506265,4.184269535257578,2.1971158447610275,3.076065545012625,0.00025148770751944933,-2.0139210824745613,-1.8963921640135797,24.87318926454243,5.20293193928935,14.14108020855593,2506.718
B0054,89,0.9638519569071228,4.183868392040906,2.192446180613871,3.121042954980713,-0.00040409008968580567,-2.014478855847645,-1.8576897659318123,22.57895105031832,5.761431625069411,13.857077682108361,2459.297
B0054,93,0.9682336695484697,4.169539487587025,2.1750045839249057,3.330025768269621,0.0011348713724745041,-2.0139737933023243,-1.5518869076190895,18.155876160419844,6.232059973571748,12.299989669041157,2488.734
B0054,95,0.9407020864603765,4.18749739820457,2.1906356157422464,3.067009596769174,-0.0001950074727625963,-2.0144314834515082,-1.9124622855946998,24.745737558953422,4.305592971843159,14.212120623239777,2491.375
B0054,97,0.9618442077038963,4.183674115350642,2.1969226044699126,3.224323331222822,0.0009356891792545672,-2.0183776817827956,-1.7011264817066785,20.864500972462256,6.057179250867235,13.232401754114171,2467.328
B0054,99,0.9332340144199703,4.185924206625423,2.188259141429684,3.348287536831091,0.0019142818319308526,-2.0139931249992817,-1.5163049342863169,18.59367691804772,6.468117226524763,12.098481296366476,2466.125
B0054,101,0.9313454737145217,4.187821519147336,2.1682818867328626,3.0573024563037245,-0.00043856980764374125,-2.014238765879417,-1.9284095076756849,24.597212846034733,5.303774553024726,14.31610663580659,2459.3129999999946
B0054,105,0.9976429099116705,4.145501189988608,2.187733999755357,3.076951013118892,0.0012042722615816558,-2.014308805131467,-1.8954338677218168,24.13178710047615,6.241830602241886,14.083550544682673,2559.125
B0054,109,0.9833315262972037,4.168037433999008,2.158914847324055,3.085795975435223,-0.0005107111364260782,-2.0138438441231696,-1.9122439737900219,23.612194914633058,5.210845802643093,14.07160712441505,2534.156
B0054,111,0.9904370062777442,4.182894970276525,2.1913469960772693,3.3302769619097354,0.0019869431863795443,-2.0139333922350606,-1.5658732171156964,18.35582339692624,6.279878251621095,12.23792511997238,2521.985
B0054,113,0.9499871340436294,4.187269403966888,2.1887585386046826,3.071754770434524,0.00022500026938121047,-2.014466237816939,-1.9198544645109012,24.73342335069987,4.477295308936727,14.182674582038874,2503.172
B0054,115,0.9526027840900876,4.183666770470569,2.198239401427243,3.0794678744671966,0.0008260621950833093,-2.0139589410587826,-1.9091163760160397,24.172566338551658,5.442342429736949,14.103323081309012,2474.344
B0054,117,0.8850175175465715,4.071079307477162,2.1796805503092664,3.0669938746662084,0.0018807534469409174,-2.0140304829398645,-1.8522071985944888,23.99040081449467,5.47822256069228,14.073408640034845,2349.64
B0054,121,0.9937402750241768,4.166737300664872,2.1687268442761383,3.092460830981556,0.00010055846998006083,-2.014601101608025,-1.9078833192347389,23.497913584081875,5.408422142688242,14.081056672524559,2560.688
B0054,123,0.995507330519279,4.182736373587939,2.191725388766709,3.109872659544261,-0.0001340855903797161,-2.0140748044967807,-1.8886275942243516,22.413638355604547,5.991148211664694,13.882912785076055,2522.375
B0054,125,0.975407870968116,4.183619389994964,2.16190489413124,3.0916929425969144,-0.0009088109033558232,-2.014119788854084,-1.9132216217910722,23.276288269463745,5.732819885900644,13.976909425974554,2488.719
B0054,127,0.965960558373922,4.18340061507743,2.1867699716569766,3.092077800709679,-0.0007885955181956948,-2.0142173050860928,-1.903346510749379,23.166415774259068,5.802609023266695,14.001484389915577,2474.844
B0054,129,0.9573702621688754,4.183750141327261,2.198752976514828,3.0868228519569625,1.1367125201972806e-05,-2.015149324108691,-1.9027928791898274,23.915519230311656,5.707079898235714,14.09360506240207,2473.875
B0054,133,0.9294756591964932,4.1672081859932595,2.166553275090901,3.072604933827402,-0.00019434778849587278,-2.0142477748570418,-1.8852058718255222,24.7714915843067,4.93538168742523,14.300275862318225,2495.5
B0054,135,0.9323553879823946,4.183066668693598,2.1974146026719614,3.076772656394079,0.0013874457314458318,-2.01446153517772,-1.8841642253203457,24.68396453173386,4.50850198558012,14.124062472619883,2481.078
B0054,137,0.954568378404969,4.182465009412686,2.1984537160355733,3.2911829197288838,0.0018773137499837943,-2.0143094298980313,-1.6061202048940721,19.020363167421827,6.318974814008205,12.64526098166937,2460.125
B0054,139,0.9330242104372937,4.186729661376772,2.1699490089903373,3.0675140530182183,0.0006865116494746228,-2.016093932087486,-1.9185686957922583,24.13873479197664,5.717180727157979,14.223331638985794,2440.547
B0054,141,0.923294184000959,4.183427098166605,2.176887912375456,3.0671371599201427,0.0016624872979337753,-2.014278751068411,-1.8904802137424435,24.815641221382517,4.5571193663113245,14.139185148296136,2449.922
B0054,145,0.9257799164262976,4.166698332057613,2.1883883016985664,3.078813614886158,-0.0004749170899645399,-2.015356074543067,-1.8976415345909172,23.24485824164149,5.95152652801808,14.087390371698557,2408.781
B0054,147,0.9162765793280084,4.184004022833215,2.170115376243027,3.066888936059056,-0.0011675266871354949,-2.0143329905022145,-1.8894343368968853,24.863734259210677,4.512821345911608,14.202958247128624,2442.547
B0054,149,0.9387011679112469,4.182970368325371,2.1966197167856167,3.2822748078833337,0.0012409509425369265,-2.0139655039502675,-1.6116712184183057,19.187532398616906,6.386136733118297,12.672879944135305,2420.671
B0054,151,0.9158990586877171,4.186946857158577,2.1844861596911245,3.06323475400009,-6.733606290536308e-05,-2.0144164428749267,-1.915975846751273,24.608575630578702,5.7601794341551535,14.267116889972154,2409.906
B0054,153,0.9202608990433788,4.182782183216822,2.1969048206503072,3.3294345220814243,0.00024263459284232727,-2.0139993110110943,-1.5310760587444987,18.813867999485474,5.299966599875553,12.173995572424568,2416.672
B0054,157,0.9111253917360889,4.175798948316686,2.189593119391126,3.059197039764698,-0.000656711189930434,-2.014122151363509,-1.9239678603051142,23.949250535387122,5.848905637040475,14.240824503948055,2395.75
B0054,159,0.8980507043695345,4.183432164471636,2.1801159908061365,3.0606951230963726,0.00110241434006503,-2.0146239260917764,-1.8954445735817307,24.821471701624326,4.531652125286138,14.275292993104369,2410.688
B0054,161,0.9278864624016372,4.182464884390648,2.1883204645817864,3.3096645129465334,0.002480571029170381,-2.0143268562937324,-1.5627949305443112,18.578117414146718,6.38067529782157,12.319879487331049,2402.125
B0054,163,0.9118415396987224,4.187190771734197,2.176027126654838,3.068838395977353,0.0015452491424955046,-2.015447318773766,-1.9221081343667143,22.523812738647745,6.022446604287029,14.017340985088923,2355.265
B0054,165,0.8936491649329469,4.184124653963867,2.192431157609426,3.0642577232510537,0.0034241831776561853,-2.016007641646079,-1.8937037642157026,24.885270958035292,5.483998805799034,14.309673058312116,2396.719
B0054,169,0.9100864492604255,4.1396795894908935,2.165885100454371,3.05089172896046,0.0009557015458926164,-2.013710590988413,-1.8756620997311104,24.49535100296176,5.038499992280609,14.20580721645281,2442.344
B0054,173,0.9114904731460941,4.166798038044882,2.1973597496316057,3.0723870805326334,0.001560750459114676,-2.014086384956398,-1.8854776045140642,24.79248513927076,5.651935504910369,14.343325580342825,2444.703
B0054,175,0.9337172811638196,4.182556356872751,2.1972629267290893,3.292510597456584,0.0010676082475306711,-2.013579783626152,-1.589261111842247,19.418861776320842,6.168296951051776,12.52113276136492,2412.25
B0054,177,0.8981517756068776,4.18680349899093,2.198752877987022,3.0615420925064947,0.0025721386949795707,-2.0145269757019744,-1.9122401856096214,24.843161021240146,5.6482188713412365,14.320010513448283,2403.234
B0054,179,0.9139367135371254,4.184455817920845,2.198603650230703,3.104814009888728,0.0016361724730521111,-2.013833114751838,-1.8597568424209727,22.81807409211731,6.280754106924835,13.817833063271001,2361.047
B0054,181,0.8764848617154279,4.184079696303244,2.1805571893421827,3.0591573873230504,0.0002252713399257331,-2.0142375375887425,-1.891396177801322,24.58129890321389,5.217782787981243,14.23049295284562,2392.468
B0054,185,0.8854917958581964,4.166279880071051,2.174201624293327,3.0574972660409525,0.00075025286877133,-2.0145185318391374,-1.9002601186022197,24.654627092855215,5.889172082910019,14.343710795679344,2373.89
B0054,187,0.8819074622846708,4.183737744816785,2.1705705059131044,3.0567448490556264,0.0008023234274003381,-2.014683733517366,-1.890256821336201,24.667711168999986,4.3491996290214985,14.146643227132303,2383.234
B0054,189,0.9045809105944795,4.18293565751089,2.196118065671102,3.151370552126675,0.0023862872409208293,-2.0176843567914893,-1.7845839996739221,21.67226159753115,6.348441643412096,13.55224741011707,2342.453
B0054,191,0.8734606349455996,4.18457456922587,2.184361072149743,3.0561639338398625,0.0009782170913423776,-2.01440809078633,-1.8986075226465784,24.961444132266895,5.249499157393519,14.28080189135689,2359.296
B0054,193,0.903131190986828,4.1835244239011375,2.1930074246895095,3.236611432340167,0.0013516333253500849,-2.0155539688129593,-1.6591500079295531,19.86209455847644,6.471624054328617,12.92628985289928,2345.453
B0054,197,0.8712217754060124,4.171664411266561,2.1685391483011838,3.0377786371686537,0.0008212597056584845,-2.0138149794596263,-1.9081461941354183,24.813991518744384,4.062685213629907,14.22945813956484,2360.172
B0054,199,0.8936499043476617,4.183480212813237,2.1987726546793334,3.096631349811912,0.0007200303241818877,-2.0144066602582416,-1.8642154954714252,22.3422759308799,6.3492044227029645,13.889055949262897,2315.407
B0054,201,0.8835064014687892,4.183649118386083,2.1680465237840907,3.0611426143701355,0.0033154160604280483,-2.0144189721619354,-1.9063318856890261,23.389616432610406,5.955778945436106,14.09831645395676,2322.156
B0054,203,0.8779403705367915,4.183468521205082,2.1849035687167166,3.0558445282698004,0.0015777467579256015,-2.0141152321395848,-1.9062132651550836,24.437246414395887,5.825550922776701,14.205610727972747,2327.1570000000065
B0054,205,0.8599389109365094,4.1836327331469265,2.1788266272471644,3.0499483326806858,0.0007191346742737015,-2.0141663967491747,-1.8957242503552245,24.617323081703876,4.985875777467166,14.19998846070805,2335.0
B0054,209,0.8697358119609565,4.165207327973796,2.173598497548058,3.0516041952252326,0.000910308610259446,-2.0132527178328865,-1.8948015430442458,24.271941214408503,5.918637843485242,14.288204303284642,2329.375
B0054,211,0.8638271814812677,4.183812225950738,2.171024131749843,3.0472454916360254,0.0005900335384779272,-2.0141620392272914,-1.8950958802980535,24.804728027574093,4.717320820720208,14.208858242752529,2333.875
B0054,213,0.8865694537789144,4.183143233797935,2.193241046616703,3.231306720712414,0.0023148276563043756,-2.0142693231407978,-1.6587879730372206,19.87934804833635,6.440562810414375,12.936183613815922,2317.453
B0054,215,0.8690078572313327,4.185938542114043,2.1928820402300686,3.0561992011444175,0.0024617092309174083,-2.0151269835079497,-1.9142507746667623,23.51552492010551,6.077473970046565,14.084182887600768,2295.109
B0054,217,0.8474446088377652,4.18432308250829,2.1802092140590776,3.049101236395701,0.0014826400043264907,-2.0142021506611645,-1.891201590561377,24.913142338885027,5.302928909816632,14.275903069670573,2326.657
B0054,221,0.8799727721580702,4.1182630057067415,2.1788337133933458,3.0592618954233486,0.0018633848146805603,-2.014661709338553,-1.8398920804939838,23.80380834532953,5.3201153230195395,14.30665353308513,2479.297
B0054,225,0.9110444582768508,4.164907528561344,2.1830841723157457,3.070487564105729,0.0012618306032770841,-2.013850378393117,-1.8791742872877957,23.08245417914552,5.942709497554191,13.97058204189835,2463.578
B0054,227,0.9121724293355059,4.182445897550156,2.1910520386239125,3.067048133380307,0.0010734731299127606,-2.01445536812595,-1.858308089580359,23.778234573688007,5.221682916333026,13.799155081842601,2458.812
B0054,229,0.8872043975884799,4.182116565141312,2.199607761547385,3.0722065010406205,0.0009478484694142137,-2.0139766427208468,-1.8751258468342007,23.05943482945761,6.009128924685555,13.85337076803369,2400.672
B0054,231,0.8961236767959215,4.183709805636206,2.1991241347308157,3.117253230362332,0.0011116971892386513,-2.013905512810969,-1.800714268791482,22.244929264861582,6.458699847661158,13.514874679422098,2396.407
B0054,233,0.8851334001128452,4.18305579589887,2.1873002342387666,3.0560602390351073,0.0012263788356902125,-2.013316103545993,-1.8630586445315187,23.801178997375885,4.81267925487376,13.789537640473576,2392.375
B0054,237,0.8793386645436118,4.163750891434571,2.1979569345819563,3.2276996110787217,0.0022732169752853046,-2.013953855353921,-1.6261597439567572,20.129283300775896,5.501686531395091,12.632160467633849,2373.687
B0054,239,0.8461224238450626,4.1857725238225205,2.1932450152273764,3.0511101255752124,0.002090963882291684,-2.0148144241402814,-1.873244340822881,24.104183465359974,5.3511176664124545,14.133236180004296,2385.922
B0054,241,0.8705933152969343,4.183962354946822,2.188819744044954,3.110131898177326,0.001052943965027977,-2.0136887102362766,-1.8048654869219674,21.124822433154822,6.375873645297861,13.44514404240349,2345.0
B0054,243,0.8440520909609104,4.183748382269399,2.1933054601044173,3.048474354226641,0.0008463313151572531,-2.014227701858619,-1.8598703836367976,24.038373358435607,4.453452329059047,13.90645728525564,2363.047000000006
B0054,245,0.8536244678403578,4.183059531782334,2.1984194356911515,3.0720502151516498,0.0008569680285010578,-2.0143215231080642,-1.8567326723251223,22.333795391644557,6.17575332412204,13.600457924373249,2316.687
B0054,249,0.8524519337958137,4.164596042177817,2.197124548478272,3.0780861695186963,0.0028472669167878277,-2.014990295943545,-1.8332643523185828,21.7292466341309,6.253290373532171,13.622342114819537,2322.0
B0054,251,0.8373919001793014,4.183536913886723,2.1601370672426743,3.047978400472379,0.0024551357337226714,-2.014705651659665,-1.8581507060124247,24.067733333922256,5.103571054269733,14.071709155413798,2357.687
B0054,253,0.0,4.1824770749578155,3.83839582745546,4.067670722536387,-0.0003366634023298045,-2.01259368265579,-0.6715559054131551,6.383481120383388,5.714843733213906,6.019953177795341,23.0
B0055,1,0.7989997927037011,3.843735024444539,2.4930794984834495,3.2439361669782594,0.00428239616488975,-1.9908401866645415,-1.1715210918629737,18.02446981350722,5.905007114660983,11.879033293126687,2660.313
B0055,5,1.319892156462878,4.174020568347548,2.480538609588174,3.2904290284649416,0.00538613802266788,-1.9904809087057092,-1.7486007645883601,16.633080095446793,4.942623651334148,12.415262417855027,2826.0
B0055,7,1.2769832801132017,4.1994512899066025,2.48985034932468,3.326231366449631,0.003747548082239056,-1.9906824920292798,-1.7060235650197326,18.02222405324747,5.997529564281996,12.360226804144617,2818.578
B0055,9,1.2572591312230865,4.201354950378872,2.485404008194569,3.3385354077080747,0.0013639957914640972,-1.9912233324564588,-1.7298155313553947,16.276920867509258,5.026960406334869,12.182802262813878,2713.812
B0055,11,1.206763751299412,4.2022865042877005,2.484071154442301,3.3690503311576365,0.0017320881760283012,-1.9905957922031052,-1.630519419462631,17.386184005164274,5.865948272472199,11.995175259559732,2786.578
B0055,13,1.2077322536103197,4.202804398571556,2.4813880969343156,3.3596802370189534,0.00042602245734742645,-1.9916252726422965,-1.6935037519026295,16.287370504806514,5.190771825672599,12.015852590858461,2667.89
B0055,17,1.2009614290093835,4.194689870235318,2.4857750442530606,3.331138062731705,0.0037839412750622753,-1.9907997928291332,-1.796982266620521,18.765407738610975,4.583842371477875,12.310516344609582,2530.172
B0055,19,1.189059086549973,4.203456278554985,2.4898705968581996,3.335155652675837,0.0025079335764194807,-1.9913346793894355,-1.8221216958276871,17.743208793113464,5.053303205495654,12.203269426883178,2446.062
B0055,21,1.169708782604433,4.203931038045003,2.4863788962445756,3.3970397549525346,0.0032813052512828222,-1.9910133759936124,-1.60517659481492,16.27240932778339,5.301590477162979,11.974188885781311,2713.25
B0055,23,1.1483647194613424,4.204477051328936,2.484196378836121,3.3803008994123225,0.0028535599024067855,-1.9914887287016958,-1.6273590433187917,18.496064110315466,5.8612804541487264,12.146032186206996,2676.578
B0055,25,1.1527726060972296,4.204395922551529,2.488899766066993,3.3446128760924214,0.0004039487468772468,-1.9906666683606722,-1.807780475892982,17.233592924973692,5.2119884831744345,12.075029193191549,2394.734
B0055,29,1.1318370471727228,4.196508158151434,2.4856427415338582,3.4016962939915634,0.0024125926743342476,-1.9902971005145704,-1.5934585102181222,17.25233196126928,5.705410445510598,11.953480850146518,2673.0
B0055,31,1.1326525803383347,4.2049198480597365,2.4945204316368925,3.3777825070738476,0.0019106021357381678,-1.9907315214332841,-1.6457766002423246,18.84637103862602,4.902169412870768,12.091243346975185,2619.578
B0055,33,1.1160565716574584,4.204749253288386,2.489824423973652,3.411152214850695,0.004742357440003283,-1.991422567659727,-1.584422122674529,16.69866695291335,5.753127682539503,11.84145066042513,2640.016
B0055,35,1.0984641825068853,4.205529950993648,2.4929609831648176,3.4062074380814424,0.0034910948504664236,-1.9907556302335792,-1.587531424902602,17.281200338137296,5.968718586088171,11.855003538549179,2621.187
B0055,37,1.0925694103096681,4.205627291462969,2.4987737122938984,3.4006629565141497,0.0018374760510517342,-1.991522785179081,-1.5865260183824126,17.87487048558903,6.123949353685871,11.91733362745109,2616.453
B0055,41,1.109167680712031,4.197933604847559,2.4960528571959832,3.3734363664560836,0.0013482790166261787,-1.9908882502143304,-1.6558769500299217,18.56561933924195,4.49280427247954,12.135031767584422,2565.109
B0055,43,1.1075035028905713,4.205390438967899,2.4950345179419164,3.3751298920141575,0.0029195283409771855,-1.9907992030652177,-1.6682381023500135,18.731388722663795,4.9201973970875486,12.085534035682384,2532.531
B0055,45,1.106751675424531,4.205435554958762,2.4992030754220638,3.3799212171444224,0.0021728305907670635,-1.9911585440753385,-1.6518184000413114,18.85911132920102,5.243499809183194,12.035133443915594,2556.593
B0055,47,1.0726694124582825,4.183847655178161,2.4858947643408493,3.4131937901660443,0.0023980838431653592,-2.0081513637326145,-1.5631982736121797,16.474886676905992,5.726221729849384,11.694010522378292,2577.891
B0055,49,1.0776844021506693,4.205811869776469,2.4902199266036034,3.388212777111266,0.002398063198427925,-1.9904514839017242,-1.6102431965480546,18.429839421941313,5.897932892357624,12.02595112446758,2572.36
B0055,53,1.1981714734535907,4.185284066167707,2.49591717391522,3.3833310240018224,0.002352701454129226,-1.9908816662096405,-1.6643817613294818,16.79121110894689,5.492060015387616,11.847288624466861,2697.75
B0055,57,1.1625381552680927,4.196690472475704,2.493901769830843,3.406033299298373,0.004242287144730349,-1.991512324127019,-1.629380871239606,16.558207457541112,5.668092553976134,11.64238700767333,2683.406
B0055,59,1.1556827465844224,4.205348595061986,2.4906658427202095,3.395122860818019,0.0009821633720412404,-1.9910584967879559,-1.6480629343875914,16.176716026227933,5.429660968759904,11.772012658338625,2646.156
B0055,61,1.137444098422356,4.205552375701064,2.491266216084571,3.3678744885149583,0.0033936943173849647,-1.9907463266064145,-1.6963503354994716,18.28920429337146,5.220369333730443,11.983454214473863,2593.531
B0055,63,1.1126375352125493,4.2052142034116535,2.4927607047506055,3.3809383898685605,0.0015718230358572533,-1.9907919913750125,-1.647762002114427,18.65863623047158,4.059057953389152,11.908597488676612,2604.125
B0055,65,1.098656067845981,4.205763745942962,2.4866262339494316,3.41469739374783,0.0031390475211930235,-1.9910078690421877,-1.6019969747290892,16.83473057053666,6.012193151140061,11.5894392622721,2588.594
B0055,69,1.0985302758884639,4.198995746839671,2.495104294734825,3.41231159843661,0.0034818707960933533,-1.990345948099886,-1.607009362096321,16.756789919207705,5.870935139797071,11.629714317449922,2579.203
B0055,71,1.1029370400968537,4.2061133400646735,2.4877631392866095,3.4043822939909396,0.002056850447977168,-1.991281599746559,-1.627589670095513,16.24699765148442,5.731201872960767,11.647248561632294,2555.453
B0055,73,1.0949644922735318,4.20656078786278,2.4978675843051477,3.3673428364678033,0.002145295788926216,-1.9916328373941734,-1.6825636345526909,19.129984857149818,5.019667115044019,12.022205345514335,2525.609
B0055,75,1.0890679714830998,4.205789072356055,2.482550786926367,3.4104196380737455,0.004899228081757289,-1.9905681770945947,-1.612755670182398,16.36765160927189,5.933226299085981,11.542224902228241,2536.172
B0055,77,1.073323391636053,4.2064686981546116,2.498794021092515,3.387548379409374,0.0021630836415904744,-1.990833007177876,-1.6303240143418964,18.15665009637772,5.1441555273213835,11.825965633220362,2536.204
B0055,81,1.095373856745309,4.19878751718924,2.4986675609061084,3.3533445639000172,0.0028822715331249327,-1.9908529262444918,-1.71799533716817,18.80550760238104,5.434214970889567,12.03863906152037,2488.86
B0055,83,1.0639517466243125,4.205549436509086,2.495967983888696,3.403128476363774,0.0037963361825877474,-1.9905437809371158,-1.6148091574306578,17.559578387097904,6.196484124316794,11.59317451081218,2518.547
B0055,85,1.085798072407703,4.206680085108051,2.494521891499824,3.3737196134296283,0.0028915382938365887,-1.9908289073916383,-1.6806946415000543,17.467083355342886,5.53725249055581,11.87359860158602,2485.766
B0055,87,1.0588748965507557,4.206242808359698,2.4940939052144744,3.382746702873388,0.002690101463594906,-1.99092503062938,-1.63831200906344,18.49462899513655,5.005149643020689,11.809310238880515,2506.718
B0055,89,1.0813260035191288,4.2065015265299825,2.488192777263103,3.3641919383896957,0.0015151692121164566,-1.990154379954445,-1.7019108237148655,17.91164881741511,5.491386768106055,11.933034010302555,2459.297
B0055,93,1.061601862588323,4.198066617715753,2.4835904274919676,3.408219619852174,0.0040899056863324505,-1.9913019551390152,-1.6137161861379503,16.71929796179109,5.963161321140903,11.53732922797716,2488.734
B0055,95,1.0593920670581127,4.2069940867465805,2.494836964233761,3.3720438606583496,0.0019834896350736176,-1.9913493608624204,-1.6587094218378893,18.743872075423457,4.189009368019207,11.942237573488166,2491.375
B0055,97,1.0742513141424725,4.206185443933068,2.495294559262084,3.3954495279595993,0.002745366756406395,-1.9913634315445174,-1.6449474011417666,16.07532193134441,5.793714360247393,11.654440484569944,2467.328
B0055,99,1.0405614734131499,4.206494698836393,2.493930027919102,3.3886471333647554,0.0029433881304167116,-1.9918655941270953,-1.6341793441136752,18.1055360480279,6.251113028855723,11.722702041818202,2466.125
B0055,101,1.0575656535324895,4.204041730199119,2.4968794236107965,3.356819503345258,0.0021348260516324564,-1.9909179006012372,-1.6871055404907072,19.22539590220654,5.116748649373631,12.13910591187991,2459.3129999999946
B0055,105,1.0983528970914622,4.186445589660851,2.4980844986118784,3.38173030037378,0.002755423962147508,-1.9901698852064906,-1.6534663598224018,17.79698901775945,6.011078978848951,11.725785170275977,2559.125
B0055,109,1.109758993739737,4.198472809564929,2.497690135885909,3.332585578324588,0.0016337951411109601,-1.9895632028305585,-1.746935874580489,19.90310164984231,5.0168057145921106,12.14093273670559,2534.156
B0055,111,1.0793315779206873,4.205147121886639,2.495812780943487,3.415794800601349,0.004130213749464718,-1.9901409410080384,-1.6100189784192438,16.28428434167548,6.003174490550036,11.32244979928203,2521.985
B0055,113,1.0716159094756148,4.207061766566151,2.497968365806555,3.364395338116308,0.002432517572816215,-1.9907075911289933,-1.6797818306005563,18.858200111612096,4.366396831280806,11.899725740614363,2503.172
B0055,115,1.0746464211019797,4.206586679847002,2.4948503148658077,3.3556150350421454,0.002028357396596529,-1.990485251168809,-1.703206082949298,19.26539604228336,5.206133332056047,11.9698483506891,2474.344
B0055,117,1.08643683065179,4.136062355148983,2.497025585392751,3.2813552523710348,0.0024999061899320407,-1.9905983386514206,-1.8582921214004526,19.91574517945343,5.259112558612603,11.944879920447905,2349.64
B0055,121,1.1340138347387958,4.194893964041484,2.497531566741249,3.3340325216514985,0.002519103874975884,-1.9908092541495774,-1.7577069451672969,19.74476118019262,5.216087256419887,12.028925123088165,2560.688
B0055,123,1.1176964717951587,4.205199298124983,2.4925446639956585,3.355658576925396,0.0030767238763984594,-1.9908548428883859,-1.7278318736099232,18.239458117812696,5.744165438234034,11.71503135296823,2522.375
B0055,125,1.1046468529644289,4.205853256210238,2.497355535023157,3.353357049023896,0.000617235797214376,-1.9913602598228906,-1.7321258947169127,19.14324542302631,5.507329315542777,11.810607676487715,2488.719
B0055,127,1.089700148407426,4.205832053797409,2.4960054501777855,3.356165416087441,0.0030356138462177395,-1.9907888064016417,-1.720909576078404,18.957146305546704,5.573561761773879,11.765625767571137,2474.844
B0055,129,1.075533547538172,4.205960258814088,2.4945789390502733,3.3655236596965747,0.0013938634104431844,-1.9902664303029933,-1.6928963609340808,18.569611226697234,5.471875013474925,11.666664960009529,2473.875
B0055,133,1.0609866776144368,4.1982654098780685,2.497451626540361,3.3657531038090425,0.0018782138053998615,-1.991098985092008,-1.6674344219063135,18.389604150481873,4.7559665018276,11.708939176253061,2495.5
B0055,135,1.0518218041615568,4.2067134175295635,2.494771530909891,3.3849405998756663,0.0022043450938765085,-1.9906339241312179,-1.6377223794615257,17.859841515218953,4.341162665276274,11.450092345609722,2481.078
B0055,137,1.0553857898132757,4.206861671465562,2.4850759949386982,3.410105370394735,0.002824902307260808,-1.990683911752466,-1.614385286745976,15.816276936907297,6.07471040588154,11.131625464424475,2460.125
B0055,139,1.0533102333691788,4.203250203022516,2.4972833794296387,3.3607031370514133,0.0005137994958183908,-1.9905747713276665,-1.6847849277248685,18.755426828419857,5.569532980827864,11.738832332367679,2440.547
B0055,141,1.0315365260084348,4.206868467936627,2.4994934553850463,3.3928240190547645,0.0017702403766918838,-1.9902463993398893,-1.620409812946121,17.253309886018204,4.361361037075223,11.33070420089266,2449.922
B0055,145,1.0533401053259415,4.199652821200027,2.496397324750552,3.3379943082200825,0.0022491755572575105,-1.9905716899988277,-1.7350634493263108,19.044660235871767,5.751869487900278,11.71743632355557,2408.781
B0055,147,1.0317876798810788,4.206354715936561,2.4985913567786335,3.383748883671106,0.0012301642827289246,-1.992243974592476,-1.6355169727932202,17.632782962314124,4.340189960269769,11.448023523006356,2442.547
B0055,149,1.0354207912157296,4.207116858721508,2.4793908002585576,3.4034852057714984,0.002702113344043858,-1.9907853647960991,-1.6207746296063927,15.652866929465386,6.143775309699732,11.113362092407373,2420.671
B0055,151,1.0322251791310608,4.203805356740808,2.495919101086891,3.3488479010139836,0.002552305176569588,-1.9905834799687467,-1.695046194498669,18.851175405607993,5.571328973227946,11.759912549960136,2409.906
B0055,153,1.011543397303472,4.206451344410812,2.487748902505861,3.400337322032958,0.002093066028179172,-1.9921786004311486,-1.607752495748955,16.682382112943166,4.968805766113298,11.095152329208846,2416.672
B0055,157,1.0413760568150228,4.199840856194157,2.496210707787105,3.3343052776040634,0.0027024064178281233,-1.989844699379149,-1.7288529172580396,19.331265935552995,5.660378328396747,11.855416870953551,2395.75
B0055,159,1.02174193386881,4.2063630059831265,2.499306018937951,3.3786546268712,0.0023935756065588424,-1.9901768106891886,-1.6438464708058846,17.796486773673443,4.351576620593823,11.501464461877692,2410.688
B0055,161,1.0133135547969283,4.206927414011855,2.4951311923995756,3.413323315609648,0.003121649212801672,-1.9908037123676519,-1.5920409233304795,15.641866781260571,5.971615781064481,10.922543090852551,2402.125
B0055,163,1.0299942559626907,4.202275822485786,2.498865224973231,3.3358445561886736,0.002294340587262567,-1.9894496431673538,-1.731928125216886,18.475017780285615,5.84288321199093,11.679121657086682,2355.265
B0055,165,1.0189349807814327,4.20659875616185,2.499842473941914,3.3537094650205534,0.0010294081398047924,-1.990447808855782,-1.6777504908523246,18.598567041058164,5.307125762559343,11.716719550648065,2396.719
B0055,169,1.0290879520854017,4.18778132479275,2.4984245148092805,3.3664574186515495,0.0010693248909807431,-1.9897273979460819,-1.6531774202404774,17.70296113245331,4.793714682634252,11.332026451776493,2442.344
B0055,173,1.0567629241900045,4.19944321827157,2.498165502515704,3.319131030823727,0.0024530517649134905,-1.990141425142264,-1.748766373641858,19.648490501323845,5.442704349708029,11.967823512320054,2444.703
B0055,175,1.0291668536316647,4.205593767786481,2.4838403700559373,3.4032103094968886,0.0020891871811015822,-1.989425250782484,-1.6200178882302807,16.178060673787062,5.773805005802396,11.015449770252141,2412.25
B0055,177,1.0321298444901021,4.202887645707948,2.4989275943849365,3.343831990901096,0.0019185498554081589,-1.990115909060455,-1.703990940961131,18.88644438182567,5.4874434269864585,11.818028778074435,2403.234
B0055,179,1.0409230283951276,4.206513407222774,2.497716849078165,3.3724641292622257,0.0025736712210441123,-1.9926058063871193,-1.6883184479362592,16.020151248713987,6.0802173107416,11.295282200562326,2361.047
B0055,181,1.011161098766987,4.203597448523021,2.497475666164784,3.3553714698756965,0.001607454953908494,-1.990141813358955,-1.671488542905288,18.292174814306744,5.0497804571681195,11.589249198689654,2392.468
B0055,185,1.0337876112911784,4.19879054583806,2.499631738732727,3.3279855680794297,0.003180119190623848,-1.9898349315374122,-1.7381151009412772,19.26049129848449,5.684780648332787,11.857143843844957,2373.89
B0055,187,1.003994224020383,4.206474987547079,2.4996111983697316,3.380340612404249,0.0025505804709288443,-1.9899806169770806,-1.6383784100519558,17.24384546974176,4.098023303253593,11.276289724634314,2383.234
B0055,189,1.0334195479955004,4.2039065137519716,2.4972946109355068,3.3795059063602477,0.0030844110871244283,-1.9903659110556822,-1.6720302030703613,15.900824096276386,6.154043751745358,11.220787392479364,2342.453
B0055,191,1.0098936564116459,4.203458601351602,2.4950143445404667,3.3419486124359232,0.0010004868661221261,-1.9909373483293218,-1.7040964736723387,18.94850032004803,5.071936740792496,11.759447806620914,2359.296
B0055,193,1.0126262447940628,4.206479388387375,2.496127080556164,3.3994343538904057,0.0021262594521734104,-1.9905020947903442,-1.6294399730001765,14.95747625778177,6.25364067071202,10.988248985047367,2345.453
B0055,197,0.9948742055727694,4.200091561431062,2.498292598142556,3.3674537565378784,0.0030464662893548806,-1.9896459798711281,-1.6515379727772603,17.70459844093717,3.8800548728711344,11.355681286808547,2360.172
B0055,199,1.0240799556179332,4.203624990778383,2.4995493131113817,3.3529430513041807,0.0026884006882836316,-1.9914645709614993,-1.7174483877318063,16.746714545942115,6.148340867351155,11.443287391092776,2315.407
B0055,201,1.0208889510043027,4.203121026339225,2.4954991257797223,3.313138824967226,0.001793189622113827,-1.9904890532016015,-1.7693261826528028,19.201273298790156,5.787016143586005,11.785825239943042,2322.156
B0055,203,1.016100815944114,4.206360725269558,2.495394779769103,3.331207681083792,0.0015693472491334572,-1.9905162279081983,-1.7382171562180337,18.921215014535083,5.641238888974559,11.72640480534808,2327.1570000000065
B0055,205,0.9987875345106277,4.206662505631524,2.4987692806726884,3.361184494584018,0.0017426438602133527,-1.9908925129030703,-1.6759841309858239,17.83845317353606,4.756256149278372,11.472788708066494,2335.0
B0055,209,1.0158868294923784,4.198906004577256,2.4984561833393784,3.317225424194071,0.003523581504106927,-1.9908017427512699,-1.7579493131782606,19.413252469388496,5.698404620370843,11.802235485150675,2329.375
B0055,211,0.9963437517762594,4.2063268655944,2.495225392424711,3.367194898395345,0.0027219090378690844,-1.9912354426427308,-1.6637548048231783,17.555469742468727,4.512189814493232,11.363194027921853,2333.875
B0055,213,1.0053777381419529,4.207127040760322,2.48261274521935,3.394889434849019,0.002504889844859552,-1.990118242201512,-1.6389209925149488,15.18160164516741,6.211606004685817,10.949818258159802,2317.453
B0055,215,1.009132291002791,4.202430409703646,2.497894652809196,3.310050856120256,0.0002211101454508054,-1.9906537053207962,-1.7742280928785608,19.119001932657707,5.940874439372288,11.706437723845246,2295.109
B0055,217,0.9984581240784203,4.206373386837717,2.498867447840723,3.3458687278652697,0.0025384475979368173,-1.9910685168887923,-1.6962395390509193,18.259385299695204,5.136537248585617,11.583533228310797,2326.657
B0055,221,1.0892389324114138,4.181574605333568,2.4949438751160398,3.2453384054657453,0.0019286316389317579,-1.9898551893530099,-1.8679808387813042,20.334330441428275,5.168854919273502,11.961499960858754,2479.297
B0055,225,1.0793936031703524,4.194441045655941,2.4992245281158842,3.3032859676964024,0.0016730136650589132,-1.989802834953792,-1.7868262879672983,18.82433959610769,5.778759295022704,11.522596039987194,2463.578
B0055,227,1.032614295314224,4.204880578247997,2.4924954873857694,3.3954172971180325,0.002139916671343318,-1.9903326153853467,-1.61471261152207,16.215064274032724,4.90935771345217,10.721858182752005,2458.812
B0055,229,1.0498572649026638,4.202840264863921,2.495661665849974,3.319390417324327,0.002168404320786899,-1.9905492967668528,-1.7601408237271083,18.624861324787787,5.843736618132186,11.4115438943797,2400.672
B0055,231,1.0453902697248563,4.205754690488186,2.4989003291461986,3.3844424778085065,0.00148484171966717,-1.98999253160494,-1.6551157920024593,15.137573162785118,6.247749132704212,10.810513729948518,2396.407
B0055,233,1.0001607736713514,4.207084563921945,2.489889091081545,3.396001919549735,0.001818040379714602,-1.9901197988107224,-1.6115078715312525,16.113386903826303,4.553234100913507,10.714176302518482,2392.375
B0055,237,1.0084094786878157,4.198111672339926,2.4987682908191466,3.4091500642055776,0.0030381689253116237,-1.9897475031713532,-1.5964976013167924,14.510272258578619,5.225750777207206,10.478734086554464,2373.687
B0055,239,1.003655158082039,4.203133911551857,2.4975933279193185,3.318069571504016,0.0058359026979377645,-1.9897262444197574,-1.724633006126093,18.79688115527297,5.149777395390148,11.577446477629389,2385.922
B0055,241,1.0285269676595319,4.206432255358412,2.495932540383024,3.3705488423522825,0.0019369491435675373,-1.9919373010273946,-1.6761541599227183,15.51511607516065,6.180586109765796,10.889278314878903,2345.0
B0055,243,0.9816844358987022,4.203481073295822,2.493973960448579,3.3580320611343826,0.0015022496896493647,-1.9911024104896387,-1.6566423606087433,17.410882869971065,4.230529685833689,11.125862267460422,2363.047000000006
B0055,245,1.0127121434171131,4.20306302939134,2.4945849403498523,3.3305932142592156,0.0025435201299524074,-1.9901681479381788,-1.7366403960823258,17.541633082707207,6.030631603343591,11.180258248103398,2316.687
B0055,249,1.0201379996149256,4.197674431245264,2.4970956728658367,3.345081227582777,0.003379120713201461,-1.9909302972480336,-1.7132159087232541,16.68412644043965,6.114851213625412,11.102809730123198,2322.0
B0055,251,0.9907591663373165,4.20280430699626,2.496842059818817,3.3411218242164646,0.00158467980649915,-1.9899104414591309,-1.6853564371512757,18.127312484256297,4.9486562512902355,11.412927585025809,2357.687
B0056,1,0.7852781208785192,3.8387228819147694,2.689656173110366,3.2954766160397124,0.00462355755384501,-1.998659884695217,-1.082554743304369,15.737541036017063,6.293379384392066,9.97935642991351,2660.313
B0056,5,1.3443555553017368,4.14918086948454,2.6867752955314015,3.278114932402385,0.007492651555555156,-1.9959503490046473,-1.7199163116216973,14.09017680302044,5.134434306769039,11.067443145348815,2826.0
B0056,7,1.317502710734752,4.17533419262966,2.698313212370538,3.3106158390566507,0.0027426893502046456,-1.996169566048845,-1.690515546033322,14.9073664521439,6.309523595846732,10.889462468094056,2818.578
B0056,9,1.2973654679476911,4.1774698147911185,2.692589583576849,3.3172843725733268,0.0042138769813703505,-1.9963377667707867,-1.7267083547233482,14.04619289990165,5.211287405874109,10.764459531712715,2713.812
B0056,11,1.263960414854898,4.177333358996554,2.6980823652266586,3.344030455029123,0.002802622353711036,-1.9969110305254822,-1.6420112923998627,14.458798502682042,6.178935155399547,10.655748964418308,2786.578
B0056,13,1.2589496187032136,4.178105672730461,2.699291592092144,3.336353669510842,0.0032332126433805056,-1.9971248669228028,-1.7046338232855287,13.79068771013097,5.39439129102979,10.604398240583924,2667.89
B0056,17,1.2806197690202599,4.169426750713255,2.6902918098264004,3.3009005971377725,0.0034146019954467703,-1.997374519568108,-1.8247670015083761,14.881216824496482,4.426819588312324,10.747618198190096,2530.172
B0056,19,1.2572786868607095,4.178499777464705,2.6937716432028966,3.3051103949821674,0.0059064642800569726,-1.9974455810197207,-1.8506548604930126,14.283153326557814,5.312147533516523,10.642275000961929,2446.062
B0056,21,1.2226260041048898,4.178690194193401,2.6912557599593363,3.367107139335169,0.0010713774774085663,-1.997549921598698,-1.6314150295742418,13.246258812265461,5.6515867328868215,10.449432487805073,2713.25
B0056,23,1.2292772249257495,4.178597106977031,2.6988155601873713,3.350670766767032,0.002705670324145628,-1.9978221218978043,-1.6616088416098966,14.784638313108044,5.220334657606481,10.535109718676143,2676.578
B0056,25,1.2275780135689456,4.179016949083667,2.698364593875605,3.316178080747263,0.0038419532959405828,-1.9994834284107947,-1.8455069420958794,13.967206000860527,5.570469230692195,10.596589405147554,2394.734
B0056,29,1.2133872888296768,4.170255325585353,2.690491235069901,3.3637533511944144,0.0031136212733109377,-1.9966769679348086,-1.6426461298564279,14.101837412639979,6.084434485536904,10.518875176620943,2673.0
B0056,31,1.230223614493081,4.1791853671260935,2.6953260271003012,3.3457364832275633,0.0034177533469387255,-1.9987446420077772,-1.6956317121625684,15.014735099158155,4.921795521823371,10.55326910161315,2619.578
B0056,33,1.1927530108462678,4.179445713445421,2.6910057831221796,3.373106355519255,0.0022451805638626404,-1.9966704026697317,-1.6346840292281264,13.814334631047263,6.116609695035815,10.414707663905276,2640.016
B0056,35,1.1867106635987799,4.1797547856645245,2.6980104623652483,3.3697897239570302,0.003265384293219798,-1.9977703823836157,-1.6381228999586526,14.167557089207039,6.316690675392846,10.394183210718758,2621.187
B0056,37,1.1914875140242167,4.179854576648961,2.6918100210263542,3.362330412062295,0.003058827895983811,-1.9965481247661316,-1.6445053548128659,14.498480751440637,6.052444172595308,10.441904510807989,2616.453
B0056,41,1.214178606017816,4.171853041375375,2.6994455277907243,3.3440747440292173,0.0037009288855311237,-1.9978026678137102,-1.7073520267726885,14.957470899011563,4.304297219399819,10.556505695788386,2565.109
B0056,43,1.2094387558721402,4.179639783717689,2.6974370448855804,3.344993026252808,0.0031589619453270775,-1.9976555316387106,-1.7217523886019717,15.001521036754518,5.2130809352754035,10.536326582207261,2532.531
B0056,45,1.207072299940321,4.180054992180052,2.687185471488668,3.350361911675404,0.004127489510337556,-1.9970386663902506,-1.704181930358103,14.338173356663557,5.597688862446929,10.495199596430949,2556.593
B0056,47,1.162961249391913,4.174069945070663,2.687470388534462,3.37818787285201,0.0015311077226198234,-1.9977714431306908,-1.6317327720996542,13.436612124692124,6.078427429770419,10.301909086360435,2577.891
B0056,49,1.17887968705904,4.180243969445706,2.699656546174108,3.3620625284471575,0.00312076972910479,-1.9978617916136059,-1.654732613269804,14.639269846531356,5.116793486932669,10.453998023862313,2572.36
B0056,53,1.2945104146044433,4.160878235645104,2.6854368250416094,3.346029829980996,0.0022851607635622087,-1.9980492124102964,-1.7304356189135515,13.577353530338334,5.8914322039769536,10.390292640584766,2697.75
B0056,57,1.2602567563003473,4.170401928183799,2.690427787524509,3.3654291392154736,0.003737113994385007,-1.9972356722093,-1.69638971406972,13.568274326866668,6.05311982524561,10.290310895798491,2683.406
B0056,59,1.2408721291565108,4.179668272690069,2.6939728433831345,3.3689721031647792,0.00326017540583509,-1.9980211141662234,-1.691874172061947,13.222923404873027,5.823430858098223,10.263087503889402,2646.156
B0056,61,1.252197340273113,4.179757059071528,2.6814059367851253,3.3465295769688743,0.006011420763952128,-1.9972921065349984,-1.7414082441068879,14.117236767649958,5.53869752832389,10.400005286038288,2593.531
B0056,63,1.2279025700477384,4.179381275805115,2.6953073659972815,3.352812339869088,0.0024761417614236657,-1.9976401134443396,-1.7007572591990598,14.72590749283402,3.424938930685151,10.409833153074386,2604.125
B0056,65,1.1917170308946994,4.179761909304835,2.6879523256297095,3.3743035968482755,0.0033035605274213033,-1.9963245471931028,-1.6642520477871068,13.782905674311685,6.350021063353402,10.249617197163523,2588.594
B0056,69,1.1858570240011006,4.1722589361250195,2.696650296000414,3.3764282291064944,0.002000661552491185,-1.9964370552261024,-1.661218424865919,13.53465268656202,6.212494977901734,10.237028804942252,2579.203
B0056,71,1.1840938286611427,4.180576245666881,2.6832104765994735,3.375019443182964,0.0022855211247853973,-1.9977877783000189,-1.6741395350666333,12.997563677985067,6.0965420969346615,10.198234922837491,2555.453
B0056,73,1.2059829135917657,4.180487517962948,2.6972876615572554,3.3500962120625943,0.003005807874759347,-1.9977122672890135,-1.7210677294448378,14.907548086849499,5.21139627291658,10.430944576015767,2525.609
B0056,75,1.165428493679393,4.18039553298969,2.683737907365728,3.379062729502439,0.00328579435797788,-1.9993057278946789,-1.660218253465555,13.20576446654183,6.255965125187059,10.139534423823738,2536.172
B0056,77,1.1790060613193858,4.180559366384886,2.69363443342256,3.3612064036489087,0.004119745725457791,-1.997237284045861,-1.6771366747493928,14.51158708545384,4.4365741892222275,10.308440154694576,2536.204
B0056,81,1.2013113747183153,4.172113004233132,2.6943722854819816,3.3463562838477823,0.0027730294767697185,-1.997516578108804,-1.7399898086415906,14.30233008977442,5.843254805327094,10.36840954285901,2488.86
B0056,83,1.165597803317432,4.1803733533670036,2.688897787724772,3.368266919681875,0.002741835798032498,-1.9971577867500607,-1.6716395639461556,14.15321706372225,5.851530999861755,10.204673365751807,2518.547
B0056,85,1.180303335055002,4.180733041897962,2.6882331708894665,3.3594964247247177,0.002720171710297806,-1.9983317324781575,-1.7116000565977858,13.855287867564956,5.91378656366684,10.315613775538878,2485.766
B0056,87,1.1658134189695046,4.180279081248084,2.6894590778726095,3.3615676241747825,0.004518606860273736,-1.9970287986633812,-1.6774896727466349,14.492855960891132,4.3836329327866945,10.276786926763112,2506.718
B0056,89,1.1763960515773761,4.180999495499183,2.6894641263415138,3.355757582090394,0.0023823699703963467,-1.9978411043695115,-1.7243823805848957,14.065463723343733,5.890742770262958,10.32641766409495,2459.297
B0056,93,1.1458325512940766,4.172470795694908,2.6842747820981163,3.377027547912211,0.001708317666861657,-1.996969373310469,-1.6629834811063648,13.412858944276625,6.294398176572229,10.173012177291527,2488.734
B0056,95,1.167557759980296,4.181062785086551,2.6890536637756743,3.357651728668808,0.004102243517915476,-1.9983414092740532,-1.689827294587583,14.606103880190119,3.4706366198583978,10.35991803443565,2491.375
B0056,97,1.145636654711916,4.181144967626914,2.697570405713833,3.3773583743313456,0.0016751730449656892,-1.9966505293094987,-1.6766143500201733,13.208123302069437,6.181852228029927,10.160882493726476,2467.328
B0056,99,1.1443667002824445,4.1812569980664405,2.6861014784430512,3.365617870156837,0.0014068645796714747,-1.9978856754777936,-1.6751510777905991,14.33986737197622,5.4282756124962095,10.194404833993097,2466.125
B0056,101,1.1605177686388095,4.1812189705553315,2.6984158813975863,3.356825640396486,0.004230727665957885,-1.9982856792977777,-1.7007993161787647,14.869194370874,5.462658317326679,10.45640074188921,2459.3129999999946
B0056,105,1.2272013042602479,4.162741220330822,2.6966170938157865,3.3493744607237104,0.003805828399631711,-1.997330304637193,-1.7280902642659892,14.255223899564948,6.346473966012052,10.313619268601707,2559.125
B0056,109,1.2454797202045476,4.171908005371084,2.6938401614375964,3.337826170095946,0.002153107022071395,-1.998225530162105,-1.7697668005317093,15.145967765545794,5.330043312887019,10.450923975542697,2534.156
B0056,111,1.1722288849037228,4.1801184107331695,2.694145271746648,3.379813223194436,0.0032148263578494797,-1.9969891662839134,-1.6776635778147013,13.36575567843813,6.34658464709465,10.066401247840554,2521.985
B0056,113,1.1953514999944956,4.180978585892375,2.6949310922042096,3.3529139626798687,0.004309671698146423,-1.9973637724789681,-1.7206408430840376,14.761564527480054,4.116504475200627,10.43749851062521,2503.172
B0056,115,1.1919514716203925,4.180622872978541,2.698968781686075,3.3506050479395064,0.0014162939162654454,-1.99808080514684,-1.7353946887212042,14.927522519928406,5.58901887421474,10.413907415221043,2474.344
B0056,117,1.2296223665252586,4.109379346813982,2.69347301500386,3.282678428854045,0.003967090750038093,-1.9983807330397183,-1.8819520327756425,15.38684146714604,5.665521103919391,10.513733364328893,2349.64
B0056,121,1.2774519419396988,4.169898025659996,2.6975073541494394,3.33124930750755,0.003111801736522392,-1.99817268738769,-1.7966492983038744,15.06186195706642,5.573068872747025,10.477654553290117,2560.688
B0056,123,1.2433879751668584,4.18030832398499,2.68847764541694,3.3452443163116463,0.0019168976886098721,-1.997470740297483,-1.7761136080338402,14.19417584217932,6.1258339997928415,10.317281833213249,2522.375
B0056,125,1.230802542912592,4.1803883737342336,2.695809647268888,3.341356791517586,0.0023496058284812097,-1.9980970694464455,-1.7812712509429693,14.670219241896355,5.9005666328317705,10.380685727786513,2488.719
B0056,127,1.2162358534094664,4.180539223969872,2.6988862295180773,3.3435875505910966,0.002604524251048801,-1.997256112978706,-1.770178297141129,14.756439650219583,5.903527281130212,10.36448134266215,2474.844
B0056,129,1.2088335726499548,4.180613197410378,2.6881817818985594,3.3430796751998537,0.0022368027077908914,-1.9977292149583488,-1.7603312590728741,15.074941469247383,5.8489381468345405,10.418606978035179,2473.875
B0056,133,1.1946181162240357,4.171995741541347,2.693866336049454,3.3475631632118508,0.003408454728853423,-1.9968867131079737,-1.725357477499951,14.772345213065618,4.845099517773972,10.467474839092922,2495.5
B0056,135,1.1734248134794991,4.1804813286233875,2.692863343941837,3.3573308617480517,0.0050053835732870745,-1.9974954691900964,-1.704918486361954,14.624267787138265,3.7289128574514243,10.24758606535621,2481.078
B0056,137,1.1404596305913128,4.181058054860729,2.6912645328393867,3.382778882292665,0.0021237016379272995,-1.9970688320372325,-1.6737250543608966,12.974017575008304,6.373094745752049,10.06027633089391,2460.125
B0056,139,1.1821716406845988,4.18149130108492,2.6880196285337377,3.3460645335108428,0.0028396049015322698,-1.9973808016244434,-1.7445639059237337,14.962343761280408,5.9342957335594395,10.46181981941412,2440.547
B0056,141,1.1480663382055174,4.180595098911064,2.6997902360046213,3.3641915924918147,0.004453955815376903,-1.9972649359124228,-1.6890678369808096,14.288936379622093,3.743950457401352,10.21776828052081,2449.922
B0056,145,1.1825381935034152,4.173047661044039,2.6973629105606647,3.340090097397974,0.0025138288953142672,-1.99737218946031,-1.7678866953516275,14.731654795183925,6.114072720010311,10.382854030148234,2408.781
B0056,147,1.1552092862846601,4.180864505746636,2.691300691707842,3.35648490646885,0.003503138394184616,-1.9971710052373428,-1.704950103976557,14.530184451529058,4.3307844113005975,10.344585715881983,2442.547
B0056,149,1.1216816712671696,4.181146414659693,2.689936372979849,3.3822432790887755,0.0011679771768980246,-1.9985618755593446,-1.6727370538477788,12.920963346782584,6.442077206808246,10.028217431506214,2420.671
B0056,151,1.162666262561457,4.181695073360697,2.6913240152919484,3.3475849268060007,0.00264165567867052,-1.9981998904229497,-1.7375416574771907,14.975497658516607,5.941505902318034,10.497532395250285,2409.906
B0056,153,1.124695615744926,4.180846468482689,2.686923064348457,3.368899621618762,0.0020681754728745635,-1.996923639616402,-1.6790843732728173,14.006665059857033,4.463108983552895,10.078456668334661,2416.672
B0056,157,1.1664177948797931,4.17358432175774,2.6874437664677444,3.340217809060051,0.004809081870485311,-1.9980323886030191,-1.7528301920007388,15.065495014920012,6.0438417076765605,10.437586290235986,2395.75
B0056,159,1.1346745156379465,4.181103233539769,2.699800435335948,3.3606706640426602,0.0032740801973608043,-1.998026842266808,-1.696361090547745,14.438517748547323,4.395353055146922,10.327680053270171,2410.688
B0056,161,1.1012231317092755,4.181672942091641,2.6979607095711318,3.384477709863685,0.0021371517886426402,-1.9970444217112648,-1.6547810696984198,13.194289211464435,5.467033052002404,9.931318938388468,2402.125
B0056,163,1.1560733948472832,4.181798435766776,2.6834783907862354,3.3408256322235093,0.004151596839191963,-1.9970743538086633,-1.7665140217971276,14.482501609291248,6.1840581710617695,10.341385046767083,2355.265
B0056,165,1.1385609898764002,4.181361272735532,2.6996190068902637,3.3541889238828593,0.002092852003481399,-1.9974408693161616,-1.7114334458397396,14.720749328790644,5.706523784496858,10.494744894336083,2396.719
B0056,169,1.1757265448773706,4.16432577440784,2.689809371052332,3.340961153961277,0.003644382669835134,-1.9965313509817573,-1.7341386416649764,14.529077890794348,4.307718499726119,10.206418347273608,2442.344
B0056,173,1.1969385632452556,4.172633979258993,2.688916524535636,3.3371235826921466,0.0034020074710463446,-1.9980007270295648,-1.76327611270095,15.244128605525713,5.891844878630556,10.592911474763564,2444.703
B0056,175,1.1267457988726266,4.180507540870247,2.698695743312111,3.376237517393404,0.0023369148883525415,-1.9963931274279254,-1.684432789415394,13.512900564234096,5.246700336751547,9.984423245892257,2412.25
B0056,177,1.1601031368559531,4.181900407397767,2.697889593175275,3.348647645780763,0.003982198012653288,-1.9973201800320188,-1.7382277088571685,14.862132323599853,5.874849632040624,10.532756069231716,2403.234
B0056,179,1.1361458729690275,4.181297616479253,2.6959933200185318,3.3622424767286905,0.0025962369202408423,-1.9964731697990847,-1.7328967687649997,13.378405270944848,6.410388406245794,10.144690849516095,2361.047
B0056,181,1.1397253894261876,4.181657232676167,2.6955474945092024,3.351293107048021,0.003762616671280899,-1.9984147436126416,-1.7156881587629869,14.806201026240293,5.384732504738278,10.418716582380117,2392.468
B0056,185,1.1560010024767575,4.172972784971319,2.699727848412594,3.3414098071318334,0.0023322700554823887,-1.997322036385649,-1.7530374056679272,15.144104218787898,6.101848075316235,10.532972017810645,2373.89
B0056,187,1.126818619026835,4.1813161057402795,2.695330424081241,3.35783559274309,0.00334779226087087,-1.9984597486368612,-1.702815564152015,14.39832488350013,4.084166515359861,10.294250246042282,2383.234
B0056,189,1.116688355680394,4.18166924078605,2.6854130230502054,3.36675593545663,0.002503704200398194,-1.9966874158615942,-1.7175512283850776,13.069857113335045,6.429628140459934,10.050387765399135,2342.453
B0056,191,1.1330613197666846,4.182044120407073,2.690400334997493,3.3487514550466417,0.0040630626732428244,-1.996813128658143,-1.7291690081472486,14.625776758086843,5.451623395786474,10.472005861254317,2359.296
B0056,193,1.0893839897995972,4.1815714469098,2.6887925590382147,3.3810092385566413,0.002560199583590897,-1.996118783382572,-1.6749388332386832,12.585237711150564,6.11049109042055,9.909401931448466,2345.453
B0056,197,1.1120836459259367,4.174449328074176,2.6988640537115023,3.3564306318997588,0.002608922279820595,-1.9966626412426898,-1.6967956767696222,14.409091639662265,3.4788322528195716,10.24276059598256,2360.172
B0056,199,1.1279950254648337,4.181914870814706,2.680924614006194,3.3508758903963662,0.00379564458548321,-1.9961541065626969,-1.753415191734097,13.639615611059915,6.434721330714935,10.216290881964335,2315.407
B0056,201,1.1386774565024178,4.181346159150703,2.689418119708915,3.338909543714827,0.00418200341485172,-1.996805159927613,-1.764019308767849,14.880692487289394,6.134456958282581,10.357968672788793,2322.156
B0056,203,1.1271136962200643,4.181554177966883,2.6980519577561664,3.346321199511455,0.0029903163385119596,-1.9972871538382806,-1.743062159577205,14.94384328293818,6.005594338757506,10.4126408516178,2327.1570000000065
B0056,205,1.1101508869653747,4.181615967935099,2.690667005796631,3.3538216131821788,0.003119233572589619,-1.9961673384143372,-1.7115530017171725,14.509690908147519,5.030235174367,10.355563284677743,2335.0
B0056,209,1.1344632260422465,4.173516161117117,2.690672584400043,3.339346853440726,0.0023584820069415644,-1.9977234858011128,-1.7522810293736757,15.062267575750978,6.089161695473585,10.41665753464741,2329.375
B0056,211,1.108458756302863,4.181332312389274,2.6895747540556276,3.3536514376808864,0.002140403483466704,-1.9961257474747869,-1.710215261310459,14.468947045350122,4.585621214546927,10.301294534772044,2333.875
B0056,213,1.0768220870214844,4.181999698138027,2.6850453196446673,3.38120127228625,0.0036343746368092777,-1.9962061010235705,-1.6752482242752484,12.508239840028546,6.429515302198803,9.91165771895873,2317.453
B0056,215,1.128398212919817,4.182136607973574,2.68848533115398,3.3368543585349384,0.003862086414045893,-1.9970699490401762,-1.7684173466123287,14.887028438704053,6.296641349264367,10.349022787330426,2295.109
B0056,217,1.1066350346531368,4.18160323028519,2.695941959305812,3.3522604662249167,0.002565747184077122,-1.9963789398934428,-1.7117088970464227,14.643769942307397,5.538086495831655,10.403963430415772,2326.657
B0056,221,1.271609072217319,4.160391647622785,2.6936113374580533,3.3018532294003613,0.00328173182579884,-1.996869636138654,-1.8436644323324185,15.536147821768504,5.589404852949979,10.672589964446292,2479.297
B0056,225,1.2415767175377967,4.171177372817309,2.6975058053441106,3.3271853602584223,0.0016095782865167322,-1.9961823426458583,-1.812029971968896,14.710321906861783,6.1485646534721585,10.38887188704922,2463.578
B0056,227,1.174652904422814,4.179908499745383,2.6996810856937454,3.357838197685972,0.0036524763126088177,-1.9964302092493789,-1.7201885508327548,14.282705134297458,4.640489034391772,10.084749408390376,2458.812
B0056,229,1.1989389885187762,4.1812209027547125,2.6932891744671807,3.3341676075284923,0.002788806490179839,-1.9977799006968677,-1.7962378329894884,14.735427526864724,6.218879927153501,10.365887906876877,2400.672
B0056,231,1.1461398965188563,4.180715020333036,2.680335373836448,3.3656652776557863,0.002119394116944386,-1.9975262926757336,-1.7222270467266643,12.986214565204863,6.178865544940476,10.019608551209917,2396.407
B0056,233,1.129224378671885,4.181433629004157,2.695500756668203,3.365125158092583,0.0021600123104716196,-1.9976460055724077,-1.6995424040803295,14.020906563644125,4.377429194705951,10.060030313914345,2392.375
B0056,237,1.1103432888019913,4.173658812188033,2.6916361141573137,3.3750175764348014,0.0015880325830457864,-1.9965283091685107,-1.6857958238112818,13.158594712143497,5.017513490360806,9.894806886286887,2373.687
B0056,239,1.153909472897475,4.1820632868427365,2.6977127849492053,3.344781159371398,0.002783530386806481,-1.997780645919671,-1.7402948082227618,14.942021026324584,5.572372622031885,10.535153782453834,2385.922
B0056,241,1.1302191455340138,4.18182200740338,2.687276744661873,3.3605010057610825,0.0037933599919961363,-1.99655615549846,-1.7346003290908105,13.316711053744784,6.4855111247248995,10.116013026114192,2345.0
B0056,243,1.1258719408034097,4.1819501512020345,2.6980124491519586,3.3538264483941607,0.0038585927044938136,-1.9963875537113744,-1.7146209406772344,14.612810892917661,4.439395603649657,10.332244370257053,2363.047000000006
B0056,245,1.1430108283920968,4.181791330814548,2.6927360739353285,3.341678704653779,0.003194009163889744,-1.9966683821433666,-1.774352624864773,14.205466297575018,6.342042334381916,10.278021353580035,2316.687
B0056,249,1.1372731775310292,4.173014294511639,2.6899104032044447,3.3456418542105237,0.002816327829988007,-1.9964442856948763,-1.7619972814702227,13.862516639323271,6.423916307174514,10.263503141787313,2322.0
B0056,251,1.1290590137779504,4.181882887350109,2.6950189281281465,3.3496423795442105,0.0030133855931726477,-1.9969949900194384,-1.7226331709023301,14.899199505524647,5.330925832926126,10.452748281670244,2357.687
